File Name,Formation,Member,Onset (s),Slope (dB/s),R^2,Drop Time (s),C2 (dB),Spectral Centroid (Hz),Spectral Bandwidth (Hz),Peak Frequency (Hz),Rolloff 85% (Hz),Low Power 1-10 kHz,High Power 10-30 kHz,High/Low Ratio,High Frequency Fraction,Total FFT Power,Recovery Method,Flagged,Sample Rate (Hz),Peak Time (s),Peak-Onset Lag (ms),Pass2 Expected Time (s),Region,Dataset Source,Processing Version
scam_0037_0670224261_699_ca0_scam01037_hedgehog_____________01p01.wav,Maaz,Nataani,0.07044,-2074.302191,0.9362933247,0.003856718675,12.18174618,10066.14647,11260.0387,4900.0,11600.0,12026252039.0,1423512951.0,0.118367131,0.037269736,38194876165.0,,,,,,,Crater Floor,Crater Floor,
scam_0037_0670224376_725_ca0_scam01037_hedgehog_____________02p01.wav,Maaz,Nataani,0.07063,-413.1738255,0.6595473544,0.01936231074,11.84166005,10566.09981,11546.29962,7100.0,13600.0,17866828327.0,2884274630.0,0.1614318209,0.09009218438,32014704161.0,very wide soft,,,,,,Crater Floor,Crater Floor,
scam_0051_0671472287_263_ca0_scam04051_tselhbahih___________01p01.wav,Maaz,Nataani,0.07015,-1285.051556,0.8676399853,0.006225431159,11.98192441,7981.686832,8823.743572,4200.0,10400.0,29475760349.0,4561196522.0,0.1547439818,0.04100742803,111228544206.0,,,,,,,Crater Floor,Crater Floor,
scam_0051_0671472426_181_ca0_scam04051_tselhbahih___________02p01.wav,Maaz,Nataani,0.07017,-5037.960485,0.9429603698,0.001587944174,16.83870868,10981.15441,11915.54461,5300.0,17200.0,17303271476.0,3576139290.0,0.2066741711,0.1386458087,25793345815.0,,,,,,,Crater Floor,Crater Floor,
scam_0071_0673238205_695_ca0_scam05071_hadahastsaa__________02p01.wav,Maaz,Nataani,0.07146,-1765.439119,0.9066721309,0.004531450512,11.806206,9914.760509,10870.2849,4500.0,18500.0,29675484254.0,4930997999.0,0.1661640281,0.1172035874,42072073954.0,Original,,,,,,Crater Floor,Crater Floor,
scam_0078_0673870312_124_ca0_scam02078_nataani_depth________01p01.wav,Maaz,Nataani,0.06932,-3815.886127,0.891685474,0.00209649862,14.41428199,6719.986871,7319.706951,4000.0,9200.0,26327123149.0,2040803131.0,0.07751713392,0.03479905527,58645360196.0,,,,,,,Crater Floor,Crater Floor,
scam_0078_0673870408_155_ca0_scam02078_nataani_depth________02p01.wav,Maaz,Nataani,0.06935,-2872.9369,0.9416550334,0.00278460693,12.24648587,8347.228718,8979.848653,4200.0,9600.0,26737953237.0,2230057964.0,0.08340421365,0.0660001149,33788698211.0,,,,,,,Crater Floor,Crater Floor,
scam_0083_0674316850_990_ca0_scam05083_nataani_depth_2______01p01.wav,Maaz,Nataani,0.06924,-935.347224,0.848894335,0.008552973479,12.08757058,7691.455185,8003.934407,4100.0,9500.0,25657386527.0,2488818801.0,0.09700203872,0.07315605922,34020678914.0,,,,,,,Crater Floor,Crater Floor,
scam_0083_0674316946_966_ca0_scam05083_nataani_depth_2______02p01.wav,Maaz,Nataani,0.0694,-2729.501767,0.8471593934,0.002930937835,14.71526031,9157.611653,10684.52223,4100.0,11000.0,19287489780.0,2307261542.0,0.1196247707,0.07788592172,29623601941.0,,,,,,,Crater Floor,Crater Floor,
scam_0086_0674571834_655_ca0_scam04086_hoolhnili____________01p01.wav,Maaz,Nataani,0.07709,-3019.386321,0.8166068929,0.002649545023,13.90363622,6926.429106,6124.198056,6100.0,8800.0,16634795652.0,1665345090.0,0.1001121459,0.07168303354,23232067726.0,,,,,,,Crater Floor,Crater Floor,
scam_0086_0674571983_686_ca0_scam04086_hoolhnili____________02p01.wav,Maaz,Nataani,0.07711,-4541.530754,0.6374827983,0.001761520605,15.20941407,6924.352478,7478.239325,1000.0,9700.0,17742174934.0,2383142109.0,0.1343207424,0.02560709531,93065694513.0,,,,,,,Crater Floor,Crater Floor,
scam_0086_0674573110_959_ca0_scam05086_naatsiilid___________01p01.wav,Maaz,Nataani,0.07442,-5586.655078,0.7556382932,0.001431983877,16.78273492,6280.649742,5069.35891,5200.0,8300.0,24228190761.0,1752431039.0,0.0723302477,0.04145380269,42274313221.0,,,,,,,Crater Floor,Crater Floor,
scam_0086_0674573256_865_ca0_scam05086_naatsiilid___________02p01.wav,Maaz,Nataani,0.07446,-637.2660834,0.4619361667,0.01255362588,6.573052167,4753.896678,3645.938263,1000.0,6500.0,60268465737.0,1111880929.0,0.01844880097,0.004882492403,227728143276.0,Original,,,,,,Crater Floor,Crater Floor,
scam_0087_0674660453_555_ca0_scam01087_hastah_tsaadah_______01p01.wav,Maaz,Nataani,0.07004,-2779.47471,0.9153417616,0.002878241695,7.456760179,8569.348632,7334.611764,4300.0,10000.0,39493222432.0,5541908710.0,0.1403255639,0.08741321741,63398978709.0,,,,,,,Crater Floor,Crater Floor,
scam_0087_0674660597_663_ca0_scam01087_hastah_tsaadah_______02p01.wav,Maaz,Nataani,0.06985,-1219.780985,0.7170763042,0.006558554442,7.311374951,8461.389437,7474.92415,4200.0,9800.0,112755751675.0,13065218887.0,0.1158718619,0.08255737686,158256225957.0,,,,,,,Crater Floor,Crater Floor,
scam_0088_0674752882_228_ca0_scam01088_tsostid_tsaadah______01p01.wav,Maaz,Nataani,0.07011,-4031.196338,0.7616094839,0.001984522541,17.05740549,7543.580133,5319.651128,5300.0,10400.0,47737543235.0,10080637567.0,0.211167917,0.1594602292,63217252452.0,wider 3 sigma,,,,,,Crater Floor,Crater Floor,
scam_0088_0674753028_122_ca0_scam01088_tsostid_tsaadah______02p01.wav,Maaz,Nataani,0.06997,-1081.782926,0.6152312194,0.007395198989,11.32567624,7203.816395,5995.922749,5400.0,9300.0,109435929995.0,9289045079.0,0.08488112707,0.05063754003,183441870856.0,,,,,,,Crater Floor,Crater Floor,
scam_0089_0674854133_584_ca0_scam01089_taa-ihaaih___________02p01.wav,Maaz,Nataani,0.07436,-1364.31381,0.8263931135,0.005863753588,12.01022966,5601.875964,2189.34928,4500.0,7400.0,227685563445.0,6626412234.0,0.0291033482,0.02597407795,255116360516.0,,,,,,,Crater Floor,Crater Floor,
scam_0094_0675281444_789_ca0_scam02094_neeznaa_2____________01p01.wav,Maaz,Nataani,0.07077,-3816.556487,0.9864948198,0.00209613038,14.37549409,9477.281948,9607.62371,5900.0,11300.0,36297233879.0,4528454224.0,0.124760312,0.06751122874,67077052336.0,,,,,,,Crater Floor,Crater Floor,
scam_0094_0675281589_795_ca0_scam02094_neeznaa_2____________02p01.wav,Maaz,Nataani,0.07059,-4161.557711,0.9776374134,0.001922357097,12.71745687,7911.44607,7552.296205,5000.0,9400.0,45857168495.0,4902390549.0,0.1069056531,0.09011281554,54402811850.0,,,,,,,Crater Floor,Crater Floor,
scam_0095_0675396050_573_ca0_scam01095_ashdla_______________01p01.wav,Maaz,Nataani,0.07149,-5790.672102,0.9270691622,0.001381532205,14.65492288,7615.771491,6589.980169,4300.0,9800.0,67176269500.0,9081657865.0,0.1351914587,0.09247488562,98206748832.0,,,,,,,Crater Floor,Crater Floor,
scam_0095_0675396241_617_ca0_scam01095_ashdla_______________02p01.wav,Maaz,Nataani,0.07152,-7402.253606,0.9286420785,0.001080751947,16.41883943,9039.259965,9211.373179,4300.0,10200.0,52033539858.0,9299700164.0,0.1787251106,0.1214840628,76550783255.0,,,,,,,Crater Floor,Crater Floor,
scam_0098_0675643472_605_ca0_scam01098_ashdla_2_____________01p01.wav,Maaz,Nataani,0.07117,-386.7453971,0.7174508354,0.02068544334,9.949667862,8151.989471,7572.239202,7700.0,9600.0,31262128173.0,3698587107.0,0.1183088716,0.06634720767,55745934712.0,,,,,,,Crater Floor,Crater Floor,
scam_0098_0675643518_573_ca0_scam01098_ashdla_2_____________02p01.wav,Maaz,Nataani,0.07102,-4486.61782,0.968361032,0.001783080334,14.02769555,10024.57258,11414.04088,4300.0,12500.0,37744685011.0,4347689724.0,0.1151868064,0.06911389337,62906161300.0,,,,,,,Crater Floor,Crater Floor,
scam_0104_0676170689_569_ca0_scam05104_ad_ees_eez___________02p01.wav,Maaz,Nataani,0.07696,-1743.415609,0.908605874,0.004588693572,-0.4851438001,6828.489947,6031.620146,6700.0,8800.0,2517828735.0,276700160.0,0.1098963389,0.002414332736,114607301603.0,,,,,,,Crater Floor,Crater Floor,
scam_0107_0676443598_669_ca0_scam02107_ad_ilidi_____________01p01.wav,Maaz,Nataani,0.07083,-2318.129453,0.8949420468,0.003451058348,4.284353582,10338.57312,10830.7446,6400.0,16800.0,10948251075.0,1784439619.0,0.1629885547,0.04361494312,40913491837.0,,,,,,,Crater Floor,Crater Floor,
scam_0107_0676443644_665_ca0_scam02107_ad_ilidi_____________02p01.wav,Maaz,Nataani,0.07067,-3366.973171,0.9334652118,0.002376021309,13.33335535,9227.898626,9366.831455,5900.0,10800.0,12978750165.0,1663894681.0,0.128201457,0.07273860168,22874988556.0,wider 3 sigma,,,,,,Crater Floor,Crater Floor,
scam_0108_0676523575_279_ca0_scam01108_jih__________________01p01.wav,Maaz,Nataani,0.08247,-5008.779198,0.947788468,0.001597195581,4.358348599,10185.83947,10557.60079,4100.0,18800.0,8845278867.0,2099841184.0,0.2373968323,0.04031428166,52086781589.0,wider 3 sigma,,,,,,Crater Floor,Crater Floor,
scam_0108_0676523622_180_ca0_scam01108_jih__________________02p01.wav,Maaz,Nataani,0.08256,-489.9000194,0.7067750245,0.01632986259,7.633271525,8925.026421,10777.80228,1900.0,15300.0,24435107411.0,4238094226.0,0.1734428318,0.02010391626,210809385114.0,wider 3p5 sigma,,,,,,Crater Floor,Crater Floor,
scam_0109_0676611485_649_ca0_scam01109_haa_ii_aah___________01p01.wav,Maaz,Cha'al,0.07529,-785.0205844,0.9584794996,0.01019081558,9.825087231,7478.663256,6087.70743,4900.0,9100.0,5651756965.0,548414352.6,0.09703431269,0.07961167511,6888617176.0,,,,,,,Crater Floor,Crater Floor,
scam_0109_0676611633_623_ca0_scam01109_haa_ii_aah___________02p01.wav,Maaz,Cha'al,0.07524,-8535.201453,0.6405987057,0.0009372948071,17.8101729,7159.326332,5818.691271,6500.0,8700.0,9565344845.0,745640424.0,0.07795227836,0.06705029493,11120613634.0,,,,,,,Crater Floor,Crater Floor,
scam_0109_0676613675_828_ca0_scam02109_ba_ol_tai____________01p01.wav,Maaz,Cha'al,0.07173,-2116.539082,0.8266277071,0.003779755389,13.16362871,11272.97669,11420.05812,5600.0,25100.0,18022208749.0,3336312350.0,0.1851222786,0.1256362478,26555332618.0,,,,,,,Crater Floor,Crater Floor,
scam_0109_0676613823_852_ca0_scam02109_ba_ol_tai____________02p01.wav,Maaz,Cha'al,0.07168,-9813.978658,0.9768379707,0.0008151637861,16.99524864,8844.750331,8509.99943,6700.0,9900.0,31960073772.0,3420756709.0,0.1070321906,0.08869714176,38566707349.0,,,,,,,Crater Floor,Crater Floor,
scam_0110_0676702998_588_ca0_scam03110_naakih_tsaadah_______01p01.wav,Maaz,Cha'al,0.0814,-320.0472817,0.6051354979,0.02499630667,8.996149308,9973.016743,9461.275554,6000.0,17400.0,15053961811.0,4753480232.0,0.3157627402,0.1101826146,43141835465.0,very wide soft,,,,,,Crater Floor,Crater Floor,
scam_0112_0676881366_146_ca0_scam02112_tseebii______________01p01.wav,Maaz,Cha'al,0.07165,-2611.240495,0.9060837096,0.003063677978,13.47902223,6464.67898,3079.225767,6600.0,8400.0,58008815564.0,5395624199.0,0.09301386603,0.05988362318,90101832731.0,Original,,,,,,Crater Floor,Crater Floor,
scam_0112_0676881514_104_ca0_scam02112_tseebii______________02p01.wav,Maaz,Cha'al,0.07155,-1207.49283,0.7449097223,0.006625298141,12.89296954,5310.904586,3496.469044,6000.0,7500.0,55948225343.0,1964290169.0,0.03510907016,0.01538136636,127705830759.0,Original,,,,,,Crater Floor,Crater Floor,
scam_0112_0676883855_357_ca0_scam04112_da_deest_lin_________01p01.wav,Maaz,Rochette,0.06939,-2452.323619,0.8956469898,0.003262212188,14.79032486,6455.474751,5569.626481,3900.0,9000.0,41303004370.0,3080099706.0,0.07457326054,0.06118984227,50336781262.0,,,,,,,Crater Floor,Crater Floor,
scam_0112_0676884005_337_ca0_scam04112_da_deest_lin_________02p01.wav,Maaz,Rochette,0.06929,-1993.259165,0.7658691799,0.004013527262,13.30349775,6606.227847,5565.342735,5500.0,8600.0,30009028675.0,1749593126.0,0.05830222448,0.05347765587,32716339146.0,,,,,,,Crater Floor,Crater Floor,
scam_0127_0678209085_589_ca0_scam01127_kad__________________01p01.wav,Maaz,Nataani,0.0782,-5876.048094,0.7642724279,0.001361459245,15.87658019,7307.760545,7352.45807,6700.0,8700.0,16868444286.0,1639234296.0,0.09717756233,0.05691642131,28800726716.0,wider 3 sigma,,,,,,Crater Floor,Crater Floor,
scam_0127_0678209236_599_ca0_scam01127_kad__________________02p01.wav,Maaz,Nataani,0.0749,-1169.053518,0.8893885558,0.006843142657,-5.808387076,6266.397438,3751.663648,4200.0,9300.0,581012366294.0,79195939850.0,0.1363068059,0.05256451814,1506642553909.0,,,,,,,Crater Floor,Crater Floor,
scam_0130_0678474080_623_ca0_scam01130_raton________________01p01.wav,Maaz,Rochette,0.07419,-2874.00094,0.9049885537,0.002783575986,3.708788749,4950.069775,6262.119914,1000.0,8100.0,31454320500.0,2425814839.0,0.07712183255,0.003122277244,776937680143.0,,,,,,,Crater Floor,Crater Floor,
scam_0130_0678474243_649_ca0_scam01130_raton________________02p01.wav,Maaz,Rochette,0.07412,-6046.567161,0.9511201255,0.001323064772,17.39331064,6418.539587,6077.022097,4600.0,8100.0,11506116932.0,980533426.5,0.08521844792,0.05318835649,18435114211.0,,,,,,,Crater Floor,Crater Floor,
scam_0131_0678564491_671_ca0_scam04131_cheval_blanc_________01p01.wav,Maaz,Nataani,0.07911,-1206.731776,0.8700984829,0.006629476539,4.555248573,6780.460759,7215.135414,5000.0,9000.0,23537085884.0,2468077070.0,0.1048590757,0.0181998604,135609670418.0,wider 3p5 sigma,,,,,,Crater Floor,Crater Floor,
scam_0133_0678742642_430_ca0_scam04133_pierrefeu____________01p01.wav,Maaz,Cha'al,0.07146,-8428.048718,0.9689368151,0.0009492114091,15.50988051,11078.99772,11396.28411,7700.0,15600.0,15903306021.0,1961953085.0,0.1233676245,0.08228418046,23843624302.0,Original,,,,,,Crater Floor,Crater Floor,
scam_0133_0678742847_415_ca0_scam04133_pierrefeu____________02p01.wav,Maaz,Cha'al,0.07151,-6666.385772,0.8952466631,0.001200050563,15.06103386,9920.928404,10362.7023,5700.0,11900.0,14873398661.0,2158330120.0,0.1451134451,0.110615137,19512068405.0,wider 3 sigma,,,,,,Crater Floor,Crater Floor,
scam_0145_0679808185_665_ca0_scam01145_mont_brune___________01p01.wav,Maaz,Roubion,0.07337,-3198.208716,0.8854567288,0.002501400225,13.35528731,6436.055318,5296.866381,4200.0,8200.0,44114023014.0,3496052454.0,0.07925036564,0.06074785906,57550216710.0,,,,,,,Crater Floor,Crater Floor,
scam_0145_0679808360_602_ca0_scam01145_mont_brune___________02p01.wav,Maaz,Roubion,0.07324,-3882.33818,0.8519506293,0.002060613896,13.20207038,6355.765361,3753.312741,4300.0,9200.0,31139882940.0,3972540726.0,0.1275708304,0.1080731462,36757889131.0,,,,,,,Crater Floor,Crater Floor,
scam_0145_0679810656_933_ca0_scam02145_croix________________01p01.wav,Maaz,Roubion,0.07385,-3957.831569,0.9569697712,0.002021308856,14.43029939,7686.211282,5440.743827,7500.0,9900.0,28064728983.0,4341366542.0,0.1546911978,0.07128446861,60901997674.0,,,,,,,Crater Floor,Crater Floor,
scam_0145_0679810838_055_ca0_scam02145_croix________________02p01.wav,Maaz,Roubion,0.07397,-251.3690892,0.5585572937,0.03182571105,9.295305167,7578.249407,6761.418465,5100.0,9200.0,5976346928.0,723567095.3,0.1210718026,0.07807267001,9267866658.0,,,,,,,Crater Floor,Crater Floor,
scam_0147_0679984877_591_ca0_scam04147_pepin________________02p01.wav,Maaz,Rochette,0.06916,-628.1034851,0.8679835084,0.01273675468,7.255430313,8816.798598,7980.486615,2100.0,14000.0,12933694424.0,5663688438.0,0.4379018285,0.06846314763,82726088902.0,,,,,,,Crater Floor,Crater Floor,
scam_0148_0680099816_961_ca0_scam07148_gironde______________01p01.wav,Maaz,Roubion,0.06999,-1009.096195,0.9070050879,0.007927886396,9.381380309,6716.136677,6170.748795,5500.0,9100.0,101127811989.0,7531843117.0,0.07447845423,0.02415701004,311787059090.0,,,,,,,Crater Floor,Crater Floor,
scam_0151_0680342162_854_ca0_scam01151_charamel_____________01p01.wav,Maaz,Roubion,0.07535,-1180.886179,0.8527282378,0.006774573319,13.00843065,7188.039816,5690.034613,4600.0,8700.0,28781959644.0,2174411075.0,0.07554770774,0.04011597106,54203127038.0,,,,,,,Crater Floor,Crater Floor,
scam_0151_0680342349_851_ca0_scam01151_charamel_____________02p01.wav,Maaz,Roubion,0.07527,-8975.706448,0.9467226971,0.0008912947461,-2.557406342,7180.489354,6920.790226,7200.0,9400.0,11845522114.0,1562504652.0,0.1319067777,0.004089175518,382107504281.0,Original,,,,,,Crater Floor,Crater Floor,
scam_0159_0681050219_854_ca0_scam01159_castillon____________01p01.wav,Maaz,Roubion,0.07274,-1490.92317,0.9460044342,0.005365802989,2.169549696,7388.6743,6361.43404,6600.0,10300.0,10093418406.0,1625618132.0,0.1610572421,0.02749544267,59123184573.0,Original,,,,,,Crater Floor,Crater Floor,
scam_0159_0681050437_858_ca0_scam01159_castillon____________02p01.wav,Maaz,Roubion,0.07266,-2917.440933,0.8582550339,0.00274212921,15.09112313,6077.016566,4396.750178,3900.0,8200.0,25230648474.0,1829504146.0,0.0725111821,0.056815246,32200936802.0,Original,,,,,,Crater Floor,Crater Floor,
scam_0159_0681062010_914_ca0_scam04159_grand_coyer__________01p01.wav,Maaz,Roubion,0.07301,-1817.525969,0.824604827,0.004401587727,13.46160303,6494.38486,5432.624107,4400.0,9100.0,22693082345.0,2465721066.0,0.1086551853,0.08182859182,30132756921.0,,,,,,,Crater Floor,Crater Floor,
scam_0159_0681062056_835_ca0_scam04159_grand_coyer__________02p01.wav,Maaz,Roubion,0.07299,-4090.253449,0.8292614602,0.001955869019,14.97006099,6985.862871,5213.522076,5400.0,9400.0,39177847793.0,3229528409.0,0.08243251202,0.06548354311,49318168444.0,Original,,,,,,Crater Floor,Crater Floor,
scam_0170_0682026146_745_ca0_scam01170_lattes_______________01p01.wav,Maaz,Artuby,0.07588,-4599.896383,0.9534801984,0.00173916961,15.86961935,6568.300516,5265.137567,6400.0,8400.0,22922832088.0,1554612330.0,0.06781938305,0.0375862729,41361172844.0,,,,,,,Crater Floor,Crater Floor,
scam_0173_0682295089_319_ca0_scam06173_entrevaux____________01p01.wav,Maaz,Artuby,0.07769,-19825.6949,0.9028732607,0.0004035167514,21.05489641,9102.767833,9539.339391,1500.0,13900.0,8894108238.0,1857149488.0,0.208806711,0.1457313319,12743652753.0,,,,,,,Crater Floor,Crater Floor,
scam_0173_0682295238_325_ca0_scam06173_entrevaux____________02p01.wav,Maaz,Artuby,0.07779,-1009.339341,0.9700376419,0.007925976602,10.13090661,8244.606775,8717.142201,2800.0,13900.0,16257605795.0,3261355367.0,0.2006048989,0.1481071155,22020247686.0,,,,,,,Crater Floor,Crater Floor,
scam_0181_0683003019_899_ca0_scam01181_manior_______________01p01.wav,Maaz,Rochette,0.06937,-1525.073456,0.9337294771,0.005245648968,11.62382733,8280.108132,8411.394176,4700.0,9900.0,25678262530.0,3008422383.0,0.1171583311,0.02715860955,110772327189.0,,,,,,,Crater Floor,Crater Floor,
scam_0181_0683003225_821_ca0_scam01181_manior_______________02p01.wav,Maaz,Rochette,0.06965,-10367.26232,0.9753651614,0.0007716598416,-7.932844555,7749.903019,6814.019777,6500.0,9200.0,3962204368.0,346720510.0,0.08750697284,0.0001440119835,2407580964063.0,wider 3 sigma,,,,,,Crater Floor,Crater Floor,
scam_0181_0683005716_916_ca0_scam02181_grandes_tours_du_lac_01p01.wav,Maaz,Rochette,0.07188,-5338.194148,0.9297355217,0.001498634141,14.42030411,5552.409087,3654.148138,4500.0,7700.0,28861221980.0,1031770804.0,0.03574938041,0.03095784549,33328249672.0,,,,,,,Crater Floor,Crater Floor,
scam_0181_0683005884_912_ca0_scam02181_grandes_tours_du_lac_02p01.wav,Maaz,Rochette,0.07179,-9733.615132,0.9413272115,0.0008218940128,15.70484233,5839.047781,3623.573635,5000.0,7800.0,23843714058.0,903639444.8,0.03789843489,0.03340649961,27049809327.0,,,,,,,Crater Floor,Crater Floor,
scam_0182_0683091492_713_ca0_scam01182_lance________________01p01.wav,Maaz,Rochette,0.07064,-1717.585176,0.9801873894,0.004657702053,7.194371109,8620.164009,11358.52181,4900.0,10400.0,58518651822.0,5256350833.0,0.08982351215,0.03651895496,143934864483.0,,,,,,,Crater Floor,Crater Floor,
scam_0182_0683091689_749_ca0_scam01182_lance________________02p01.wav,Maaz,Rochette,0.07063,-2909.009188,0.9794693105,0.002750077254,11.67127402,10860.3862,12810.438,4600.0,23500.0,34138477346.0,3548052840.0,0.1039311977,0.06658915327,53282744490.0,,,,,,,Crater Floor,Crater Floor,
scam_0182_0683094296_931_ca0_scam02182_estoublon____________01p01.wav,Maaz,Rochette,0.06929,-1821.043834,0.9650707652,0.004393084806,11.07319589,7582.354458,7128.551161,4400.0,9100.0,32213193712.0,2319932829.0,0.07201809451,0.0579405707,40039868454.0,,,,,,,Crater Floor,Crater Floor,
scam_0182_0683094463_811_ca0_scam02182_estoublon____________02p01.wav,Maaz,Rochette,0.06924,-3848.872403,0.9281823639,0.002078530843,13.72071849,6374.991156,5761.192751,3500.0,8600.0,58811292847.0,5467556272.0,0.09296779594,0.07955189724,68729426473.0,,,,,,,Crater Floor,Crater Floor,
scam_0184_0683272842_931_ca0_scam03184_sauze________________01p01.wav,Maaz,Rochette,0.07535,-1074.292766,0.9691279213,0.007446759627,6.607220079,11355.51571,10869.26303,3200.0,21100.0,20766365196.0,10691248352.0,0.5148348423,0.1883146069,56773335469.0,,,,,,,Crater Floor,Crater Floor,
scam_0191_0683896643_201_ca0_scam02191_digne_les_bains______01p01.wav,Maaz,Rochette,0.0712,-3925.284194,0.8487697673,0.002038068992,14.91318516,7121.770966,7249.492543,7000.0,8500.0,34347731366.0,2242343271.0,0.06528359172,0.05695918121,39367547485.0,,,,,,,Crater Floor,Crater Floor,
scam_0191_0683896809_183_ca0_scam02191_digne_les_bains______02p01.wav,Maaz,Rochette,0.07131,-1286.731595,0.9776825747,0.006217302842,8.725920865,9274.188962,10586.43821,4500.0,10600.0,30264472328.0,3018438556.0,0.09973537696,0.02946179875,102452622866.0,,,,,,,Crater Floor,Crater Floor,
scam_0193_0684066469_854_ca0_scam01193_pont_________________01p01.wav,Maaz,Rochette,0.07405,-7060.102772,0.9533439272,0.001133127981,17.13304868,6127.492375,4682.160444,4800.0,8300.0,11130380759.0,722774066.8,0.06493704775,0.04002971122,18055940068.0,wider 3p5 sigma,,,,,,Crater Floor,Crater Floor,
scam_0193_0684066674_865_ca0_scam01193_pont_________________02p01.wav,Maaz,Rochette,0.07398,-486.8534635,0.7228633461,0.01643204907,12.64825181,6069.344163,4283.870577,3900.0,7800.0,11010704383.0,613376419.4,0.05570728249,0.047737896,12848836477.0,,,,,,,Crater Floor,Crater Floor,
scam_0193_0684074012_525_ca0_scam04193_souche_______________01p01.wav,Maaz,Rochette,0.07289,-3387.371505,0.9320572659,0.002361713201,14.49974555,6151.018034,3351.490994,5200.0,7700.0,39175241476.0,2504536991.0,0.06393162868,0.05776695864,43355874197.0,,,,,,,Crater Floor,Crater Floor,
scam_0193_0684074256_569_ca0_scam04193_souche_______________02p01.wav,Maaz,Rochette,0.07266,-7695.540965,0.8818238762,0.001039563045,17.20178078,6924.462989,3842.779047,6200.0,8600.0,30454452428.0,1693266665.0,0.05559997079,0.05146875986,32898921019.0,,,,,,,Crater Floor,Crater Floor,
scam_0200_0684689393_585_ca0_scam01200_ondres_______________01p01.wav,Maaz,Rochette,0.07066,-1076.554591,0.9596606987,0.0074311141,9.956255021,10458.80151,11913.60693,4100.0,15100.0,21243144843.0,3071462635.0,0.144586061,0.07462539983,41158407752.0,wider 3 sigma,,,,,,Crater Floor,Crater Floor,
scam_0200_0684689579_616_ca0_scam01200_ondres_______________02p01.wav,Maaz,Rochette,0.07066,-680.1135981,0.6834042431,0.01176274085,11.78785554,13657.47259,14520.51147,1000.0,35000.0,11371520921.0,3911272748.0,0.3439533529,0.02834762216,137975337940.0,,,,,,,Crater Floor,Crater Floor,
scam_0201_0684779623_772_ca0_scam01201_digne________________01p01.wav,Seitah,Undivided,0.07716,-5538.057514,0.9950302031,0.001444549823,-4.4907918,7063.491792,9008.846023,1500.0,10400.0,41024193306.0,6356962680.0,0.1549564334,0.003702867793,1716767390744.0,wider 3 sigma,,,,,,Crater Floor,Crater Floor,
scam_0201_0684779800_791_ca0_scam01201_digne________________02p01.wav,Seitah,Undivided,0.07663,-1078.555115,0.9924718815,0.00741733073,8.389994153,6751.819686,5905.59698,4800.0,8200.0,89063092795.0,6182688385.0,0.069419197,0.0583724774,105917868484.0,Original,,,,,,Crater Floor,Crater Floor,
scam_0205_0685134515_460_ca0_scam04205_monier_______________01p01.wav,Seitah,Bastide,0.07,-7611.26824,0.9840224618,0.001051073191,19.77759495,10811.33361,11442.13087,6800.0,18100.0,22365455445.0,3251703028.0,0.1453895288,0.1064631194,30542999747.0,,,,,,,Crater Floor,Crater Floor,
scam_0205_0685134703_601_ca0_scam04205_monier_______________02p01.wav,Seitah,Bastide,0.06988,-6445.980317,0.9826801569,0.001241083529,16.88121619,9690.204793,10024.80161,6900.0,10900.0,9479108084.0,1075635734.0,0.1134743611,0.09115085057,11800611042.0,,,,,,,Crater Floor,Crater Floor,
scam_0205_0685137290_788_ca0_scam05205_levens_______________01p01.wav,Seitah,Bastide,0.06876,-5559.533569,0.8948754626,0.001438969637,12.37974979,6714.160264,5984.754356,3700.0,8600.0,26730784628.0,2432799079.0,0.09101113613,0.07679449048,31679343964.0,,,,,,,Crater Floor,Crater Floor,
scam_0205_0685137452_729_ca0_scam05205_levens_______________02p01.wav,Seitah,Bastide,0.06893,-4925.923366,0.9610402296,0.001624060995,14.40294813,6334.615822,5527.586394,4000.0,8200.0,25945394261.0,1235236897.0,0.04760910104,0.04394551791,28108370448.0,,,,,,,Crater Floor,Crater Floor,
scam_0206_0685219382_906_ca0_scam01206_cine_________________01p01.wav,Seitah,Bastide,0.06976,-7645.861286,0.8550002644,0.001046317701,17.41492685,8047.39134,8236.53864,3100.0,10100.0,24214569078.0,3238582115.0,0.1337451889,0.1018843744,31786838101.0,,,,,,,Crater Floor,Crater Floor,
scam_0206_0685219580_929_ca0_scam01206_cine_________________02p01.wav,Seitah,Bastide,0.06966,-4015.186163,0.9096241118,0.001992435637,14.69023358,9001.646771,9906.933053,5800.0,9700.0,42786728437.0,3406523655.0,0.07961636188,0.0622196748,54749943099.0,,,,,,,Crater Floor,Crater Floor,
scam_0211_0685666238_554_ca0_scam04211_penne________________01p01.wav,Seitah,Bastide,0.06979,-6195.764229,0.9542392887,0.001291204717,15.72753509,8157.774433,8857.770292,3900.0,10200.0,26730369104.0,3218104236.0,0.1203913131,0.0828864305,38825465360.0,,,,,,,Crater Floor,Crater Floor,
scam_0213_0685844840_180_ca0_scam04213_moustiers_sainte_mar_02p01.wav,Seitah,Bastide,0.07324,-2567.4574,0.4784448008,0.00311592317,1.399214277,10842.98001,12379.31459,1500.0,25300.0,23339053825.0,7000792584.0,0.2999604284,0.007327637545,955395588342.0,,,,,,,Crater Floor,Crater Floor,
scam_0237_0687976823_665_ca0_scam06237_sigale_______________01p01.wav,Seitah,Undivided,0.0725,-2131.260405,0.8256848926,0.003753647364,9.995590554,5575.17785,4111.281587,3900.0,7500.0,31727877524.0,2297419703.0,0.07241012895,0.01497367403,153430594088.0,,,,,,,Crater Floor,Crater Floor,
scam_0237_0687976869_667_ca0_scam06237_sigale_______________02p01.wav,Seitah,Undivided,0.07259,-5710.7306,0.923532578,0.001400871545,16.31361246,6178.188664,5288.330798,4500.0,8800.0,10478644727.0,663635407.2,0.06333217935,0.04171748901,15907846394.0,,,,,,,Crater Floor,Crater Floor,
scam_0239_0688152051_670_ca0_scam01239_cheiron______________02p01.wav,Seitah,Caille,0.07177,-7955.488449,0.7616602124,0.001005595075,9.440068188,5036.523867,2572.567387,3600.0,7100.0,93784661276.0,1496684453.0,0.0159587339,0.01306469359,114559476110.0,Original,,,,,,Crater Floor,Crater Floor,
scam_0239_0688154484_917_ca0_scam02239_content______________01p01.wav,Seitah,Content,0.07339,-2697.631903,0.8225865212,0.002965563979,13.90810525,5616.924702,4665.678589,3200.0,8000.0,46901148530.0,2929507134.0,0.06246130907,0.0495284752,59147937058.0,Original,,,,,,Crater Floor,Crater Floor,
scam_0239_0688154646_681_ca0_scam02239_content______________02p01.wav,Seitah,Content,0.07365,-12330.97668,0.9011105967,0.0006487726163,16.94001481,5747.340804,4959.606517,3200.0,8700.0,23030255799.0,1602258356.0,0.06957188709,0.05907397437,27122914500.0,,,,,,,Crater Floor,Crater Floor,
scam_0242_0688422891_820_ca0_scam06242_gion_________________01p01.wav,Seitah,Bastide,0.07631,-7179.293748,0.8929517119,0.001114315736,17.16962174,6107.529414,5138.373276,4600.0,7600.0,9741527349.0,601840282.9,0.06178089548,0.05360650851,11227000222.0,,,,,,,Crater Floor,Crater Floor,
scam_0242_0688423037_764_ca0_scam06242_gion_________________02p01.wav,Seitah,Bastide,0.07651,-16848.8176,0.9424397455,0.0004748107666,16.76442508,5655.665484,4142.450011,4300.0,7800.0,23411448397.0,1103046692.0,0.04711569628,0.04378682882,25191289751.0,,,,,,,Crater Floor,Crater Floor,
scam_0246_0688773424_713_ca0_scam01246_amignon______________02p01.wav,Seitah,Caille,0.07515,-1079.435865,0.6858947456,0.007411278668,4.506655555,5454.586155,6391.174974,3700.0,9400.0,54610143816.0,7920375883.0,0.1450348842,0.005392974899,1468646902909.0,,,,,,,Crater Floor,Crater Floor,
scam_0246_0688775965_945_ca0_scam02246_brac_246_____________01p01.wav,Seitah,Caille,0.07406,-319.8729006,0.7679613464,0.02500993358,7.424943781,6009.894697,4855.367278,4500.0,8400.0,70260396300.0,3575240889.0,0.05088557819,0.04449550543,80350607427.0,,,,,,,Crater Floor,Crater Floor,
scam_0246_0688776125_739_ca0_scam02246_brac_246_____________02p01.wav,Seitah,Caille,0.07421,-3175.609402,0.870379022,0.00251920151,14.95156907,5377.077337,3392.179785,4500.0,7900.0,66544894762.0,1588303158.0,0.02386814441,0.02266156296,70087979388.0,,,,,,,Crater Floor,Crater Floor,
scam_0247_0688864881_213_ca0_scam01247_brac_247_____________01p01.wav,Seitah,Bastide,0.0745,-1028.410305,0.9514002837,0.007778996341,8.25211257,6172.658483,5555.832269,4300.0,8700.0,16936664875.0,975117236.4,0.05757433613,0.04055394665,24044940555.0,,,,,,,Crater Floor,Crater Floor,
scam_0247_0688865095_185_ca0_scam01247_brac_247_____________02p01.wav,Seitah,Bastide,0.07444,-3032.151121,0.9440284444,0.002638390924,12.08736438,5991.187811,5353.37463,3800.0,8400.0,19574413505.0,1390075708.0,0.07101493527,0.06301017488,22061130773.0,Original,,,,,,Crater Floor,Crater Floor,
scam_0250_0689128711_062_ca0_scam01250_hotel________________01p01.wav,Seitah,Caille,0.07838,-4700.12589,0.9963750814,0.001702082069,8.278903547,8402.404356,7962.198981,6200.0,10300.0,34177131448.0,5274537559.0,0.1543294401,0.02903426092,181665983295.0,very wide soft,,,,,,Crater Floor,Crater Floor,
scam_0252_0689319767_228_ca0_scam04252_pierlas______________01p01.wav,Seitah,Bastide,0.06826,-4333.557319,0.8477285482,0.001846058425,15.46479922,8003.438467,7215.077601,5000.0,9300.0,35436723965.0,3925437664.0,0.1107731535,0.08862298705,44293673620.0,,,,,,,Crater Floor,Crater Floor,
scam_0252_0689319812_322_ca0_scam04252_pierlas______________02p01.wav,Seitah,Bastide,0.06835,-5183.607951,0.8233288023,0.001543326593,15.84541098,8224.914544,8046.397146,5100.0,10100.0,18553892468.0,2547255638.0,0.1372895548,0.1116413541,22816416538.0,,,,,,,Crater Floor,Crater Floor,
scam_0253_0689394708_788_ca0_scam01253_ubraye_______________01p01.wav,Seitah,Content,0.07225,-1579.314886,0.9781796147,0.005065487618,10.36699735,6362.857904,3292.005001,4900.0,8600.0,53958489269.0,4336453888.0,0.08036648072,0.0584771491,74156383382.0,,,,,,,Crater Floor,Crater Floor,
scam_0253_0689394907_835_ca0_scam01253_ubraye_______________02p01.wav,Seitah,Content,0.07222,-2137.923125,0.8831021529,0.003741949328,11.90261719,6490.732024,3311.382872,5000.0,8800.0,31203038406.0,1830243986.0,0.05865595403,0.0356393224,51354623569.0,,,,,,,Crater Floor,Crater Floor,
scam_0253_0689397372_279_ca0_scam02253_valette______________01p01.wav,Seitah,Content,0.07223,-3822.693634,0.9576794547,0.002092765146,13.1617382,5591.550324,3463.612181,3900.0,8700.0,40348730162.0,1569373968.0,0.03889525053,0.03602613765,43562093259.0,very wide soft,,,,,,Crater Floor,Crater Floor,
scam_0253_0689397541_091_ca0_scam02253_valette______________02p01.wav,Seitah,Content,0.07226,-5328.224663,0.9845448954,0.001501438191,13.59881242,6357.680847,3817.134691,3600.0,9000.0,25983049017.0,1720159917.0,0.06620315868,0.04850840267,35461071120.0,very wide soft,,,,,,Crater Floor,Crater Floor,
scam_0254_0689482548_838_ca0_scam01254_ferres_______________01p01.wav,Seitah,Bastide,0.07213,-1099.937733,0.9166506272,0.007273138979,11.98564563,6552.914769,4957.410199,5700.0,8000.0,16486441893.0,962565497.1,0.05838527824,0.04649055521,20704538648.0,,,,,,,Crater Floor,Crater Floor,
scam_0254_0689482747_855_ca0_scam01254_ferres_______________02p01.wav,Seitah,Bastide,0.07206,-2726.375329,0.9736030664,0.002934298853,11.21083552,6277.858436,4935.816552,4700.0,8900.0,16177142424.0,1300893316.0,0.08041551974,0.02283190574,56976992217.0,,,,,,,Crater Floor,Crater Floor,
scam_0255_0689572368_351_ca0_scam01255_ubraye_255___________01p01.wav,Seitah,Caille,0.07246,-3298.680811,0.9724062095,0.002425211913,14.37314691,5260.012615,3516.574713,4000.0,8000.0,63310650161.0,2023947617.0,0.03196851733,0.02937199173,68907401153.0,wider 3 sigma,,,,,,Crater Floor,Crater Floor,
scam_0255_0689572563_648_ca0_scam01255_ubraye_255___________02p01.wav,Seitah,Caille,0.07249,-692.2741561,0.7111329885,0.01155611535,9.316479774,5316.448258,3972.180512,1700.0,8600.0,33144752933.0,1859191598.0,0.05609308965,0.006228310478,298506569990.0,,,,,,,Crater Floor,Crater Floor,
scam_0256_0689670525_115_ca0_scam05255_ilonse_______________01p01.wav,Seitah,Bastide,0.0717,-4156.17413,0.8586153928,0.001924847167,16.29675768,6456.259948,4796.273549,7100.0,7800.0,10498350374.0,776342328.7,0.07394898256,0.0471755733,16456447147.0,,,,,,,Crater Floor,Crater Floor,
scam_0256_0689670704_122_ca0_scam05255_ilonse_______________02p01.wav,Seitah,Bastide,0.0716,-1423.67254,0.8467724782,0.005619269723,13.33438997,6269.878781,4972.958015,5000.0,9000.0,15701450656.0,1129009435.0,0.07190478509,0.0243495779,46366694308.0,,,,,,,Crater Floor,Crater Floor,
scam_0268_0690749569_464_ca0_scam07268_cordoeil_____________01p01.wav,Seitah,Bastide,0.06887,-4200.017549,0.9828757261,0.001904753946,13.94956997,6999.976413,7308.193066,3700.0,8600.0,11049005.92,706021.9534,0.06389913795,0.05631640268,12536701.92,,,,,,,Crater Floor,Crater Floor,
scam_0268_0690749665_399_ca0_scam07268_cordoeil_____________02p01.wav,Seitah,Bastide,0.06888,-4634.7043,0.965537272,0.001726107963,14.9426693,6725.354066,7250.478524,3700.0,7900.0,62678651131.0,2818558942.0,0.04496840458,0.04054277428,69520623400.0,,,,,,,Crater Floor,Crater Floor,
scam_0274_0691263402_243_ca0_scam03274_chasteuil____________02p01.wav,Seitah,Caille,0.0608,-3384.594508,0.9987977338,0.002363650943,3.566759267,8858.390744,9784.187151,1000.0,17700.0,39839502804.0,16696328425.0,0.419089779,0.00290286371,5751674929135.0,very wide soft,,,,,,Crater Floor,Crater Floor,
scam_0279_0691717551_834_ca0_scam02279_rent_________________01p01.wav,Seitah,Caille,0.06953,-3954.922844,0.6570697835,0.002022795467,15.40585727,8641.333029,8509.619977,7200.0,10400.0,41126383634.0,5096627328.0,0.1239259783,0.09913349143,51411760589.0,wider 3 sigma,,,,,,Crater Floor,Crater Floor,
scam_0279_0691717703_842_ca0_scam02279_rent_________________02p01.wav,Seitah,Caille,0.06947,-4069.811362,0.7800777822,0.001965693072,13.74128759,8794.394185,8712.406244,5100.0,9900.0,66163192445.0,6533360140.0,0.09874614417,0.08049273281,81167080702.0,,,,,,,Crater Floor,Crater Floor,
scam_0280_0691792875_617_ca0_scam03280_thouron______________01p01.wav,Seitah,Content,0.06961,-3371.133204,0.9376797544,0.00237308926,16.25734387,7845.61413,7330.209601,4800.0,8800.0,46870537763.0,3745188285.0,0.07990495659,0.06272479302,59708260566.0,,,,,,,Crater Floor,Crater Floor,
scam_0280_0691793045_616_ca0_scam03280_thouron______________02p01.wav,Seitah,Content,0.06944,-3846.505011,0.9227304664,0.002079810107,16.80731859,8629.16324,7759.650719,4300.0,10500.0,27203947420.0,4361048545.0,0.1603094021,0.1168015385,37337252568.0,,,,,,,Crater Floor,Crater Floor,
scam_0282_0691972788_406_ca0_scam02282_norante______________01p01.wav,Seitah,Bastide,0.07422,-7184.242353,0.8236833544,0.001113548181,18.63125503,7151.41062,6303.160917,4900.0,8800.0,3506006742.0,433564958.9,0.1236634698,0.09680678459,4478662945.0,,,,,,,Crater Floor,Crater Floor,
scam_0282_0691972948_372_ca0_scam02282_norante______________02p01.wav,Seitah,Bastide,0.07419,-3406.881891,0.7071530734,0.002348188242,14.70277724,6866.347144,5992.842539,5300.0,8400.0,8287691795.0,516082258.0,0.06227092788,0.05127202107,10065572749.0,,,,,,,Crater Floor,Crater Floor,
scam_0285_0692235053_725_ca0_scam01285_estoublaisse_________01p01.wav,Seitah,Undivided,0.07583,-3569.538128,0.9996687293,0.002241186314,-0.5635112102,5020.839918,7411.41492,1000.0,8100.0,57238009005.0,5047773012.0,0.08818917884,0.002932869023,1721104138043.0,,,,,,,Crater Floor,Crater Floor,
scam_0285_0692235221_781_ca0_scam01285_estoublaisse_________02p01.wav,Seitah,Undivided,0.0761,-1090.382847,0.9281841721,0.007336872571,10.53864795,6745.641541,5767.259508,7400.0,8100.0,64835126290.0,2750399457.0,0.04242144058,0.03244751503,84764563791.0,,,,,,,Crater Floor,Crater Floor,
scam_0286_0692325142_462_ca0_scam01286_bezaudun_____________02p01.wav,Seitah,Undivided,0.07765,-548.0299799,0.5876700538,0.01459774153,6.571857755,8813.022999,10298.2556,1000.0,15500.0,22191837422.0,6323236333.0,0.2849352315,0.04412988107,143286956145.0,,,,,,,Crater Floor,Crater Floor,
scam_0287_0692411661_044_ca0_scam04287_aurent_______________01p01.wav,Seitah,Undivided,0.07037,-2260.540033,0.8654643185,0.003538977361,12.45089481,14943.30394,15834.31075,4200.0,38500.0,13594081214.0,3421994732.0,0.2517268125,0.06453749558,53023357999.0,Original,,,,,,Crater Floor,Crater Floor,
scam_0287_0692411853_962_ca0_scam04287_aurent_______________02p01.wav,Seitah,Undivided,0.07035,-2950.525461,0.954959094,0.002711381449,10.04285684,10325.99384,11527.69528,4800.0,23200.0,13831581665.0,2371455341.0,0.171452217,0.04616589738,51368119667.0,Original,,,,,,Crater Floor,Crater Floor,
scam_0287_0692414330_040_ca0_scam05287_castiglione__________01p01.wav,Seitah,Undivided,0.07016,-3006.504004,0.933054006,0.002660897837,14.40413402,10015.98786,10397.05568,4900.0,16000.0,13998913917.0,2240859648.0,0.1600738215,0.1086461896,20625294421.0,wider 3 sigma,,,,,,Crater Floor,Crater Floor,
scam_0287_0692414497_100_ca0_scam05287_castiglione__________02p01.wav,Seitah,Undivided,0.07017,-14966.21691,0.827161699,0.0005345372212,19.02869415,9187.867017,9386.44484,7100.0,11700.0,11882665365.0,1865042660.0,0.1569549089,0.1207387203,15446930815.0,,,,,,,Crater Floor,Crater Floor,
scam_0302_0693766635_842_ca0_scam07302_monts_du_cheval_blan_01p01.wav,Seitah,Undivided,0.07046,-2872.217064,0.9894421912,0.002785304808,3.752964108,7464.467506,8164.657726,4900.0,9000.0,16353667261.0,1228528893.0,0.07512253205,0.01943892896,63199412664.0,Original,,,,,,Crater Floor,Crater Floor,
scam_0302_0693766731_810_ca0_scam07302_monts_du_cheval_blan_02p01.wav,Seitah,Undivided,0.07047,-5992.86503,0.9080639364,0.00133492077,15.6839449,14272.168,16072.67642,4500.0,42400.0,13494524302.0,1529121554.0,0.1133142243,0.07526786314,20315729581.0,Original,,,,,,Crater Floor,Crater Floor,
scam_0305_0694016101_296_ca0_scam01305_gacia________________01p01.wav,Seitah,Undivided,0.06887,-2261.601698,0.9790743383,0.003537316057,12.34906007,15737.52284,15675.38301,4500.0,41800.0,18246764154.0,4195227519.0,0.2299162462,0.1196936791,35049699793.0,,,,,,,Crater Floor,Crater Floor,
scam_0305_0694016307_209_ca0_scam01305_gacia________________02p01.wav,Seitah,Undivided,0.06902,-3769.795133,0.9564084743,0.002122131234,14.86577713,9101.255756,10040.19768,4500.0,10500.0,19830464276.0,2281128891.0,0.1150315423,0.07919780029,28802932439.0,,,,,,,Crater Floor,Crater Floor,
scam_0309_0694366037_036_ca0_scam04309_riez_________________02p01.wav,Seitah,Undivided,0.0689,-1245.718124,0.8318199456,0.006421998559,5.091906273,7131.571358,7053.611687,2800.0,12200.0,25765030762.0,6408995908.0,0.2487478462,0.007449928791,860276129837.0,,,,,,,Crater Floor,Crater Floor,
scam_0309_0694368476_148_ca0_scam05309_jabron_309___________01p01.wav,Seitah,Undivided,0.06924,-7463.898676,0.9635623635,0.001071825911,16.52999633,7760.279704,7402.678004,4900.0,9400.0,32996815501.0,3492985925.0,0.1058582737,0.08145698799,42881353847.0,,,,,,,Crater Floor,Crater Floor,
scam_0309_0694368637_085_ca0_scam05309_jabron_309___________02p01.wav,Seitah,Undivided,0.06915,-2084.024552,0.9462551447,0.003838726369,13.41817616,8301.888994,7654.374858,4700.0,9800.0,24151567856.0,2767489443.0,0.1145883969,0.08548181537,32375183319.0,,,,,,,Crater Floor,Crater Floor,
scam_0312_0694632630_696_ca0_scam01312_riolan_312___________01p01.wav,Seitah,Undivided,0.07381,-3359.993737,0.7892557026,0.002380956819,1.523179715,4928.600564,2565.681471,3600.0,7200.0,1175589405781.0,19022927651.0,0.01618160861,0.01300270486,1462997726466.0,,,,,,,Crater Floor,Crater Floor,
scam_0313_0694724354_682_ca0_scam01313_bessons______________02p01.wav,Seitah,Undivided,0.07188,-970.8639691,0.9914819573,0.008240083322,7.675198507,25050.48363,13866.17378,19500.0,41400.0,66814021407.0,128234712916.0,1.919278472,0.362797508,353460842698.0,,,,,,,Crater Floor,Crater Floor,
scam_0320_0695345052_585_ca0_scam02320_angles_______________01p01.wav,Seitah,Undivided,0.06881,-21678.2887,0.9407759406,0.0003690328194,-3.785720185,15883.44674,13951.43568,39100.0,39100.0,35893774565.0,14783159328.0,0.4118585885,0.05239208245,282163995700.0,,,,,,,Crater Floor,Crater Floor,
scam_0320_0695345085_600_ca0_scam02320_angles_______________02p01.wav,Seitah,Undivided,0.06876,-1576.621711,0.973024408,0.00507414045,11.16752749,13421.89405,12802.3345,5000.0,33300.0,47173310041.0,13642231824.0,0.2891938643,0.1843857028,73987470915.0,,,,,,,Crater Floor,Crater Floor,
scam_0321_0695435001_618_ca0_scam04321_caran________________01p01.wav,Seitah,Undivided,0.0689,-2616.252707,0.8935012343,0.003057808589,10.72036045,12091.02238,13335.94165,5200.0,27600.0,28584439757.0,3465291173.0,0.1212299839,0.08441511148,41050602339.0,,,,,,,Crater Floor,Crater Floor,
scam_0321_0695435161_655_ca0_scam04321_caran________________02p01.wav,Seitah,Undivided,0.06896,-4603.298626,0.8946548476,0.001737884211,15.32364708,8186.198331,8550.973439,5200.0,9600.0,39917018637.0,4417971117.0,0.110678885,0.08262780431,53468334949.0,,,,,,,Crater Floor,Crater Floor,
scam_0323_0695612813_710_ca0_scam05323_pra_loup_____________01p01.wav,Seitah,Undivided,0.06887,-4011.422323,0.9198936314,0.001994305101,15.22834302,8885.358519,9562.180563,4800.0,11900.0,26556762787.0,3439606108.0,0.1295190282,0.06282549868,54748568339.0,,,,,,,Crater Floor,Crater Floor,
scam_0323_0695612859_743_ca0_scam05323_pra_loup_____________02p01.wav,Seitah,Undivided,0.06891,-5475.190402,0.9241412983,0.001461136401,17.27872712,11686.76193,12350.23059,6100.0,23000.0,12218702611.0,2531392808.0,0.2071736164,0.1379180348,18354327712.0,,,,,,,Crater Floor,Crater Floor,
scam_0323_0695613997_825_ca0_scam06323_pra_balou____________01p01.wav,Seitah,Undivided,0.069,-5138.832173,0.9628414288,0.001556773938,15.07703315,7833.53402,8567.437052,3900.0,9200.0,45099622462.0,3900966952.0,0.08649666537,0.07257585613,53750202346.0,,,,,,,Crater Floor,Crater Floor,
scam_0323_0695614043_919_ca0_scam06323_pra_balou____________02p01.wav,Seitah,Undivided,0.06902,-1524.094125,0.9937365683,0.005249019643,6.743631744,7477.927473,7836.149599,4700.0,9300.0,37309368673.0,3644310662.0,0.0976781648,0.06703819715,54361704470.0,,,,,,,Crater Floor,Crater Floor,
scam_0324_0695701949_810_ca0_scam01324_tourtour_____________01p01.wav,Seitah,Undivided,0.07355,-1698.698783,0.593329577,0.004709487097,6.328453276,5201.145905,5659.99145,1000.0,8000.0,69524605091.0,4232897235.0,0.06088344162,0.003963418238,1067991562146.0,,,,,,,Crater Floor,Crater Floor,
scam_0324_0695701995_789_ca0_scam01324_tourtour_____________02p01.wav,Seitah,Undivided,0.07347,-2542.508219,0.9078548995,0.00314649917,10.48205633,6408.111783,6297.771719,3800.0,8400.0,28751408022.0,1836155662.0,0.06386315622,0.01273427011,144190098527.0,wider 3 sigma,,,,,,Crater Floor,Crater Floor,
scam_0324_0695703302_896_ca0_scam02324_amen_________________01p01.wav,Seitah,Undivided,0.07188,-986.298199,0.9659559505,0.008111137188,10.5759672,15803.52758,14434.83145,30700.0,35900.0,11698257075.0,4493826930.0,0.3841449971,0.2013237603,22321393778.0,,,,,,,Crater Floor,Crater Floor,
scam_0324_0695703348_903_ca0_scam02324_amen_________________02p01.wav,Seitah,Undivided,0.07166,-1063.470506,0.9036906602,0.007522540544,11.51545618,15182.42073,13887.45566,30800.0,30900.0,5212000330.0,1851230562.0,0.3551861943,0.1975697857,9370008451.0,,,,,,,Crater Floor,Crater Floor,
scam_0324_0695704717_372_ca0_scam03324_callas_______________01p01.wav,Seitah,Undivided,0.07171,-8881.802521,0.9450197221,0.0009007180672,17.0521235,10789.81419,11504.59954,6000.0,24200.0,10527684391.0,1730885677.0,0.1644127628,0.1179145116,14679157415.0,,,,,,,Crater Floor,Crater Floor,
scam_0324_0695704767_196_ca0_scam03324_callas_______________02p01.wav,Seitah,Undivided,0.07171,-1852.524827,0.9076776204,0.004318430654,13.03653248,10132.3821,11107.76202,5000.0,21000.0,26206216170.0,3039742856.0,0.1159931993,0.08591397916,35381236975.0,,,,,,,Crater Floor,Crater Floor,
scam_0324_0695706092_522_ca0_scam04324_gourdon______________01p01.wav,Seitah,Undivided,0.07167,-1198.062546,0.978971157,0.006677447709,9.770436843,13955.44133,13593.4696,5100.0,32600.0,19538378718.0,5184155776.0,0.2653319322,0.160466747,32306729431.0,Original,,,,,,Crater Floor,Crater Floor,
scam_0324_0695706141_497_ca0_scam04324_gourdon______________02p01.wav,Seitah,Undivided,0.07153,-3240.823023,0.8264899711,0.002468508753,15.19162516,11427.13729,11879.24403,7200.0,29200.0,12090220196.0,1882286216.0,0.1556866778,0.1111008238,16942144549.0,,,,,,,Crater Floor,Crater Floor,
scam_0327_0695969086_749_ca0_scam02327_miassol______________01p01.wav,Seitah,Undivided,0.0711,-2269.948033,0.8572348135,0.003524309756,13.88959346,13178.16032,12835.82685,6800.0,30500.0,13711988682.0,3057599529.0,0.2229873143,0.1460834654,20930496969.0,,,,,,,Crater Floor,Crater Floor,
scam_0327_0695969132_732_ca0_scam02327_miassol______________02p01.wav,Seitah,Undivided,0.07107,-2148.163601,0.950048867,0.003724111142,7.932065535,14021.96501,13998.12435,1500.0,33600.0,12711215083.0,3281036416.0,0.2581213829,0.05960847529,55043119276.0,,,,,,,Crater Floor,Crater Floor,
scam_0328_0696057994_287_ca0_scam05328_brusquet_____________01p01.wav,Seitah,Undivided,0.06079,-2862.134737,0.9920479182,0.00279511649,3.04087528,10623.56566,11583.71248,2800.0,23600.0,33552278664.0,10312101512.0,0.3073442974,0.003581846459,2878990383477.0,very wide soft,,,,,,Crater Floor,Crater Floor,
scam_0338_0696944487_786_ca0_scam05338_calandre_338_________01p01.wav,Seitah,Undivided,0.07743,-3087.126271,0.9565017747,0.002591406796,-3.811676507,3789.534313,6267.83688,1000.0,6500.0,99303097287.0,6682970954.0,0.06729871611,0.002930494827,2280492322672.0,Original,,,,,,Crater Floor,Crater Floor,
scam_0338_0696944536_824_ca0_scam05338_calandre_338_________02p01.wav,Seitah,Undivided,0.07743,-2721.262082,0.8563659868,0.002939812395,13.95033724,10205.35707,10030.18653,4800.0,17000.0,21722635696.0,6429311835.0,0.2959729162,0.1745685887,36829717662.0,Original,,,,,,Crater Floor,Crater Floor,
scam_0347_0697743236_480_ca0_scam04347_taloire______________01p01.wav,Maaz,Rochette,0.07063,-1153.603915,0.9579717307,0.006934789224,9.386351922,8300.153984,11600.66898,1000.0,15400.0,18297110116.0,2639855162.0,0.1442771643,0.04514527569,58474671424.0,,,,,,,Crater Floor,Crater Floor,
scam_0347_0697743338_420_ca0_scam04347_taloire______________02p01.wav,Maaz,Rochette,0.07076,-9361.163152,0.9125971734,0.0008545946556,18.8978168,16785.10107,14763.25741,6800.0,39500.0,9189435559.0,3034663897.0,0.330233982,0.168601314,17999052474.0,,,,,,,Crater Floor,Crater Floor,
scam_0349_0697921512_524_ca0_scam01349_blache_______________01p01.wav,Maaz,Artuby,0.07079,-535.5285672,0.8643144555,0.01493851214,9.648287136,24841.25201,16437.46283,28900.0,45600.0,13367299807.0,12747077700.0,0.9536015414,0.1000554387,127400148023.0,,,,,,,Crater Floor,Crater Floor,
scam_0349_0697921615_569_ca0_scam01349_blache_______________02p01.wav,Maaz,Artuby,0.07069,-1378.090943,0.9662869698,0.005805132123,11.65490052,22822.94722,16509.14478,29200.0,44100.0,11984179223.0,8249745267.0,0.6883863395,0.2327282737,35447971736.0,Original,,,,,,Crater Floor,Crater Floor,
scam_0349_0697923265_570_ca0_scam02349_duyes________________01p01.wav,Maaz,Artuby,0.06934,-5653.99432,0.9271372801,0.001414928906,15.34573231,9404.262956,9491.536928,5300.0,11200.0,30742819883.0,3516891344.0,0.1143971619,0.08786068691,40028042890.0,,,,,,,Crater Floor,Crater Floor,
scam_0349_0697923372_569_ca0_scam02349_duyes________________02p01.wav,Maaz,Artuby,0.06923,-6056.419645,0.9096590788,0.001320912432,18.16517639,7592.838778,7595.321959,4700.0,9600.0,41802151355.0,4068246355.0,0.0973214589,0.08248399895,49321643068.0,,,,,,,Crater Floor,Crater Floor,
scam_0362_0699075597_664_ca0_scam05362_sid_362______________01p01.wav,Maaz,Nataani,0.0691,-1829.929436,0.7579528268,0.004371753273,14.12660989,8691.19334,9766.891012,4600.0,11500.0,18967680099.0,3698341996.0,0.1949812511,0.034121921,108386101595.0,,,,,,,Crater Floor,Crater Floor,
scam_0362_0699075646_651_ca0_scam05362_sid_362______________02p01.wav,Maaz,Nataani,0.06901,-3606.650523,0.9860181068,0.002218124531,1.484331246,9798.839834,10204.65131,4700.0,14400.0,16557536668.0,3109992920.0,0.1878294448,0.005686496123,546908474504.0,,,,,,,Crater Floor,Crater Floor,
scam_0364_0699242397_280_ca0_scam02364_needlegrass__________01p01.wav,Maaz,Nataani,0.06957,-1836.760808,0.9435483615,0.004355493631,11.24723849,11831.18665,11322.77594,6100.0,20800.0,16098692914.0,4479393460.0,0.2782457858,0.1387763642,32277783649.0,,,,,,,Crater Floor,Crater Floor,
scam_0364_0699242563_288_ca0_scam02364_needlegrass__________02p01.wav,Maaz,Nataani,0.06968,-1228.424782,0.8990635291,0.006512405253,4.347981608,8606.494796,6645.299139,9600.0,9700.0,33793736855.0,3977904252.0,0.1177112868,0.0813680592,48887785841.0,,,,,,,Crater Floor,Crater Floor,
scam_0365_0699329380_872_ca0_scam02365_toosagrass___________01p01.wav,Maaz,Nataani,0.06899,-3060.880637,0.9727827493,0.00261362691,12.27541478,6775.284898,4943.944551,5400.0,8700.0,77807476700.0,6441573192.0,0.08278861448,0.07440093764,86579193714.0,,,,,,,Crater Floor,Crater Floor,
scam_0365_0699329548_774_ca0_scam02365_toosagrass___________02p01.wav,Maaz,Nataani,0.069,-4485.947525,0.9611147327,0.001783346763,11.6302523,6696.993488,4669.761459,4800.0,8800.0,97789914772.0,5994108412.0,0.06129577294,0.05646222235,106161397172.0,,,,,,,Crater Floor,Crater Floor,
scam_0071_0673238158_718_ca0_scam05071_hadahastsaa__________01p01.wav,Maaz,Nataani,0.07141,-1168.629675,0.9623529356,0.006845624557,9.221100594,8621.819783,9290.370909,4200.0,12300.0,26974931097.0,4888015258.0,0.1812058478,0.1331680272,36705621927.0,pass2_expected_time_sweep,True,100000.0,0.07141,0.0,0.07,Crater Floor,Crater Floor,
scam_0104_0676170543_585_ca0_scam05104_ad_ees_eez___________01p01.wav,Maaz,Nataani,0.07701,-6487.50399,0.978662309,0.001233139897,16.66365004,6990.063032,6542.931823,4000.0,9000.0,12009496742.0,1203262772.0,0.1001926058,0.04420194773,27221940077.0,pass2_expected_time_sweep,False,100000.0,0.07711,0.1,0.085,Crater Floor,Crater Floor,
scam_0113_0676966786_559_ca0_scam01113_mussih_______________01p01.wav,Maaz,Rochette,0.0894,-12505.14921,0.9696946715,0.0006397364692,-4.343988601,4206.462592,4871.674463,1200.0,7800.0,52002125321.0,5168643344.0,0.09939292503,0.007381281543,700236579963.0,pass2_expected_time_sweep,False,100000.0,0.08968,0.28,0.085,Crater Floor,Crater Floor,
scam_0113_0676966938_600_ca0_scam01113_mussih_______________02p01.wav,Maaz,Rochette,0.08887,-9616.005413,0.8893802187,0.0008319462871,-3.921910133,6398.905972,6853.318411,2700.0,10100.0,10907252599.0,1658630271.0,0.1520667332,0.002285286459,725786592004.0,pass2_expected_time_sweep,False,100000.0,0.08912,0.25,0.085,Crater Floor,Crater Floor,
scam_0183_0683183544_821_ca0_scam01183_sauzeries_hautes_____01p01.wav,Maaz,Rochette,0.08607,-8737.460532,0.9825676286,0.0009155978411,-3.589085177,11451.28307,10774.27923,4100.0,21000.0,48030746575.0,19650761106.0,0.4091287874,0.005106474888,3848204786311.0,pass2_expected_time_sweep,False,100000.0,0.08618,0.11,0.085,Crater Floor,Crater Floor,
scam_0183_0683183736_826_ca0_scam01183_sauzeries_hautes_____02p01.wav,Maaz,Rochette,0.0865,-7865.005711,0.9629380102,0.001017163915,-8.250291051,10293.55469,10338.0585,5100.0,18200.0,56036058687.0,18185337747.0,0.324529208,0.003530755518,5150551391961.0,pass2_expected_time_sweep,False,100000.0,0.08659,0.09,0.085,Crater Floor,Crater Floor,
scam_0213_0685844643_151_ca0_scam04213_moustiers_sainte_mar_01p01.wav,Seitah,Bastide,0.08297,-4265.571341,0.9295598849,0.001875481468,4.504659275,8375.152997,9892.900255,1400.0,14500.0,34973770500.0,7745415511.0,0.221463554,0.02185872094,354339832269.0,pass2_expected_time_sweep,False,100000.0,0.0832,0.23,0.076,Crater Floor,Crater Floor,
scam_0250_0689128907_101_ca0_scam01250_hotel________________02p01.wav,Seitah,Caille,0.0786,-1529.698727,0.8212634298,0.005229787971,13.01457132,7900.382235,8603.745829,4700.0,10000.0,40664323954.0,5227576647.0,0.1285543724,0.07550465715,69235155074.0,pass2_expected_time_sweep,False,100000.0,0.0787,0.1,0.085,Crater Floor,Crater Floor,
scam_0274_0691263225_224_ca0_scam03274_chasteuil____________01p01.wav,Seitah,Caille,0.08552,-7558.824377,0.9124115118,0.00105836564,-10.12258087,6041.489649,8267.200528,1500.0,10500.0,66735755766.0,10637213656.0,0.15939302,0.008814539377,1206780434049.0,pass2_expected_time_sweep,False,100000.0,0.08567,0.15,0.085,Crater Floor,Crater Floor,
scam_0286_0692324948_436_ca0_scam01286_bezaudun_____________01p01.wav,Seitah,Undivided,0.07753,-886.3034157,0.9433885454,0.009026254281,8.0006789,9131.110263,9018.836786,3200.0,13300.0,20322892834.0,3982022488.0,0.1959377792,0.08836146134,45065149760.0,pass2_expected_time_sweep,False,100000.0,0.07793,0.4,0.085,Crater Floor,Crater Floor,
scam_0312_0694632787_748_ca0_scam01312_riolan_312___________02p01.wav,Seitah,Undivided,0.0793,-790.4532269,0.922866221,0.01012077594,8.548100041,10554.31145,11817.32199,4200.0,21600.0,22650374380.0,5789807143.0,0.2556163993,0.1461020578,39628511937.0,pass2_expected_time_sweep,False,100000.0,0.07958,0.28,0.08,Crater Floor,Crater Floor,
scam_0335_0696680688_405_ca0_scam01335_chabran______________01p01.wav,Seitah,Undivided,0.08489,-2517.363903,0.698277776,0.00317792751,-2.318766103,5872.873883,8955.872453,1000.0,10700.0,106779134000.0,14607322062.0,0.1367994056,0.01270313309,1149899159097.0,pass2_expected_time_sweep,True,100000.0,0.08489,0.0,0.085,Crater Floor,Crater Floor,
scam_0335_0696680738_320_ca0_scam01335_chabran______________02p01.wav,Seitah,Undivided,0.08521,-2429.610833,0.760403253,0.003292708401,0.7204609446,3996.245178,7094.52386,1000.0,5900.0,195094280481.0,14040882946.0,0.07196973131,0.008203570727,1711557492787.0,pass2_expected_time_sweep,False,100000.0,0.08564,0.43,0.085,Crater Floor,Crater Floor,
scam_0343_0697389227_661_ca0_scam02343_chanolles____________01p01.wav,Maaz,Rochette,0.08283,-8485.343711,0.9595670599,0.0009428021154,-2.726859175,11344.63304,11128.54852,7900.0,21200.0,26913812770.0,9507212881.0,0.353246601,0.03655233925,260098616832.0,pass2_expected_time_sweep,False,100000.0,0.08288,0.05,0.085,Crater Floor,Crater Floor,
scam_0361_0698983364_602_ca0_scam01361_naanazwod____________02p01.wav,Maaz,Cha'al,0.0758,-744.2387724,0.8822239568,0.01074923841,11.94347844,8625.297726,8954.538201,6700.0,11100.0,12867448921.0,2067783626.0,0.1606988019,0.1094020829,18900770177.0,pass2_expected_time_sweep,False,100000.0,0.07592,0.12,0.076,Crater Floor,Crater Floor,
scam_0417_0703959189_698_ca0_scam04417_strike_creek_________01p02.wav,Delta,,0.07822,-15725.144842222551,0.9094576022733208,0.0005087393521819,21.032866492881247,5989.3645644182825,3682.066487248421,3400.0,8500.0,0.2014004054681761,0.0273127725069265,0.1356142875851474,0.1194148685061954,0.2287217065059993,,False,100000.0,0.07853,0.31,,Delta,Delta,Short-clip find_peaks backtracking v2
scam_0418_0704038328_265_ca0_scam02418_little_beach_________01p02.wav,Delta,,0.07209,-8268.138704280274,0.671690420364119,0.0009675696412614,18.91603149569745,6840.836391336704,3258.056568251134,4700.0,9200.0,2.4136053913445754,0.2581177644803757,0.1069428189902174,0.0966062739770195,2.671853015900149,,False,100000.0,0.0724,0.31,,Delta,Delta,Short-clip find_peaks backtracking v2
scam_0420_0704221258_808_ca0_scam01420_broken_mountain______01p02.wav,Delta,,0.07514,-5468.641338319978,0.9611285249834008,0.0014628862097688,9.370162208869235,5975.047066930826,2493.283760806221,4300.0,9100.0,0.8901024041626051,0.0474308228973441,0.0532869281956005,0.0505907225286036,0.9375399386819806,,False,100000.0,0.07535,0.21,,Delta,Delta,Short-clip find_peaks backtracking v2
scam_0421_0704313596_618_ca0_scam05421_king_salmon__________01p02.wav,Delta,,0.07161,-24268.981800881415,0.8530516247636349,0.0003296388808412,20.03567704458707,8070.044976648585,4332.536345933815,6900.0,11200.0,0.9748601135615304,0.2977090698633352,0.3053864505500097,0.2339303320895019,1.2726398804471046,,False,100000.0,0.07191,0.3,,Delta,Delta,Short-clip find_peaks backtracking v2
scam_0425_0704668824_603_ca0_scam04425_lake_coville_________01p02.wav,Delta,,0.07878,-2835.984568842138,0.8294410662771814,0.0028208898200268,13.949579728583824,7086.01773376566,3785.338599054797,4900.0,9700.0,0.2148894793503998,0.0346458497464149,0.1612263655305399,0.1388396307483457,0.2495386191944893,,False,100000.0,0.07891,0.1299999999999999,,Delta,Delta,Short-clip find_peaks backtracking v2
scam_0425_0704671054_732_ca0_scam05425_sukoi_bay____________01p02.wav,Delta,,0.07789,-2463.458634458104,0.9697327834723648,0.0032474667478067,8.679069081142796,6518.313679933059,3878.132872757334,4800.0,9100.0,0.19226361334556,0.0301325363600624,0.1567251121297948,0.135487614979739,0.2224006700875831,,False,100000.0,0.07819,0.3,,Delta,Delta,Short-clip find_peaks backtracking v2
scam_0441_0706089478_536_ca0_scam01441_little_devils_stairs_01p02.wav,Delta,,0.07478,-4097.89657569107,0.913095160230872,0.0019522210607891,15.077100010646465,6415.624698192646,3162.316771696381,4400.0,9100.0,0.2589215574510884,0.0294262442041433,0.1136492630966121,0.1020444638301243,0.2883668853719476,,False,100000.0,0.075,0.22,,Delta,Delta,Short-clip find_peaks backtracking v2
scam_0441_0706090425_650_ca0_scam02441_bald_face_mountain___01p02.wav,Delta,,0.07352,-8041.083916063578,0.9411988084087186,0.0009948907489969,17.708758524662077,6608.122083503534,2949.0852317292297,6600.0,9100.0,0.4370935507550446,0.0548547901872956,0.1254989694827076,0.1115008308576055,0.4919675464781885,,False,100000.0,0.07382,0.3,,Delta,Delta,Short-clip find_peaks backtracking v2
scam_0443_0706267744_278_ca0_scam05443_moody_creek__________01p02.wav,Delta,,0.07339,-8207.776703748992,0.8116117351347129,0.0009746853854279,18.989268804527924,7273.551911022624,3506.1107294866533,8900.0,10200.0,0.2715038889953379,0.052433704448659,0.1931232169184853,0.161853181887188,0.3239584408368653,,False,100000.0,0.07367,0.2799999999999999,,Delta,Delta,Short-clip find_peaks backtracking v2
scam_0449_0706784270_740_ca0_scam15012_aegis_0449b__________01p02.wav,Delta,,0.07536,-3966.190226694657,0.9752828368603876,0.0020170489922938,13.748058742594232,6329.282562344155,2376.8668136385327,4200.0,8500.0,3.141406732074933,0.2876644304732274,0.0915718514053167,0.0838882725035246,3.429137612306187,,False,100000.0,0.0757,0.34,,Delta,Delta,Short-clip find_peaks backtracking v2
scam_0449_0706799447_617_ca0_scam03449_south_river__________01p02.wav,Delta,,0.0751,-4367.078768508073,0.8718174997448336,0.0018318881852302,17.551957485978637,6180.19318811928,2667.5137179329627,5400.0,7700.0,0.518652135832014,0.0368228188049037,0.0709971409754886,0.0662889610941924,0.5554894540069929,,False,100000.0,0.07541,0.31,,Delta,Delta,Short-clip find_peaks backtracking v2
scam_0450_0706878610_992_ca0_scam15012_aegis_0450a__________01p02.wav,Delta,,0.07772,-9864.60900546186,0.946392587927592,0.0008109799380361,18.588897334750836,6494.5304126786805,3513.7968353309634,3100.0,9400.0,0.2720632671162971,0.0323498169540074,0.1189054931850797,0.1062615755542475,0.3044356982782785,,False,100000.0,0.07797,0.25,,Delta,Delta,Short-clip find_peaks backtracking v2
scam_0453_0707157719_889_ca0_scam02453_battle_river_________01p02.wav,Delta,,0.07151,-3844.805218341531,0.8808685400362941,0.002080729593748,14.462351839963764,6606.965753670887,2206.6049361884648,6500.0,8100.0,6.182832465519098,0.3459873525563148,0.0559593607761238,0.0529920113762866,6.529047370923925,,False,100000.0,0.07183,0.32,,Delta,Delta,Short-clip find_peaks backtracking v2
scam_0454_0707256160_466_ca0_scam07454_dakavak______________01p02.wav,Delta,,0.07214,-5350.0356486905575,0.8352114807017316,0.0014953171390471,16.074787246069057,7886.284414670111,4365.485858239753,7600.0,11500.0,0.9138410483199338,0.2544631746652177,0.2784545245948841,0.2177687467876151,1.1685018094602428,,False,100000.0,0.07238,0.24,,Delta,Delta,Short-clip find_peaks backtracking v2
scam_0456_0707411338_725_ca0_scam15012_aegis_0456a__________01p02.wav,Delta,,0.07591,-10306.298908884532,0.9568390874432394,0.000776224333364,19.68853898495507,6474.448946627508,2629.6608755471293,6900.0,8700.0,0.642976405654626,0.0393540702897769,0.0612060877252717,0.0576747965158458,0.6823443283231108,,False,100000.0,0.07623,0.32,,Delta,Delta,Short-clip find_peaks backtracking v2
scam_0457_0707501296_475_ca0_scam15012_aegis_0457b__________01p02.wav,Delta,,0.07246,-10956.554776403467,0.97477096903241,0.0007301565285128,19.558507335138305,7083.485612886353,3409.70141830961,3500.0,11200.0,0.977315461397326,0.2396070464742602,0.2451685826515829,0.1968461041962321,1.2172303203694623,,False,100000.0,0.07269,0.23,,Delta,Delta,Short-clip find_peaks backtracking v2
scam_0457_0707509600_591_ca0_scam03457_furnace_mountain_____01p02.wav,Delta,,0.073,-2543.226059007225,0.8950698774260881,0.0031456110524138,-0.8362556197819884,9801.404380983262,5155.377673837764,7900.0,15200.0,0.032991191126563,0.0226911492154076,0.6877941790085229,0.4074969867204218,0.0556842135153646,,False,100000.0,0.07307,0.0699999999999999,,Delta,Delta,Short-clip find_peaks backtracking v2
scam_0458_0707599716_998_ca0_scam03458_falls_hollow_________01p02.wav,Delta,,0.07444,-7030.8387634607525,0.8956695418881669,0.0011378443268498,15.821294258395785,5443.954635851891,2769.3675890159075,3700.0,7600.0,0.7072700940353173,0.036785537642126,0.052010593905147,0.0494380527033112,0.744073353027965,,False,100000.0,0.07476,0.32,,Delta,Delta,Short-clip find_peaks backtracking v2
scam_0461_0707844535_195_ca0_scam15012_aegis_0461a__________01p02.wav,Delta,,0.07302,-10895.53268314718,0.9794685398725852,0.0007342458815597,15.819027003549175,6200.113478755541,2648.792032070025,6300.0,8700.0,4.947372814180727,0.5571847413210215,0.1126223477082533,0.101217504621913,5.504825903407957,,False,100000.0,0.07335,0.33,,Delta,Delta,Short-clip find_peaks backtracking v2
scam_0462_0707946034_841_ca0_scam15012_aegis_0462b__________01p02.wav,Delta,,0.07764,-6571.958143518817,0.8581844953237023,0.0012172932062705,17.981188012944656,6343.299031541946,3120.449388679169,6100.0,8400.0,0.4605183616146898,0.0523707659030918,0.1137213415757563,0.1020949711518792,0.5129612684368522,,False,100000.0,0.07797,0.33,,Delta,Delta,Short-clip find_peaks backtracking v2
scam_0463_0708046017_931_ca0_scam01463_pignut_mountain_scam_01p02.wav,Delta,,0.06933,-5579.202404431145,0.933881069981528,0.0014338967149939,17.851221080497204,6699.549792229493,2976.688735914653,7500.0,9500.0,4.652725504973472,0.6411667780622918,0.1378045572163938,0.1211056994613798,5.294274182915376,,False,100000.0,0.06966,0.33,,Delta,Delta,Short-clip find_peaks backtracking v2
scam_0464_0708132109_040_ca0_scam01464_gimlet_ridge_________01p02.wav,Delta,,0.07851,-7151.7009401185605,0.7822151429826744,0.0011186150073925,15.783645542459166,6487.226194077347,3724.34542975372,5300.0,9000.0,0.2303936541304313,0.0294464217893335,0.1278091703544199,0.1133130415074305,0.2598678969128424,,False,100000.0,0.07884,0.33,,Delta,Delta,Short-clip find_peaks backtracking v2
scam_0466_0708311854_826_ca0_scam01466_reids_gap____________01p02.wav,Delta,,0.07379,-8686.463637408864,0.9600683146255654,0.0009209731754988,16.476676707765108,6504.112729519049,3231.6369954030865,3500.0,9300.0,0.4084838657307599,0.0515116243390182,0.1261044282541396,0.1119814110089696,0.460001565214178,,False,100000.0,0.07402,0.23,,Delta,Delta,Short-clip find_peaks backtracking v2
scam_0472_0708832228_388_ca0_scam02472_austin_mountain______01p02.wav,Delta,,0.07344,-3800.735055938324,0.7930376388470086,0.0021048560034461,15.379459843653846,6551.497715614946,2695.6183978376084,5600.0,8900.0,1.8333661430253756,0.1812347991019042,0.0988535758617397,0.0899566858357326,2.0146895966449,,False,100000.0,0.07376,0.32,,Delta,Delta,Short-clip find_peaks backtracking v2
scam_0473_0708921605_229_ca0_scam02473_snead_farm___________01p02.wav,Delta,,0.07345,-6248.348961138288,0.6325063498502952,0.0012803382221057,16.929580268368888,6325.309354824404,2558.5097392055354,7200.0,8200.0,1.588300646105803,0.0955897815880189,0.0601836823666766,0.0567624665064094,1.6840314995336794,,False,100000.0,0.07371,0.2599999999999999,,Delta,Delta,Short-clip find_peaks backtracking v2
scam_0488_0710264577_671_ca0_scam02488_short_mountain_______01p02.wav,Delta,,0.07126,-17534.095396747984,0.736679312947787,0.0004562539337777,18.0932401102032,6658.337833493045,2938.7234441859514,5500.0,8900.0,3.163630355446826,0.2415132595799068,0.0763405431244814,0.0709153584281969,3.405655205486174,,False,100000.0,0.0716,0.34,,Delta,Delta,Short-clip find_peaks backtracking v2
scam_0497_0711062133_153_ca0_scam04497_pollock_knob_________01p02.wav,Delta,,0.07622,-8247.308090051916,0.9418819090676864,0.000970013477446,17.03428675639318,6254.888909392559,2812.2499719300326,4400.0,8100.0,0.4658065328665048,0.0308819468507929,0.0662977967714407,0.0621666055979886,0.4967610271420727,,False,100000.0,0.07659,0.37,,Delta,Delta,Short-clip find_peaks backtracking v2
scam_0501_0711414592_419_ca0_scam01501_pollock_knob_501_sca_01p02.wav,Delta,,0.07637,-17369.441670892353,0.8052191653221218,0.0004605789956626,22.51348874045433,5935.206164085344,2826.860869137937,4900.0,7800.0,0.4640806317577211,0.034119244319839,0.073520078161011,0.0684751220431502,0.4982721213455958,,False,100000.0,0.0767,0.33,,Delta,Delta,Short-clip find_peaks backtracking v2
scam_0504_0711700522_280_ca0_scam04504_hightop______________01p02.wav,Delta,,0.06905,-3275.9670529598725,0.8637692732148765,0.0024420270016976,12.06564071500956,6946.822116325533,3115.1065994923365,4300.0,9800.0,6.272644708113396,1.0561949879736727,0.1683811274385635,0.1441122703714129,7.328973343155284,,False,100000.0,0.0693,0.25,,Delta,Delta,Short-clip find_peaks backtracking v2
scam_0505_0711777950_028_ca0_scam01505_apple_orchard_mounta_01p02.wav,Delta,,0.07089,-10864.57512004898,0.9652547989101788,0.0007363380446638,19.700087591929,7148.852899296042,3503.2799652421986,6000.0,9000.0,2.2837945576657503,0.2930037354268976,0.1282968883708938,0.1137012251000798,2.5769619911218693,,False,100000.0,0.07119,0.3,,Delta,Delta,Short-clip find_peaks backtracking v2
scam_0520_0713103129_850_ca0_scam05520_hogback_mountain_____01p02.wav,Delta,,0.07104,-7358.496458876614,0.94111002283379,0.0010871786165432,18.342350762724195,6724.421361705699,3468.58896774419,7200.0,9200.0,1.9421466240929388,0.1936735081680298,0.0997213628288663,0.0906708245689205,2.136006913897811,,False,100000.0,0.07138,0.34,,Delta,Delta,Short-clip find_peaks backtracking v2
scam_0521_0713193045_560_ca0_scam07521_mill_prong_521_______01p02.wav,Delta,,0.07483,-2482.792725935736,0.9667471878523864,0.0032221779596945,11.390529567631804,6170.393377447824,2629.717207654161,5400.0,8400.0,1.0110343257348102,0.1032753098705953,0.1021481736493326,0.0926773960483471,1.1143527362024663,,False,100000.0,0.0752,0.37,,Delta,Delta,Short-clip find_peaks backtracking v2
scam_0532_0714154700_858_ca0_scam01532_loft_mountain________01p02.wav,Delta,,0.07838,-4235.592348034643,0.8846797122385307,0.0018887558911829,16.934561428652707,6584.496395156163,3006.440716440877,7500.0,8800.0,0.8524796061172979,0.0768468729744942,0.0901451159922767,0.0826859080607166,0.9293829477940206,,False,100000.0,0.07868,0.3,,Delta,Delta,Short-clip find_peaks backtracking v2
scam_0544_0715237522_243_ca0_scam15012_aegis_0544b__________01p02.wav,Delta,,0.0781,-5761.492292878179,0.7303399686169162,0.0013885291506662,15.763819657218146,6895.036791345744,3842.516795922714,6600.0,9600.0,0.0984144417205662,0.0130794961701546,0.1329022035941836,0.117308474068039,0.1114966013671653,,False,100000.0,0.07838,0.2799999999999999,,Delta,Delta,Short-clip find_peaks backtracking v2
scam_0550_0715772566_733_ca0_scam15011_aegis_0550a__________01p02.wav,Delta,,0.076,-8610.009353038196,0.9735414072110132,0.0009291511393279,16.426002669885918,7051.47832430424,4069.907915519691,4300.0,10600.0,0.1308668618902709,0.0266022153672828,0.2032769410302525,0.1689074860018839,0.1574957747401799,,False,100000.0,0.07627,0.27,,Delta,Delta,Short-clip find_peaks backtracking v2
scam_0554_0716124210_576_ca0_scam02554_barrier_range________01p02.wav,Delta,,0.07838,-3130.964040917865,0.8928581624255582,0.0025551235643238,-14.432677343469347,7361.723652536007,3721.1888152935794,3900.0,11000.0,0.673403850822334,0.1770779472958563,0.2629595109674764,0.2082018212853593,0.8505110387730717,,False,100000.0,0.07864,0.2599999999999999,,Delta,Delta,Short-clip find_peaks backtracking v2
scam_0561_0716747598_035_ca0_scam04561_becharof_____________01p02.wav,Delta,,0.06894,-3404.21988291096,0.9036350406980758,0.0023500244623326,8.25276454209623,6961.254652657927,2507.308204626396,4400.0,9700.0,24.793953973179317,3.2811175708000704,0.1323353900853973,0.1168674166693653,28.07555488355511,,False,100000.0,0.06919,0.25,,Delta,Delta,Short-clip find_peaks backtracking v2
scam_0593_0719582709_653_ca0_scam01593_knife_creek__________01p02.wav,Delta,,0.06922,-15132.77796893876,0.954411146592586,0.0005286537618156,19.083855024026303,6936.149978181455,3125.8682474284988,6500.0,9400.0,3.986296273421543,0.5708204067119073,0.1431956802904559,0.1252501938413666,4.557441303722607,,False,100000.0,0.06952,0.3,,Delta,Delta,Short-clip find_peaks backtracking v2
scam_0607_0720827278_796_ca0_scam02607_mount_cerberus_scam__01p02.wav,Delta,,0.06883,-10688.0767867804,0.8510344135430601,0.0007484976165117,17.5438301057631,6884.716222565702,3064.1683872011663,3800.0,9900.0,7.069651322421848,1.191079950751011,0.1684778918266344,0.1441846300644392,8.260796939442795,,False,100000.0,0.06914,0.31,,Delta,Delta,Short-clip find_peaks backtracking v2
scam_0608_0720913346_166_ca0_scam01608_moraine_creek_608____01p02.wav,Delta,,0.07012,-4912.007146916732,0.8722622674206272,0.0016286621254249,15.64219614415107,6581.643269322259,2878.49468162703,6600.0,9000.0,5.912771950946721,0.6450885791596435,0.1091008725706655,0.098363193231009,6.558231366529883,,False,100000.0,0.0704,0.2799999999999999,,Delta,Delta,Short-clip find_peaks backtracking v2
scam_0608_0720916149_468_ca0_scam02608_mount_griggs_________01p02.wav,Delta,,0.06937,-5169.790823510943,0.9005722301742729,0.0015474513908024,15.83612644533927,6567.020821772997,2777.036468940805,3700.0,9000.0,6.809293533673929,0.6764795238726686,0.0993465064367223,0.0903670721606737,7.48590728567459,,False,100000.0,0.0697,0.33,,Delta,Delta,Short-clip find_peaks backtracking v2
scam_0620_0721976717_616_ca0_scam01620_kupreanof_strait_620_01p02.wav,Delta,,0.06886,-4585.204829498674,0.9531936783839892,0.0017447421211223,14.273982611955828,7437.069493845606,3177.2263539261635,6200.0,9900.0,5.906663565861107,0.9129551599530552,0.1545635958055382,0.1338685059538248,6.819790461155665,,False,100000.0,0.06911,0.25,,Delta,Delta,Short-clip find_peaks backtracking v2
scam_0643_0724021966_038_ca0_scam01643_levelock_____________01p02.wav,Delta,,0.07378,-15515.736929276469,0.8707634783977861,0.0005156055452902,19.04307608252476,6141.015488323757,2851.4405387184884,3900.0,8600.0,0.8086132219959447,0.0512267536708255,0.0633513678447894,0.0595666002018877,0.8599912282588527,,False,100000.0,0.07413,0.35,,Delta,Delta,Short-clip find_peaks backtracking v2
scam_0657_0725264911_733_ca0_scam01657_dolgoi_island________01p02.wav,Delta,,0.07358,-7809.482948831643,0.9925037147294968,0.0010243956037059,15.656708842941065,7032.214565462,3385.215982144741,5000.0,9800.0,0.4150409710926281,0.0662505156843353,0.159624037862878,0.1376474861490845,0.4813056710137092,,False,100000.0,0.0738,0.22,,Delta,Delta,Short-clip find_peaks backtracking v2
scam_0669_0726333000_865_ca0_scam02669_lake_clark___________01p02.wav,Delta,,0.0706,-5282.671124106285,0.9387031311652144,0.0015143853955802,14.148296741043858,7530.558966338166,3804.3719188403206,4700.0,10100.0,1.1049464583336774,0.1975837664103116,0.1788175028030582,0.1516770033914964,1.3026613263206714,,False,100000.0,0.07083,0.23,,Delta,Delta,Short-clip find_peaks backtracking v2
scam_0673_0726685505_155_ca0_scam01673_kubugakli____________01p02.wav,Delta,,0.07005,-8009.922016078637,0.7988151451023586,0.0009987612843097,18.00228809052535,7204.250991336764,3098.218103460544,7600.0,9600.0,3.1673703147611083,0.500513923632166,0.1580219153092353,0.1364534671030696,3.6680191002703113,,False,100000.0,0.07036,0.31,,Delta,Delta,Short-clip find_peaks backtracking v2
scam_0676_0726946541_858_ca0_scam01676_unga_island__________01p02.wav,Delta,,0.07393,-15150.333592515834,0.877775838299142,0.0005280411781792,20.261248254391425,7371.021233034015,2568.9052010631563,6700.0,10100.0,0.9367118200453391,0.1669009414121542,0.178177469143152,0.1512268841182174,1.1036459713187243,,False,100000.0,0.07425,0.32,,Delta,Delta,Short-clip find_peaks backtracking v2
scam_0681_0727393932_667_ca0_scam01681_chignik______________01p02.wav,Delta,,0.07558,-6835.691249711067,0.8577548772979011,0.0011703278728889,18.544174052525552,7625.979469577895,3948.527786515181,9100.0,10700.0,0.1446133351783989,0.0329269853274707,0.2276898274066572,0.1854585923429333,0.1775435956430915,,False,100000.0,0.07583,0.25,,Delta,Delta,Short-clip find_peaks backtracking v2
scam_0691_0728279185_537_ca0_scam01691_manokotak____________01p02.wav,Delta,,0.07723,-14379.28421117378,0.7141830034261265,0.0005563559272153,20.94846621899662,6207.641569535547,3278.788779992597,4800.0,8400.0,0.3885814452490355,0.0500315846687758,0.128754435602841,0.114057395705329,0.4386527007686031,,False,100000.0,0.07757,0.34,,Delta,Delta,Short-clip find_peaks backtracking v2
scam_0695_0728634272_026_ca0_scam01695_ugak_island__________01p02.wav,Delta,,0.07801,-7379.661440106554,0.8794704132567976,0.0010840605717387,19.16253316598963,6426.635810285235,3591.180149400013,4800.0,8700.0,0.1806037331220487,0.0220710855005892,0.1222072496456873,0.1088830581397499,0.2027044967111536,,False,100000.0,0.07835,0.34,,Delta,Delta,Short-clip find_peaks backtracking v2
scam_0697_0728812707_807_ca0_scam01697_abbott_ridge_________01p02.wav,Delta,,0.07041,-36552.86559607478,0.931141526942574,0.000218861089809,18.43998559024572,11646.409613458296,6737.196270719183,3600.0,20700.0,0.1252810276900334,0.1370040303976422,1.0935736473731166,0.5222570361173837,0.2623306550662707,,False,100000.0,0.07065,0.24,,Delta,Delta,Short-clip find_peaks backtracking v2
scam_0702_0729255014_836_ca0_scam01702_neighbor_mountain____01p02.wav,Delta,,0.07859,-4063.557543332471,0.7314089917591531,0.0019687182757203,14.429628689963929,6603.544780236366,2938.1594727619727,6800.0,8400.0,0.3769908032886824,0.0335125453395207,0.0888948617504028,0.081636859516873,0.4105075273332166,,False,100000.0,0.07888,0.29,,Delta,Delta,Short-clip find_peaks backtracking v2
scam_0703_0729348823_160_ca0_scam02703_aegis_0703a__________01p02.wav,Delta,,0.06955,-2973.6688017600327,0.8940609125640495,0.0026902794269708,-1.2178981107024391,8138.157068292072,5288.90499959356,2700.0,13900.0,0.0413679158207261,0.0172921711542231,0.4180092424564321,0.2947777551289722,0.0586617234623333,,False,100000.0,0.06984,0.29,,Delta,Delta,Short-clip find_peaks backtracking v2
scam_0706_0729612102_778_ca0_scam02706_the_peak_____________01p02.wav,Upper Fan,,0.07768,-6522.728429412458,0.8808714002406761,0.0012264806187432,17.95734652425447,6062.884300596334,2948.2817130314224,3500.0,8600.0,0.5088050209860733,0.0393104792694921,0.0772603996582182,0.0717186963573964,0.5481203823560302,,False,100000.0,0.07798,0.3,,Upper Fan,Upper Fan,Short-clip find_peaks backtracking v2
scam_0707_0729698581_651_ca0_scam01707_nicholson_hollow_707_01p02.wav,Upper Fan,,0.07039,-5546.802636320333,0.8768570482877482,0.0014422723367902,16.03458185795374,6606.503777495926,3058.406064609944,5500.0,9100.0,3.3624185835070746,0.3331055326546458,0.0990672411485454,0.0901367719647085,3.6955564903640807,,False,100000.0,0.0707,0.31,,Upper Fan,Upper Fan,Short-clip find_peaks backtracking v2
scam_0711_0730057751_650_ca0_scam01711_lydia_scam___________01p02.wav,Upper Fan,,0.07044,-4577.034458612195,0.944246511204664,0.0017478566247075,16.68320759392342,7316.513126077789,3341.5269231224943,7000.0,9700.0,2.375402619314026,0.3977597035572196,0.1674493832426965,0.1434277396836936,2.7732411068766294,,False,100000.0,0.07074,0.3,,Upper Fan,Upper Fan,Short-clip find_peaks backtracking v2
scam_0715_0730426950_232_ca0_scam02715_aegis_0715a__________01p02.wav,Upper Fan,,0.0775,-7273.396325106732,0.7021386658368566,0.001099898815136,15.746609780535486,6041.919936886833,3380.5498693876266,5000.0,8500.0,0.2472517956259547,0.0242993807088332,0.0982778735633274,0.089479922850322,0.2715623788531887,,False,100000.0,0.07772,0.22,,Upper Fan,Upper Fan,Short-clip find_peaks backtracking v2
scam_0717_0730586200_716_ca0_scam01717_morningstar__________01p02.wav,Upper Fan,,0.07152,-40137.440813009845,0.8769569014691754,0.0001993151490965,18.78724544553063,7518.34612934178,4081.217296008208,5800.0,10000.0,0.8503919320839636,0.1500791708420591,0.1764823549939807,0.1500036363185503,1.0005035512829068,,False,100000.0,0.07176,0.24,,Upper Fan,Upper Fan,Short-clip find_peaks backtracking v2
scam_0728_0731562419_624_ca0_scam01728_stack_rocks_scam_____01p02.wav,Upper Fan,,0.07716,-40290.268798647565,0.94838799199361,0.0001985591121265,23.20055205921981,5817.595690572292,2870.8597225768617,4800.0,7900.0,0.3384497759300009,0.0280771249587316,0.0829580249582988,0.0766016630414071,0.3665341435675427,,False,100000.0,0.07747,0.31,,Upper Fan,Upper Fan,Short-clip find_peaks backtracking v2
scam_0729_0731658812_779_ca0_scam02729_green_scar___________01p02.wav,Upper Fan,,0.07552,-8441.294037525191,0.8924402653313782,0.0009477219919643,19.73277000178579,6465.576852413336,2881.748400391617,6000.0,8300.0,0.4814256631337303,0.042799670028625,0.0889019288046059,0.0816427994401728,0.5242307995573854,,False,100000.0,0.0758,0.2799999999999999,,Upper Fan,Upper Fan,Short-clip find_peaks backtracking v2
scam_0733_0732013189_086_ca0_scam02733_aegis_0733a__________01p02.wav,Upper Fan,,0.0783,-11030.484488358592,0.7479130050515113,0.0007252627940724,20.436280526298187,7276.205312967473,3515.022038346593,6900.0,9700.0,0.1859496637381279,0.0305740008761962,0.1644208451984806,0.1412007344952878,0.2165286249075184,,False,100000.0,0.07859,0.29,,Upper Fan,Upper Fan,Short-clip find_peaks backtracking v2
scam_0739_0732537655_271_ca0_scam01739_castlebythe__________01p02.wav,Upper Fan,,0.06925,-7155.90874168878,0.8525806885989875,0.0011179572418795,19.079182606085396,7482.29614443703,3313.883438399828,8500.0,10800.0,3.2632617766429908,0.8984816736598118,0.2753323929115197,0.2158820974010463,4.161909136868785,,False,100000.0,0.06956,0.31,,Upper Fan,Upper Fan,Short-clip find_peaks backtracking v2
scam_0739_0732542034_806_ca0_scam04739_glyn_gath____________01p02.wav,Upper Fan,,0.07104,-9307.001944906706,0.8083399292919623,0.0008595678874202,18.1958243987258,6969.674928403055,3354.9341561992105,4000.0,9700.0,2.955478372955563,0.5004643730630132,0.1693344731068136,0.1448036495904572,3.456158560080894,,False,100000.0,0.07137,0.33,,Upper Fan,Upper Fan,Short-clip find_peaks backtracking v2
scam_0741_0732716997_368_ca0_scam01741_porthgain____________01p02.wav,Upper Fan,,0.07265,-8728.340459480462,0.800768348797456,0.0009165545314299,-23.32357703125405,7780.359188854367,3341.101145727292,7400.0,9700.0,0.2513056314247406,0.0404576828224635,0.1609899571016162,0.1386631461569171,0.2917695432691245,,False,100000.0,0.07276,0.11,,Upper Fan,Upper Fan,Short-clip find_peaks backtracking v2
scam_0741_0732719833_645_ca0_scam02741_cardigan_bay_________01p02.wav,Upper Fan,,0.07068,-9823.59601975119,0.9585042369455252,0.0008143657357158,16.340410751996494,6559.529032352833,3178.3303755100355,4100.0,9600.0,3.128039901671964,0.4471130893200447,0.1429371438264131,0.1250543382015093,3.575350489637377,,False,100000.0,0.07099,0.31,,Upper Fan,Upper Fan,Short-clip find_peaks backtracking v2
scam_0756_0734064553_357_ca0_scam06756_carn_goedog__________01p02.wav,Upper Fan,,0.0775,-20234.36863649736,0.8827020409514654,0.0003953669197056,19.019779247796023,6916.378107738088,3568.7771375149123,5600.0,9100.0,0.1944222355541707,0.0212200749665483,0.1091442802623053,0.0984014110503686,0.2156480759781629,,False,100000.0,0.07777,0.27,,Upper Fan,Upper Fan,Short-clip find_peaks backtracking v2
scam_0756_0734065357_462_ca0_scam07756_frenni_fawr__________01p02.wav,Upper Fan,,0.07583,-4543.449472349039,0.954307730378972,0.0017607767069243,13.985470391363968,5691.016878275044,2990.2974630233416,4800.0,8300.0,0.5659965301193169,0.047934406404606,0.0846902831621618,0.0780763891752583,0.6139424083381658,,False,100000.0,0.0761,0.27,,Upper Fan,Upper Fan,Short-clip find_peaks backtracking v2
scam_0757_0734139259_744_ca0_scam02757_church_doors_cove____01p02.wav,Upper Fan,,0.07557,-4125.975604369733,0.6764153759027296,0.0019389353615002,13.852931863069482,6401.80952162539,2808.439478397389,4800.0,9200.0,0.7328587543114763,0.0855320307819565,0.1167101167568288,0.1045081759941977,0.8184242999964452,,False,100000.0,0.07581,0.24,,Upper Fan,Upper Fan,Short-clip find_peaks backtracking v2
scam_0757_0734140812_773_ca0_scam03757_puncheston___________01p02.wav,Upper Fan,,0.07631,-4238.795783287111,0.930563700163579,0.0018873284793626,14.88212352271898,6280.674646851433,3063.0011346809097,7300.0,8700.0,0.3190526007914412,0.0277869391390163,0.0870920314396063,0.0801129555675753,0.3468470104760778,,False,100000.0,0.07663,0.32,,Upper Fan,Upper Fan,Short-clip find_peaks backtracking v2
scam_0760_0734408380_788_ca0_scam05760_aegis_0760a__________01p02.wav,Upper Fan,,0.07424,-13615.763701417756,0.7378715937775288,0.0005875542625028,20.05683691291143,7385.877106852932,2775.787512118012,6600.0,9400.0,0.4372839152458977,0.0415190583050727,0.0949476000774585,0.0867103327799004,0.4788248063868223,,False,100000.0,0.07457,0.33,,Upper Fan,Upper Fan,Short-clip find_peaks backtracking v2
scam_0761_0734493614_577_ca0_scam01761_st_davids____________01p02.wav,Upper Fan,,0.06896,-5114.208948005527,0.9272705936989571,0.0015642692899983,17.925411362930554,6867.603011666976,3135.099225417969,6700.0,9400.0,4.329935915007432,0.5448026149001952,0.1258223275342079,0.1117557094991897,4.874942115634326,,False,100000.0,0.06924,0.2799999999999999,,Upper Fan,Upper Fan,Short-clip find_peaks backtracking v2
scam_0772_0735468716_494_ca0_scam01772_junco_lake___________01p02.wav,Upper Fan,,0.06985,-4308.216630595168,0.9268696061387608,0.0018569168372795,14.85440907276879,6720.095795184123,2722.2414435096634,5200.0,9000.0,9.15536612948123,0.6016776839844463,0.0657185824657499,0.0616654519268719,9.75712761657801,,False,100000.0,0.07018,0.33,,Upper Fan,Upper Fan,Short-clip find_peaks backtracking v2
scam_0773_0735557486_652_ca0_scam01773_eagle_lake___________01p02.wav,Upper Fan,,0.07181,-1750.7436080744742,0.8598620902781764,0.0045694869100785,12.60797070877324,6618.77841410146,2236.6343054205454,6600.0,8000.0,6.419356336190518,0.4481092198524938,0.0698059425874492,0.0652499097134361,6.8675837533031885,,False,100000.0,0.07213,0.32,,Upper Fan,Upper Fan,Short-clip find_peaks backtracking v2
scam_0775_0735740021_115_ca0_scam01775_skeleton_gulch_______01p02.wav,Upper Fan,,0.0719,-6164.583772354957,0.7266875343113638,0.001297735629107,18.54384699887368,7705.345747380522,4343.975169250447,6200.0,10700.0,0.80063464421203,0.2087974825103465,0.2607899670839764,0.2068296105150677,1.0095144597061232,,False,100000.0,0.07218,0.2799999999999999,,Upper Fan,Upper Fan,Short-clip find_peaks backtracking v2
scam_0784_0736535004_617_ca0_scam02784_pipit_lake_784_______01p02.wav,Upper Fan,,0.07086,-22775.40351262401,0.8651743481752232,0.0003512561257395,17.63431308866138,7026.694423654266,3302.610673404009,6500.0,9600.0,3.4054353262602937,0.4945126142988043,0.1452127457789243,0.1267797746974198,3.900563914701992,,False,100000.0,0.0712,0.34,,Upper Fan,Upper Fan,Short-clip find_peaks backtracking v2
scam_0785_0736623545_743_ca0_scam04785_baker_gulch__________01p02.wav,Upper Fan,,0.06983,-6125.99637797181,0.8988544728950166,0.0013059100114337,17.825445495407276,6747.794844521673,2953.1837136086983,3900.0,8800.0,3.474551768742638,0.3861010332621025,0.1111225444201177,0.1000059714900706,3.860779786539421,,False,100000.0,0.07016,0.33,,Upper Fan,Upper Fan,Short-clip find_peaks backtracking v2
scam_0785_0736626207_089_ca0_scam05785_aspenglen____________01p02.wav,Upper Fan,,0.06948,-3717.586931585565,0.8127792698410341,0.0021519335384009,14.24054967945684,7275.620691599125,3172.4764432312363,5600.0,10400.0,2.196742021351846,0.4651211280501223,0.2117322487252703,0.1747300796073328,2.6619408008934644,,False,100000.0,0.06976,0.2799999999999999,,Upper Fan,Upper Fan,Short-clip find_peaks backtracking v2
scam_0791_0737161909_605_ca0_scam01791_ouzel_falls_791_scam_01p02.wav,Upper Fan,,0.06887,-12181.67696033612,0.8972711849532653,0.0006567240311862,17.602007257255657,6337.417275188778,3631.4055017025103,3600.0,10200.0,3.217863542911205,0.5899853972496852,0.1833469286009327,0.1549306091382673,3.808062206243277,,False,100000.0,0.06913,0.2599999999999999,,Upper Fan,Upper Fan,Short-clip find_peaks backtracking v2
scam_0792_0737243944_854_ca0_scam01792_mount_ida____________01p02.wav,Upper Fan,,0.07863,-6053.912837591392,0.9292040398119435,0.0013214593957026,10.894752842139424,5637.384998874478,2911.9199205204886,3500.0,8200.0,0.7494633519265073,0.0478921103883941,0.0639018709391015,0.0600622982229195,0.7973739234992957,,False,100000.0,0.07893,0.3,,Upper Fan,Upper Fan,Short-clip find_peaks backtracking v2
scam_0792_0737246780_980_ca0_scam02792_coyote_valley________01p02.wav,Upper Fan,,0.07065,-7007.64216861423,0.9765347510008846,0.0011416108025364,15.314893381449243,6631.924799085244,2363.1941356430366,7300.0,8400.0,7.601032709121101,0.5217705144336067,0.0686446874261561,0.064231896002832,8.123230776351386,,False,100000.0,0.071,0.35,,Upper Fan,Upper Fan,Short-clip find_peaks backtracking v2
scam_0795_0737511539_290_ca0_scam01795_chipmunk_lake________01p02.wav,Upper Fan,,0.0718,-10094.014207209506,0.6234861028152829,0.0007925489142155,19.922093519146863,7318.456329473768,3486.798193822288,3900.0,10100.0,1.6527911553224326,0.3017227295292556,0.1825534512074482,0.1543635183000647,1.9546245955779635,,False,100000.0,0.07209,0.29,,Upper Fan,Upper Fan,Short-clip find_peaks backtracking v2
scam_0795_0737514363_873_ca0_scam02795_alberta_falls________01p02.wav,Upper Fan,,0.06984,-10237.242184618844,0.82739398862618,0.0007814604612968,20.5651857468934,6842.904389435488,2879.019288060664,6700.0,8600.0,5.257495702197685,0.4932284260999789,0.0938143279686951,0.0857622085922154,5.751116187377999,,False,100000.0,0.07018,0.34,,Upper Fan,Upper Fan,Short-clip find_peaks backtracking v2
scam_0856_0742928264_896_ca0_scam03856_mount_patterson______01p02.wav,Upper Fan,,0.07197,-4194.613019904624,0.7916981439972489,0.0019072081171821,13.938774919664151,6853.113095489362,3475.219442509013,4200.0,10200.0,1.942790092055184,0.3674266159145781,0.1891231674575276,0.1590394044902099,2.310286668214957,,False,100000.0,0.07227,0.3,,Upper Fan,Upper Fan,Short-clip find_peaks backtracking v2
scam_0856_0742943473_087_ca0_scam07856_aegis_0856a__________01p02.wav,Upper Fan,,0.07256,-3826.2062073271945,0.8116499935991629,0.0020908439238533,15.069950448830502,6270.4584446076005,2051.0456625904867,6700.0,8000.0,2.65879182893154,0.1007105258188879,0.0378783042444355,0.0364943566025675,2.7596191629201763,,False,100000.0,0.0729,0.34,,Upper Fan,Upper Fan,Short-clip find_peaks backtracking v2
scam_0857_0743015607_087_ca0_scam01857_cub_lake_____________01p02.wav,Upper Fan,,0.06983,-6617.091641958047,0.9481450066414489,0.0012089903590382,15.798137028091292,10289.98463795413,6595.883163662329,19500.0,19500.0,6.531860642775503,3.686834017132999,0.5644385602762031,0.3607826532784094,10.218989143826535,,False,100000.0,0.07014,0.31,,Upper Fan,Upper Fan,Short-clip find_peaks backtracking v2
scam_0857_0743017314_139_ca0_scam02857_hallett_peak_________01p02.wav,Upper Fan,,0.06925,-3921.95421616852,0.8807566177483989,0.0020397994364695,13.407926490836982,9233.447654642549,5963.186997761332,19500.0,19500.0,9.084262571315453,3.2260091496251206,0.3551206412517836,0.2620544763106424,12.310452372509644,,False,100000.0,0.06954,0.29,,Upper Fan,Upper Fan,Short-clip find_peaks backtracking v2
scam_0858_0743106427_730_ca0_scam02858_estes_cone___________01p02.wav,Upper Fan,,0.06887,-7673.892991539543,0.937194146767418,0.0010424956418886,17.5832270667977,6328.977854327898,2516.271245498589,4800.0,8400.0,12.220786273343998,1.0011085997947482,0.0819185097752972,0.0757156965680402,13.2219426773037,,False,100000.0,0.06917,0.3,,Upper Fan,Upper Fan,Short-clip find_peaks backtracking v2
scam_0859_0743192855_122_ca0_scam01859_fox_creek____________01p02.wav,Upper Fan,,0.07064,-1681.3778973703213,0.9732290345076704,0.0047580023577757,9.902192798702965,8635.736653875332,5577.019193198064,19500.0,19500.0,14.14427963621545,4.86136979322953,0.343698648376714,0.2557835918213939,19.005792195709255,,False,100000.0,0.07082,0.18,,Upper Fan,Upper Fan,Short-clip find_peaks backtracking v2
scam_0867_0743904868_325_ca0_scam01867_st_vrain_creek_______01p02.wav,Upper Fan,,0.06979,-6543.978355010873,0.974388486619988,0.0012224979310749,16.34148062581426,6891.871895723978,3454.6445658051493,4500.0,9700.0,1.7385985175898524,0.2660709637525582,0.153037611076191,0.1327230604730505,2.0047078691843754,,False,100000.0,0.07001,0.22,,Upper Fan,Upper Fan,Short-clip find_peaks backtracking v2
scam_0872_0744346253_037_ca0_scam01872_hague_creek__________01p02.wav,Upper Fan,,0.07227,-897.7984361541385,0.967681058665838,0.008910686049164,10.706729760100696,15804.206008606576,6189.309659219482,19500.0,19600.0,1.0759363427027842,3.2716077502447085,3.0407075403980985,0.7521521265954829,4.349662301764948,,False,100000.0,0.07238,0.11,,Upper Fan,Upper Fan,Short-clip find_peaks backtracking v2
scam_0872_0744349038_166_ca0_scam02872_tent_rocks___________01p02.wav,Upper Fan,,0.07694,-25696.336292655196,0.9125059272119505,0.0003113284286478,18.42381275098622,6051.799633633959,3762.267942814077,3500.0,8900.0,0.1413758955248206,0.0197530583033098,0.139720128597466,0.1225893420186467,0.1611319383727932,,False,100000.0,0.07722,0.2799999999999999,,Upper Fan,Upper Fan,Short-clip find_peaks backtracking v2
scam_0875_0744613677_370_ca0_scam01875_ten_lake_park________01p02.wav,Upper Fan,,0.07118,-1185.439544843553,0.9914780395502056,0.0067485516530965,7.159572500116317,13386.657059832054,6990.04735270109,19500.0,19600.0,2.947217734570528,4.044286359105721,1.3722387428884888,0.5784437833322342,6.991667082681481,,False,100000.0,0.0713,0.12,,Upper Fan,Upper Fan,Short-clip find_peaks backtracking v2
scam_0878_0744879302_671_ca0_scam01878_devils_gulch_________01p02.wav,Upper Fan,,0.07519,-2476.9398791838075,0.8898055273429887,0.0032297917552347,11.917913200756152,7000.093589362323,3843.910037893505,5400.0,9500.0,0.180002766302895,0.0271530954782223,0.1508482121465352,0.1310740553887745,0.2071584296196863,,False,100000.0,0.07537,0.18,,Upper Fan,Upper Fan,Short-clip find_peaks backtracking v2
scam_0879_0744967655_849_ca0_scam01879_lake_dunraven________01p02.wav,Upper Fan,,0.06884,-1699.3196876805996,0.942716069681339,0.004707766324369,11.602078948530217,10568.907551817549,6234.533829080574,19500.0,19500.0,7.499990508232036,4.324908989802713,0.5766552617707538,0.3657357249301489,11.8252297902501,,False,100000.0,0.06907,0.23,,Upper Fan,Upper Fan,Short-clip find_peaks backtracking v2
scam_0885_0745501980_614_ca0_scam01885_marguerite_falls_____01p02.wav,Upper Fan,,0.06951,-9789.525476549956,0.9255228991214248,0.0008171999775845,16.72433739995157,7266.045429807397,3374.495117971188,4400.0,10100.0,1.7818344579411547,0.3391370829565638,0.190330297769875,0.1598940802763483,2.121010874013759,,False,100000.0,0.06983,0.32,,Upper Fan,Upper Fan,Short-clip find_peaks backtracking v2
scam_0886_0745610048_933_ca0_scam06886_aegis_0886a__________01p02.wav,Upper Fan,,0.07792,-2005.21692305612,0.8857930772978584,0.0039895932993659,13.563023014247104,5728.733662473391,2890.180716683068,4800.0,7500.0,0.428205751017149,0.0279696478331861,0.0653182442476491,0.061312808429034,0.456179525124173,,False,100000.0,0.07819,0.27,,Upper Fan,Upper Fan,Short-clip find_peaks backtracking v2
scam_0887_0745677802_921_ca0_scam01887_fairchild_mountain___01p02.wav,Upper Fan,,0.07112,-5718.950629410718,0.8185001844571438,0.0013988580280547,16.837976289279,8634.645823744879,4922.126870526817,8500.0,13700.0,0.5719868192178589,0.1683291249708908,0.294288468396992,0.2273645234311969,0.7403491205690635,,False,100000.0,0.07139,0.27,,Upper Fan,Upper Fan,Short-clip find_peaks backtracking v2
scam_0895_0746387573_576_ca0_scam01895_elk_mountain_________01p02.wav,Upper Fan,,0.07031,-10551.944637135994,0.9500582201890584,0.000758154091507,20.871105576865737,7516.622818001146,3609.166390075901,7700.0,10300.0,1.5506154324694192,0.3119607422333026,0.2011851137947803,0.1674754561374773,1.8627251385254933,,False,100000.0,0.0706,0.29,,Upper Fan,Upper Fan,Short-clip find_peaks backtracking v2
scam_0896_0746474974_670_ca0_scam01896_thunderbolt_peak_896_01p02.wav,Upper Fan,,0.06933,-44019.12056253697,0.9243959998362388,0.0001817392055489,20.11287654178805,6751.347820011415,3931.5734010412807,4700.0,9500.0,1.4989341499172908,0.19855233198318,0.1324623446561251,0.1169555506980481,1.6976734391666093,,False,100000.0,0.06959,0.2599999999999999,,Upper Fan,Upper Fan,Short-clip find_peaks backtracking v2
scam_0897_0746565537_411_ca0_scam01897_gaskil_______________01p02.wav,Upper Fan,,0.07538,-2615.067144447609,0.9152589542518194,0.0030591948726769,12.857681131172743,10066.015882125195,7078.663564354797,19500.0,19500.0,0.318841311712834,0.1970642188487545,0.6180636310587049,0.3819753221602177,0.5159082469890475,,False,100000.0,0.07566,0.2799999999999999,,Upper Fan,Upper Fan,Short-clip find_peaks backtracking v2
scam_0897_0746586271_740_ca0_scam05897_aegis_0897a__________01p02.wav,Upper Fan,,0.0788,-3958.47500943016,0.9270810000112616,0.002020980296943,13.869636769663051,6103.941401762016,3020.6843708027227,4700.0,8000.0,0.3746356185729718,0.0319307489976403,0.0852314820445212,0.078534676320683,0.4065815317969424,,False,100000.0,0.07891,0.11,,Upper Fan,Upper Fan,Short-clip find_peaks backtracking v2
scam_0899_0746743043_561_ca0_scam01899_lake_granby__________01p02.wav,Upper Fan,,0.06934,-6129.32620574788,0.9432564770444796,0.0013052005606257,14.027252964855087,7065.542425383152,2956.387478268513,7700.0,9200.0,4.970720283425316,0.4713377129263112,0.0948228196420485,0.0866066817726498,5.442278855153627,,False,100000.0,0.0696,0.2599999999999999,,Upper Fan,Upper Fan,Short-clip find_peaks backtracking v2
scam_0901_0746919132_651_ca0_scam02901_aegis_0901a__________01p02.wav,Upper Fan,,0.07705,-7256.692118796187,0.8884247801511235,0.0011024306762689,17.207024884897997,6545.89820501133,3893.798634523645,3100.0,9900.0,0.2145851552904978,0.0364008038379595,0.1696333737004381,0.1450261043333708,0.2509948398964452,,False,100000.0,0.07733,0.2799999999999999,,Upper Fan,Upper Fan,Short-clip find_peaks backtracking v2
scam_0902_0747009719_834_ca0_scam01902_meadow_mountain______01p02.wav,Upper Fan,,0.07624,-1961.0832496322653,0.8370162722173373,0.0040793780689831,12.39776536273502,7444.867908755452,4759.01736584461,4500.0,10300.0,0.91331779256547,0.18822213394922,0.2060861350576694,0.1708654005693704,1.1015813226200986,,False,100000.0,0.07653,0.29,,Upper Fan,Upper Fan,Short-clip find_peaks backtracking v2
scam_0905_0747275749_463_ca0_scam01905_radial_mountain______01p02.wav,Upper Fan,,0.06989,-5190.9372285240925,0.976302937124671,0.0015411475130233,14.919043915517836,6134.751715118058,3163.064860766469,4200.0,9300.0,3.671542653615274,0.4132445108398007,0.1125533732892601,0.1011649395576924,4.084858970376145,,False,100000.0,0.07021,0.32,,Upper Fan,Upper Fan,Short-clip find_peaks backtracking v2
scam_0906_0747363657_170_ca0_scam02906_aegis_0906a__________01p02.wav,Upper Fan,,0.07448,-1937.257293831508,0.8770197503393451,0.004129549557239,13.386902950884004,5635.792181361381,2379.245588424065,4000.0,7500.0,1.1880088188110862,0.042387851503809,0.0356797448239729,0.0344500446131813,1.2304149959675403,,False,100000.0,0.0748,0.32,,Upper Fan,Upper Fan,Short-clip find_peaks backtracking v2
scam_0907_0747453509_526_ca0_scam01907_middle_mountain______01p02.wav,Upper Fan,,0.07856,-4939.482893986944,0.9103911637598138,0.0016196027340713,15.799647044639013,7128.518560801183,4679.605874768438,3900.0,11300.0,0.1150706879008432,0.0272129368589202,0.2364888691929064,0.191168380602642,0.1423506166298726,,False,100000.0,0.07876,0.2,,Upper Fan,Upper Fan,Short-clip find_peaks backtracking v2
scam_0907_0747473615_494_ca0_scam08907_aegis_0907a__________01p02.wav,Upper Fan,,0.07874,-5750.085717912782,0.9159949082255432,0.001391283607317,16.20651673216236,5786.873894067292,3561.4009993481773,4100.0,8300.0,0.1920485054160553,0.0210766012983509,0.1097462396423781,0.0988856645700815,0.2131411199993879,,False,100000.0,0.07897,0.23,,Upper Fan,Upper Fan,Short-clip find_peaks backtracking v2
