File Name,Formation,Member,Onset (s),Slope (dB/s),R^2,Drop Time (s),C2 (dB),Spectral Centroid (Hz),Spectral Bandwidth (Hz),Peak Frequency (Hz),Rolloff 85% (Hz),Low Power 1-10 kHz,High Power 10-30 kHz,High/Low Ratio,High Frequency Fraction,Total FFT Power,Recovery Method
scam_0037_0670224261_699_ca0_scam01037_hedgehog_____________01p01.wav,Maaz,Nataani,0.07044,-2074.302191,0.9362933247,0.003856718675,12.18174618,10066.14647,11260.0387,4900,11600,12026252039,1423512951,0.118367131,0.037269736,38194876165,
scam_0037_0670224376_725_ca0_scam01037_hedgehog_____________02p01.wav,Maaz,Nataani,0.07063,-413.1738255,0.6595473544,0.01936231074,11.84166005,10566.09981,11546.29962,7100,13600,17866828327,2884274630,0.1614318209,0.09009218438,32014704161,very wide soft
scam_0051_0671472287_263_ca0_scam04051_tselhbahih___________01p01.wav,Maaz,Nataani,0.07015,-1285.051556,0.8676399853,0.006225431159,11.98192441,7981.686832,8823.743572,4200,10400,29475760349,4561196522,0.1547439818,0.04100742803,111228544206,
scam_0051_0671472426_181_ca0_scam04051_tselhbahih___________02p01.wav,Maaz,Nataani,0.07017,-5037.960485,0.9429603698,0.001587944174,16.83870868,10981.15441,11915.54461,5300,17200,17303271476,3576139290,0.2066741711,0.1386458087,25793345815,
scam_0071_0673238205_695_ca0_scam05071_hadahastsaa__________02p01.wav,Maaz,Nataani,0.07146,-1765.439119,0.9066721309,0.004531450512,11.806206,9914.760509,10870.2849,4500,18500,29675484254,4930997999,0.1661640281,0.1172035874,42072073954,Original
scam_0078_0673870312_124_ca0_scam02078_nataani_depth________01p01.wav,Maaz,Nataani,0.06932,-3815.886127,0.891685474,0.00209649862,14.41428199,6719.986871,7319.706951,4000,9200,26327123149,2040803131,0.07751713392,0.03479905527,58645360196,
scam_0078_0673870408_155_ca0_scam02078_nataani_depth________02p01.wav,Maaz,Nataani,0.06935,-2872.9369,0.9416550334,0.00278460693,12.24648587,8347.228718,8979.848653,4200,9600,26737953237,2230057964,0.08340421365,0.0660001149,33788698211,
scam_0083_0674316850_990_ca0_scam05083_nataani_depth_2______01p01.wav,Maaz,Nataani,0.06924,-935.347224,0.848894335,0.008552973479,12.08757058,7691.455185,8003.934407,4100,9500,25657386527,2488818801,0.09700203872,0.07315605922,34020678914,
scam_0083_0674316946_966_ca0_scam05083_nataani_depth_2______02p01.wav,Maaz,Nataani,0.0694,-2729.501767,0.8471593934,0.002930937835,14.71526031,9157.611653,10684.52223,4100,11000,19287489780,2307261542,0.1196247707,0.07788592172,29623601941,
scam_0086_0674571834_655_ca0_scam04086_hoolhnili____________01p01.wav,Maaz,Nataani,0.07709,-3019.386321,0.8166068929,0.002649545023,13.90363622,6926.429106,6124.198056,6100,8800,16634795652,1665345090,0.1001121459,0.07168303354,23232067726,
scam_0086_0674571983_686_ca0_scam04086_hoolhnili____________02p01.wav,Maaz,Nataani,0.07711,-4541.530754,0.6374827983,0.001761520605,15.20941407,6924.352478,7478.239325,1000,9700,17742174934,2383142109,0.1343207424,0.02560709531,93065694513,
scam_0086_0674573110_959_ca0_scam05086_naatsiilid___________01p01.wav,Maaz,Nataani,0.07442,-5586.655078,0.7556382932,0.001431983877,16.78273492,6280.649742,5069.35891,5200,8300,24228190761,1752431039,0.0723302477,0.04145380269,42274313221,
scam_0086_0674573256_865_ca0_scam05086_naatsiilid___________02p01.wav,Maaz,Nataani,0.07446,-637.2660834,0.4619361667,0.01255362588,6.573052167,4753.896678,3645.938263,1000,6500,60268465737,1111880929,0.01844880097,0.004882492403,227728143276,Original
scam_0087_0674660453_555_ca0_scam01087_hastah_tsaadah_______01p01.wav,Maaz,Nataani,0.07004,-2779.47471,0.9153417616,0.002878241695,7.456760179,8569.348632,7334.611764,4300,10000,39493222432,5541908710,0.1403255639,0.08741321741,63398978709,
scam_0087_0674660597_663_ca0_scam01087_hastah_tsaadah_______02p01.wav,Maaz,Nataani,0.06985,-1219.780985,0.7170763042,0.006558554442,7.311374951,8461.389437,7474.92415,4200,9800,112755751675,13065218887,0.1158718619,0.08255737686,158256225957,
scam_0088_0674752882_228_ca0_scam01088_tsostid_tsaadah______01p01.wav,Maaz,Nataani,0.07011,-4031.196338,0.7616094839,0.001984522541,17.05740549,7543.580133,5319.651128,5300,10400,47737543235,10080637567,0.211167917,0.1594602292,63217252452,wider 3 sigma
scam_0088_0674753028_122_ca0_scam01088_tsostid_tsaadah______02p01.wav,Maaz,Nataani,0.06997,-1081.782926,0.6152312194,0.007395198989,11.32567624,7203.816395,5995.922749,5400,9300,109435929995,9289045079,0.08488112707,0.05063754003,183441870856,
scam_0089_0674854133_584_ca0_scam01089_taa-ihaaih___________02p01.wav,Maaz,Nataani,0.07436,-1364.31381,0.8263931135,0.005863753588,12.01022966,5601.875964,2189.34928,4500,7400,227685563445,6626412234,0.0291033482,0.02597407795,255116360516,
scam_0094_0675281444_789_ca0_scam02094_neeznaa_2____________01p01.wav,Maaz,Nataani,0.07077,-3816.556487,0.9864948198,0.00209613038,14.37549409,9477.281948,9607.62371,5900,11300,36297233879,4528454224,0.124760312,0.06751122874,67077052336,
scam_0094_0675281589_795_ca0_scam02094_neeznaa_2____________02p01.wav,Maaz,Nataani,0.07059,-4161.557711,0.9776374134,0.001922357097,12.71745687,7911.44607,7552.296205,5000,9400,45857168495,4902390549,0.1069056531,0.09011281554,54402811850,
scam_0095_0675396050_573_ca0_scam01095_ashdla_______________01p01.wav,Maaz,Nataani,0.07149,-5790.672102,0.9270691622,0.001381532205,14.65492288,7615.771491,6589.980169,4300,9800,67176269500,9081657865,0.1351914587,0.09247488562,98206748832,
scam_0095_0675396241_617_ca0_scam01095_ashdla_______________02p01.wav,Maaz,Nataani,0.07152,-7402.253606,0.9286420785,0.001080751947,16.41883943,9039.259965,9211.373179,4300,10200,52033539858,9299700164,0.1787251106,0.1214840628,76550783255,
scam_0098_0675643472_605_ca0_scam01098_ashdla_2_____________01p01.wav,Maaz,Nataani,0.07117,-386.7453971,0.7174508354,0.02068544334,9.949667862,8151.989471,7572.239202,7700,9600,31262128173,3698587107,0.1183088716,0.06634720767,55745934712,
scam_0098_0675643518_573_ca0_scam01098_ashdla_2_____________02p01.wav,Maaz,Nataani,0.07102,-4486.61782,0.968361032,0.001783080334,14.02769555,10024.57258,11414.04088,4300,12500,37744685011,4347689724,0.1151868064,0.06911389337,62906161300,
scam_0104_0676170689_569_ca0_scam05104_ad_ees_eez___________02p01.wav,Maaz,Nataani,0.07696,-1743.415609,0.908605874,0.004588693572,-0.4851438001,6828.489947,6031.620146,6700,8800,2517828735,276700160,0.1098963389,0.002414332736,114607301603,
scam_0107_0676443598_669_ca0_scam02107_ad_ilidi_____________01p01.wav,Maaz,Nataani,0.07083,-2318.129453,0.8949420468,0.003451058348,4.284353582,10338.57312,10830.7446,6400,16800,10948251075,1784439619,0.1629885547,0.04361494312,40913491837,
scam_0107_0676443644_665_ca0_scam02107_ad_ilidi_____________02p01.wav,Maaz,Nataani,0.07067,-3366.973171,0.9334652118,0.002376021309,13.33335535,9227.898626,9366.831455,5900,10800,12978750165,1663894681,0.128201457,0.07273860168,22874988556,wider 3 sigma
scam_0108_0676523575_279_ca0_scam01108_jih__________________01p01.wav,Maaz,Nataani,0.08247,-5008.779198,0.947788468,0.001597195581,4.358348599,10185.83947,10557.60079,4100,18800,8845278867,2099841184,0.2373968323,0.04031428166,52086781589,wider 3 sigma
scam_0108_0676523622_180_ca0_scam01108_jih__________________02p01.wav,Maaz,Nataani,0.08256,-489.9000194,0.7067750245,0.01632986259,7.633271525,8925.026421,10777.80228,1900,15300,24435107411,4238094226,0.1734428318,0.02010391626,210809385114,wider 3p5 sigma
scam_0109_0676611485_649_ca0_scam01109_haa_ii_aah___________01p01.wav,Maaz,Cha'al,0.07529,-785.0205844,0.9584794996,0.01019081558,9.825087231,7478.663256,6087.70743,4900,9100,5651756965,548414352.6,0.09703431269,0.07961167511,6888617176,
scam_0109_0676611633_623_ca0_scam01109_haa_ii_aah___________02p01.wav,Maaz,Cha'al,0.07524,-8535.201453,0.6405987057,0.0009372948071,17.8101729,7159.326332,5818.691271,6500,8700,9565344845,745640424,0.07795227836,0.06705029493,11120613634,
scam_0109_0676613675_828_ca0_scam02109_ba_ol_tai____________01p01.wav,Maaz,Cha'al,0.07173,-2116.539082,0.8266277071,0.003779755389,13.16362871,11272.97669,11420.05812,5600,25100,18022208749,3336312350,0.1851222786,0.1256362478,26555332618,
scam_0109_0676613823_852_ca0_scam02109_ba_ol_tai____________02p01.wav,Maaz,Cha'al,0.07168,-9813.978658,0.9768379707,0.0008151637861,16.99524864,8844.750331,8509.99943,6700,9900,31960073772,3420756709,0.1070321906,0.08869714176,38566707349,
scam_0110_0676702998_588_ca0_scam03110_naakih_tsaadah_______01p01.wav,Maaz,Cha'al,0.0814,-320.0472817,0.6051354979,0.02499630667,8.996149308,9973.016743,9461.275554,6000,17400,15053961811,4753480232,0.3157627402,0.1101826146,43141835465,very wide soft
scam_0112_0676881366_146_ca0_scam02112_tseebii______________01p01.wav,Maaz,Cha'al,0.07165,-2611.240495,0.9060837096,0.003063677978,13.47902223,6464.67898,3079.225767,6600,8400,58008815564,5395624199,0.09301386603,0.05988362318,90101832731,Original
scam_0112_0676881514_104_ca0_scam02112_tseebii______________02p01.wav,Maaz,Cha'al,0.07155,-1207.49283,0.7449097223,0.006625298141,12.89296954,5310.904586,3496.469044,6000,7500,55948225343,1964290169,0.03510907016,0.01538136636,127705830759,Original
scam_0112_0676883855_357_ca0_scam04112_da_deest_lin_________01p01.wav,Maaz,Rochette,0.06939,-2452.323619,0.8956469898,0.003262212188,14.79032486,6455.474751,5569.626481,3900,9000,41303004370,3080099706,0.07457326054,0.06118984227,50336781262,
scam_0112_0676884005_337_ca0_scam04112_da_deest_lin_________02p01.wav,Maaz,Rochette,0.06929,-1993.259165,0.7658691799,0.004013527262,13.30349775,6606.227847,5565.342735,5500,8600,30009028675,1749593126,0.05830222448,0.05347765587,32716339146,
scam_0127_0678209085_589_ca0_scam01127_kad__________________01p01.wav,Maaz,Nataani,0.0782,-5876.048094,0.7642724279,0.001361459245,15.87658019,7307.760545,7352.45807,6700,8700,16868444286,1639234296,0.09717756233,0.05691642131,28800726716,wider 3 sigma
scam_0127_0678209236_599_ca0_scam01127_kad__________________02p01.wav,Maaz,Nataani,0.0749,-1169.053518,0.8893885558,0.006843142657,-5.808387076,6266.397438,3751.663648,4200,9300,581012366294,79195939850,0.1363068059,0.05256451814,1506642553909,
scam_0130_0678474080_623_ca0_scam01130_raton________________01p01.wav,Maaz,Rochette,0.07419,-2874.00094,0.9049885537,0.002783575986,3.708788749,4950.069775,6262.119914,1000,8100,31454320500,2425814839,0.07712183255,0.003122277244,776937680143,
scam_0130_0678474243_649_ca0_scam01130_raton________________02p01.wav,Maaz,Rochette,0.07412,-6046.567161,0.9511201255,0.001323064772,17.39331064,6418.539587,6077.022097,4600,8100,11506116932,980533426.5,0.08521844792,0.05318835649,18435114211,
scam_0131_0678564491_671_ca0_scam04131_cheval_blanc_________01p01.wav,Maaz,Nataani,0.07911,-1206.731776,0.8700984829,0.006629476539,4.555248573,6780.460759,7215.135414,5000,9000,23537085884,2468077070,0.1048590757,0.0181998604,135609670418,wider 3p5 sigma
scam_0133_0678742642_430_ca0_scam04133_pierrefeu____________01p01.wav,Maaz,Cha'al,0.07146,-8428.048718,0.9689368151,0.0009492114091,15.50988051,11078.99772,11396.28411,7700,15600,15903306021,1961953085,0.1233676245,0.08228418046,23843624302,Original
scam_0133_0678742847_415_ca0_scam04133_pierrefeu____________02p01.wav,Maaz,Cha'al,0.07151,-6666.385772,0.8952466631,0.001200050563,15.06103386,9920.928404,10362.7023,5700,11900,14873398661,2158330120,0.1451134451,0.110615137,19512068405,wider 3 sigma
scam_0145_0679808185_665_ca0_scam01145_mont_brune___________01p01.wav,Maaz,Roubion,0.07337,-3198.208716,0.8854567288,0.002501400225,13.35528731,6436.055318,5296.866381,4200,8200,44114023014,3496052454,0.07925036564,0.06074785906,57550216710,
scam_0145_0679808360_602_ca0_scam01145_mont_brune___________02p01.wav,Maaz,Roubion,0.07324,-3882.33818,0.8519506293,0.002060613896,13.20207038,6355.765361,3753.312741,4300,9200,31139882940,3972540726,0.1275708304,0.1080731462,36757889131,
scam_0145_0679810656_933_ca0_scam02145_croix________________01p01.wav,Maaz,Roubion,0.07385,-3957.831569,0.9569697712,0.002021308856,14.43029939,7686.211282,5440.743827,7500,9900,28064728983,4341366542,0.1546911978,0.07128446861,60901997674,
scam_0145_0679810838_055_ca0_scam02145_croix________________02p01.wav,Maaz,Roubion,0.07397,-251.3690892,0.5585572937,0.03182571105,9.295305167,7578.249407,6761.418465,5100,9200,5976346928,723567095.3,0.1210718026,0.07807267001,9267866658,
scam_0147_0679984877_591_ca0_scam04147_pepin________________02p01.wav,Maaz,Rochette,0.06916,-628.1034851,0.8679835084,0.01273675468,7.255430313,8816.798598,7980.486615,2100,14000,12933694424,5663688438,0.4379018285,0.06846314763,82726088902,
scam_0148_0680099816_961_ca0_scam07148_gironde______________01p01.wav,Maaz,Roubion,0.06999,-1009.096195,0.9070050879,0.007927886396,9.381380309,6716.136677,6170.748795,5500,9100,101127811989,7531843117,0.07447845423,0.02415701004,311787059090,
scam_0151_0680342162_854_ca0_scam01151_charamel_____________01p01.wav,Maaz,Roubion,0.07535,-1180.886179,0.8527282378,0.006774573319,13.00843065,7188.039816,5690.034613,4600,8700,28781959644,2174411075,0.07554770774,0.04011597106,54203127038,
scam_0151_0680342349_851_ca0_scam01151_charamel_____________02p01.wav,Maaz,Roubion,0.07527,-8975.706448,0.9467226971,0.0008912947461,-2.557406342,7180.489354,6920.790226,7200,9400,11845522114,1562504652,0.1319067777,0.004089175518,382107504281,Original
scam_0159_0681050219_854_ca0_scam01159_castillon____________01p01.wav,Maaz,Roubion,0.07274,-1490.92317,0.9460044342,0.005365802989,2.169549696,7388.6743,6361.43404,6600,10300,10093418406,1625618132,0.1610572421,0.02749544267,59123184573,Original
scam_0159_0681050437_858_ca0_scam01159_castillon____________02p01.wav,Maaz,Roubion,0.07266,-2917.440933,0.8582550339,0.00274212921,15.09112313,6077.016566,4396.750178,3900,8200,25230648474,1829504146,0.0725111821,0.056815246,32200936802,Original
scam_0159_0681062010_914_ca0_scam04159_grand_coyer__________01p01.wav,Maaz,Roubion,0.07301,-1817.525969,0.824604827,0.004401587727,13.46160303,6494.38486,5432.624107,4400,9100,22693082345,2465721066,0.1086551853,0.08182859182,30132756921,
scam_0159_0681062056_835_ca0_scam04159_grand_coyer__________02p01.wav,Maaz,Roubion,0.07299,-4090.253449,0.8292614602,0.001955869019,14.97006099,6985.862871,5213.522076,5400,9400,39177847793,3229528409,0.08243251202,0.06548354311,49318168444,Original
scam_0170_0682026146_745_ca0_scam01170_lattes_______________01p01.wav,Maaz,Artuby,0.07588,-4599.896383,0.9534801984,0.00173916961,15.86961935,6568.300516,5265.137567,6400,8400,22922832088,1554612330,0.06781938305,0.0375862729,41361172844,
scam_0173_0682295089_319_ca0_scam06173_entrevaux____________01p01.wav,Maaz,Artuby,0.07769,-19825.6949,0.9028732607,0.0004035167514,21.05489641,9102.767833,9539.339391,1500,13900,8894108238,1857149488,0.208806711,0.1457313319,12743652753,
scam_0173_0682295238_325_ca0_scam06173_entrevaux____________02p01.wav,Maaz,Artuby,0.07779,-1009.339341,0.9700376419,0.007925976602,10.13090661,8244.606775,8717.142201,2800,13900,16257605795,3261355367,0.2006048989,0.1481071155,22020247686,
scam_0181_0683003019_899_ca0_scam01181_manior_______________01p01.wav,Maaz,Rochette,0.06937,-1525.073456,0.9337294771,0.005245648968,11.62382733,8280.108132,8411.394176,4700,9900,25678262530,3008422383,0.1171583311,0.02715860955,110772327189,
scam_0181_0683003225_821_ca0_scam01181_manior_______________02p01.wav,Maaz,Rochette,0.06965,-10367.26232,0.9753651614,0.0007716598416,-7.932844555,7749.903019,6814.019777,6500,9200,3962204368,346720510,0.08750697284,0.0001440119835,2407580964063,wider 3 sigma
scam_0181_0683005716_916_ca0_scam02181_grandes_tours_du_lac_01p01.wav,Maaz,Rochette,0.07188,-5338.194148,0.9297355217,0.001498634141,14.42030411,5552.409087,3654.148138,4500,7700,28861221980,1031770804,0.03574938041,0.03095784549,33328249672,
scam_0181_0683005884_912_ca0_scam02181_grandes_tours_du_lac_02p01.wav,Maaz,Rochette,0.07179,-9733.615132,0.9413272115,0.0008218940128,15.70484233,5839.047781,3623.573635,5000,7800,23843714058,903639444.8,0.03789843489,0.03340649961,27049809327,
scam_0182_0683091492_713_ca0_scam01182_lance________________01p01.wav,Maaz,Rochette,0.07064,-1717.585176,0.9801873894,0.004657702053,7.194371109,8620.164009,11358.52181,4900,10400,58518651822,5256350833,0.08982351215,0.03651895496,143934864483,
scam_0182_0683091689_749_ca0_scam01182_lance________________02p01.wav,Maaz,Rochette,0.07063,-2909.009188,0.9794693105,0.002750077254,11.67127402,10860.3862,12810.438,4600,23500,34138477346,3548052840,0.1039311977,0.06658915327,53282744490,
scam_0182_0683094296_931_ca0_scam02182_estoublon____________01p01.wav,Maaz,Rochette,0.06929,-1821.043834,0.9650707652,0.004393084806,11.07319589,7582.354458,7128.551161,4400,9100,32213193712,2319932829,0.07201809451,0.0579405707,40039868454,
scam_0182_0683094463_811_ca0_scam02182_estoublon____________02p01.wav,Maaz,Rochette,0.06924,-3848.872403,0.9281823639,0.002078530843,13.72071849,6374.991156,5761.192751,3500,8600,58811292847,5467556272,0.09296779594,0.07955189724,68729426473,
scam_0184_0683272842_931_ca0_scam03184_sauze________________01p01.wav,Maaz,Rochette,0.07535,-1074.292766,0.9691279213,0.007446759627,6.607220079,11355.51571,10869.26303,3200,21100,20766365196,10691248352,0.5148348423,0.1883146069,56773335469,
scam_0191_0683896643_201_ca0_scam02191_digne_les_bains______01p01.wav,Maaz,Rochette,0.0712,-3925.284194,0.8487697673,0.002038068992,14.91318516,7121.770966,7249.492543,7000,8500,34347731366,2242343271,0.06528359172,0.05695918121,39367547485,
scam_0191_0683896809_183_ca0_scam02191_digne_les_bains______02p01.wav,Maaz,Rochette,0.07131,-1286.731595,0.9776825747,0.006217302842,8.725920865,9274.188962,10586.43821,4500,10600,30264472328,3018438556,0.09973537696,0.02946179875,102452622866,
scam_0193_0684066469_854_ca0_scam01193_pont_________________01p01.wav,Maaz,Rochette,0.07405,-7060.102772,0.9533439272,0.001133127981,17.13304868,6127.492375,4682.160444,4800,8300,11130380759,722774066.8,0.06493704775,0.04002971122,18055940068,wider 3p5 sigma
scam_0193_0684066674_865_ca0_scam01193_pont_________________02p01.wav,Maaz,Rochette,0.07398,-486.8534635,0.7228633461,0.01643204907,12.64825181,6069.344163,4283.870577,3900,7800,11010704383,613376419.4,0.05570728249,0.047737896,12848836477,
scam_0193_0684074012_525_ca0_scam04193_souche_______________01p01.wav,Maaz,Rochette,0.07289,-3387.371505,0.9320572659,0.002361713201,14.49974555,6151.018034,3351.490994,5200,7700,39175241476,2504536991,0.06393162868,0.05776695864,43355874197,
scam_0193_0684074256_569_ca0_scam04193_souche_______________02p01.wav,Maaz,Rochette,0.07266,-7695.540965,0.8818238762,0.001039563045,17.20178078,6924.462989,3842.779047,6200,8600,30454452428,1693266665,0.05559997079,0.05146875986,32898921019,
scam_0200_0684689393_585_ca0_scam01200_ondres_______________01p01.wav,Maaz,Rochette,0.07066,-1076.554591,0.9596606987,0.0074311141,9.956255021,10458.80151,11913.60693,4100,15100,21243144843,3071462635,0.144586061,0.07462539983,41158407752,wider 3 sigma
scam_0200_0684689579_616_ca0_scam01200_ondres_______________02p01.wav,Maaz,Rochette,0.07066,-680.1135981,0.6834042431,0.01176274085,11.78785554,13657.47259,14520.51147,1000,35000,11371520921,3911272748,0.3439533529,0.02834762216,137975337940,
scam_0201_0684779623_772_ca0_scam01201_digne________________01p01.wav,Seitah,Undivided,0.07716,-5538.057514,0.9950302031,0.001444549823,-4.4907918,7063.491792,9008.846023,1500,10400,41024193306,6356962680,0.1549564334,0.003702867793,1716767390744,wider 3 sigma
scam_0201_0684779800_791_ca0_scam01201_digne________________02p01.wav,Seitah,Undivided,0.07663,-1078.555115,0.9924718815,0.00741733073,8.389994153,6751.819686,5905.59698,4800,8200,89063092795,6182688385,0.069419197,0.0583724774,105917868484,Original
scam_0205_0685134515_460_ca0_scam04205_monier_______________01p01.wav,Seitah,Bastide,0.07,-7611.26824,0.9840224618,0.001051073191,19.77759495,10811.33361,11442.13087,6800,18100,22365455445,3251703028,0.1453895288,0.1064631194,30542999747,
scam_0205_0685134703_601_ca0_scam04205_monier_______________02p01.wav,Seitah,Bastide,0.06988,-6445.980317,0.9826801569,0.001241083529,16.88121619,9690.204793,10024.80161,6900,10900,9479108084,1075635734,0.1134743611,0.09115085057,11800611042,
scam_0205_0685137290_788_ca0_scam05205_levens_______________01p01.wav,Seitah,Bastide,0.06876,-5559.533569,0.8948754626,0.001438969637,12.37974979,6714.160264,5984.754356,3700,8600,26730784628,2432799079,0.09101113613,0.07679449048,31679343964,
scam_0205_0685137452_729_ca0_scam05205_levens_______________02p01.wav,Seitah,Bastide,0.06893,-4925.923366,0.9610402296,0.001624060995,14.40294813,6334.615822,5527.586394,4000,8200,25945394261,1235236897,0.04760910104,0.04394551791,28108370448,
scam_0206_0685219382_906_ca0_scam01206_cine_________________01p01.wav,Seitah,Bastide,0.06976,-7645.861286,0.8550002644,0.001046317701,17.41492685,8047.39134,8236.53864,3100,10100,24214569078,3238582115,0.1337451889,0.1018843744,31786838101,
scam_0206_0685219580_929_ca0_scam01206_cine_________________02p01.wav,Seitah,Bastide,0.06966,-4015.186163,0.9096241118,0.001992435637,14.69023358,9001.646771,9906.933053,5800,9700,42786728437,3406523655,0.07961636188,0.0622196748,54749943099,
scam_0211_0685666238_554_ca0_scam04211_penne________________01p01.wav,Seitah,Bastide,0.06979,-6195.764229,0.9542392887,0.001291204717,15.72753509,8157.774433,8857.770292,3900,10200,26730369104,3218104236,0.1203913131,0.0828864305,38825465360,
scam_0213_0685844840_180_ca0_scam04213_moustiers_sainte_mar_02p01.wav,Seitah,Bastide,0.07324,-2567.4574,0.4784448008,0.00311592317,1.399214277,10842.98001,12379.31459,1500,25300,23339053825,7000792584,0.2999604284,0.007327637545,955395588342,
scam_0237_0687976823_665_ca0_scam06237_sigale_______________01p01.wav,Seitah,Undivided,0.0725,-2131.260405,0.8256848926,0.003753647364,9.995590554,5575.17785,4111.281587,3900,7500,31727877524,2297419703,0.07241012895,0.01497367403,153430594088,
scam_0237_0687976869_667_ca0_scam06237_sigale_______________02p01.wav,Seitah,Undivided,0.07259,-5710.7306,0.923532578,0.001400871545,16.31361246,6178.188664,5288.330798,4500,8800,10478644727,663635407.2,0.06333217935,0.04171748901,15907846394,
scam_0239_0688152051_670_ca0_scam01239_cheiron______________02p01.wav,Seitah,Caille,0.07177,-7955.488449,0.7616602124,0.001005595075,9.440068188,5036.523867,2572.567387,3600,7100,93784661276,1496684453,0.0159587339,0.01306469359,114559476110,Original
scam_0239_0688154484_917_ca0_scam02239_content______________01p01.wav,Seitah,Content,0.07339,-2697.631903,0.8225865212,0.002965563979,13.90810525,5616.924702,4665.678589,3200,8000,46901148530,2929507134,0.06246130907,0.0495284752,59147937058,Original
scam_0239_0688154646_681_ca0_scam02239_content______________02p01.wav,Seitah,Content,0.07365,-12330.97668,0.9011105967,0.0006487726163,16.94001481,5747.340804,4959.606517,3200,8700,23030255799,1602258356,0.06957188709,0.05907397437,27122914500,
scam_0242_0688422891_820_ca0_scam06242_gion_________________01p01.wav,Seitah,Bastide,0.07631,-7179.293748,0.8929517119,0.001114315736,17.16962174,6107.529414,5138.373276,4600,7600,9741527349,601840282.9,0.06178089548,0.05360650851,11227000222,
scam_0242_0688423037_764_ca0_scam06242_gion_________________02p01.wav,Seitah,Bastide,0.07651,-16848.8176,0.9424397455,0.0004748107666,16.76442508,5655.665484,4142.450011,4300,7800,23411448397,1103046692,0.04711569628,0.04378682882,25191289751,
scam_0246_0688773424_713_ca0_scam01246_amignon______________02p01.wav,Seitah,Caille,0.07515,-1079.435865,0.6858947456,0.007411278668,4.506655555,5454.586155,6391.174974,3700,9400,54610143816,7920375883,0.1450348842,0.005392974899,1468646902909,
scam_0246_0688775965_945_ca0_scam02246_brac_246_____________01p01.wav,Seitah,Caille,0.07406,-319.8729006,0.7679613464,0.02500993358,7.424943781,6009.894697,4855.367278,4500,8400,70260396300,3575240889,0.05088557819,0.04449550543,80350607427,
scam_0246_0688776125_739_ca0_scam02246_brac_246_____________02p01.wav,Seitah,Caille,0.07421,-3175.609402,0.870379022,0.00251920151,14.95156907,5377.077337,3392.179785,4500,7900,66544894762,1588303158,0.02386814441,0.02266156296,70087979388,
scam_0247_0688864881_213_ca0_scam01247_brac_247_____________01p01.wav,Seitah,Bastide,0.0745,-1028.410305,0.9514002837,0.007778996341,8.25211257,6172.658483,5555.832269,4300,8700,16936664875,975117236.4,0.05757433613,0.04055394665,24044940555,
scam_0247_0688865095_185_ca0_scam01247_brac_247_____________02p01.wav,Seitah,Bastide,0.07444,-3032.151121,0.9440284444,0.002638390924,12.08736438,5991.187811,5353.37463,3800,8400,19574413505,1390075708,0.07101493527,0.06301017488,22061130773,Original
scam_0250_0689128711_062_ca0_scam01250_hotel________________01p01.wav,Seitah,Caille,0.07838,-4700.12589,0.9963750814,0.001702082069,8.278903547,8402.404356,7962.198981,6200,10300,34177131448,5274537559,0.1543294401,0.02903426092,181665983295,very wide soft
scam_0252_0689319767_228_ca0_scam04252_pierlas______________01p01.wav,Seitah,Bastide,0.06826,-4333.557319,0.8477285482,0.001846058425,15.46479922,8003.438467,7215.077601,5000,9300,35436723965,3925437664,0.1107731535,0.08862298705,44293673620,
scam_0252_0689319812_322_ca0_scam04252_pierlas______________02p01.wav,Seitah,Bastide,0.06835,-5183.607951,0.8233288023,0.001543326593,15.84541098,8224.914544,8046.397146,5100,10100,18553892468,2547255638,0.1372895548,0.1116413541,22816416538,
scam_0253_0689394708_788_ca0_scam01253_ubraye_______________01p01.wav,Seitah,Content,0.07225,-1579.314886,0.9781796147,0.005065487618,10.36699735,6362.857904,3292.005001,4900,8600,53958489269,4336453888,0.08036648072,0.0584771491,74156383382,
scam_0253_0689394907_835_ca0_scam01253_ubraye_______________02p01.wav,Seitah,Content,0.07222,-2137.923125,0.8831021529,0.003741949328,11.90261719,6490.732024,3311.382872,5000,8800,31203038406,1830243986,0.05865595403,0.0356393224,51354623569,
scam_0253_0689397372_279_ca0_scam02253_valette______________01p01.wav,Seitah,Content,0.07223,-3822.693634,0.9576794547,0.002092765146,13.1617382,5591.550324,3463.612181,3900,8700,40348730162,1569373968,0.03889525053,0.03602613765,43562093259,very wide soft
scam_0253_0689397541_091_ca0_scam02253_valette______________02p01.wav,Seitah,Content,0.07226,-5328.224663,0.9845448954,0.001501438191,13.59881242,6357.680847,3817.134691,3600,9000,25983049017,1720159917,0.06620315868,0.04850840267,35461071120,very wide soft
scam_0254_0689482548_838_ca0_scam01254_ferres_______________01p01.wav,Seitah,Bastide,0.07213,-1099.937733,0.9166506272,0.007273138979,11.98564563,6552.914769,4957.410199,5700,8000,16486441893,962565497.1,0.05838527824,0.04649055521,20704538648,
scam_0254_0689482747_855_ca0_scam01254_ferres_______________02p01.wav,Seitah,Bastide,0.07206,-2726.375329,0.9736030664,0.002934298853,11.21083552,6277.858436,4935.816552,4700,8900,16177142424,1300893316,0.08041551974,0.02283190574,56976992217,
scam_0255_0689572368_351_ca0_scam01255_ubraye_255___________01p01.wav,Seitah,Caille,0.07246,-3298.680811,0.9724062095,0.002425211913,14.37314691,5260.012615,3516.574713,4000,8000,63310650161,2023947617,0.03196851733,0.02937199173,68907401153,wider 3 sigma
scam_0255_0689572563_648_ca0_scam01255_ubraye_255___________02p01.wav,Seitah,Caille,0.07249,-692.2741561,0.7111329885,0.01155611535,9.316479774,5316.448258,3972.180512,1700,8600,33144752933,1859191598,0.05609308965,0.006228310478,298506569990,
scam_0256_0689670525_115_ca0_scam05255_ilonse_______________01p01.wav,Seitah,Bastide,0.0717,-4156.17413,0.8586153928,0.001924847167,16.29675768,6456.259948,4796.273549,7100,7800,10498350374,776342328.7,0.07394898256,0.0471755733,16456447147,
scam_0256_0689670704_122_ca0_scam05255_ilonse_______________02p01.wav,Seitah,Bastide,0.0716,-1423.67254,0.8467724782,0.005619269723,13.33438997,6269.878781,4972.958015,5000,9000,15701450656,1129009435,0.07190478509,0.0243495779,46366694308,
scam_0268_0690749569_464_ca0_scam07268_cordoeil_____________01p01.wav,Seitah,Bastide,0.06887,-4200.017549,0.9828757261,0.001904753946,13.94956997,6999.976413,7308.193066,3700,8600,11049005.92,706021.9534,0.06389913795,0.05631640268,12536701.92,
scam_0268_0690749665_399_ca0_scam07268_cordoeil_____________02p01.wav,Seitah,Bastide,0.06888,-4634.7043,0.965537272,0.001726107963,14.9426693,6725.354066,7250.478524,3700,7900,62678651131,2818558942,0.04496840458,0.04054277428,69520623400,
scam_0274_0691263402_243_ca0_scam03274_chasteuil____________02p01.wav,Seitah,Caille,0.0608,-3384.594508,0.9987977338,0.002363650943,3.566759267,8858.390744,9784.187151,1000,17700,39839502804,16696328425,0.419089779,0.00290286371,5751674929135,very wide soft
scam_0279_0691717551_834_ca0_scam02279_rent_________________01p01.wav,Seitah,Caille,0.06953,-3954.922844,0.6570697835,0.002022795467,15.40585727,8641.333029,8509.619977,7200,10400,41126383634,5096627328,0.1239259783,0.09913349143,51411760589,wider 3 sigma
scam_0279_0691717703_842_ca0_scam02279_rent_________________02p01.wav,Seitah,Caille,0.06947,-4069.811362,0.7800777822,0.001965693072,13.74128759,8794.394185,8712.406244,5100,9900,66163192445,6533360140,0.09874614417,0.08049273281,81167080702,
scam_0280_0691792875_617_ca0_scam03280_thouron______________01p01.wav,Seitah,Content,0.06961,-3371.133204,0.9376797544,0.00237308926,16.25734387,7845.61413,7330.209601,4800,8800,46870537763,3745188285,0.07990495659,0.06272479302,59708260566,
scam_0280_0691793045_616_ca0_scam03280_thouron______________02p01.wav,Seitah,Content,0.06944,-3846.505011,0.9227304664,0.002079810107,16.80731859,8629.16324,7759.650719,4300,10500,27203947420,4361048545,0.1603094021,0.1168015385,37337252568,
scam_0282_0691972788_406_ca0_scam02282_norante______________01p01.wav,Seitah,Bastide,0.07422,-7184.242353,0.8236833544,0.001113548181,18.63125503,7151.41062,6303.160917,4900,8800,3506006742,433564958.9,0.1236634698,0.09680678459,4478662945,
scam_0282_0691972948_372_ca0_scam02282_norante______________02p01.wav,Seitah,Bastide,0.07419,-3406.881891,0.7071530734,0.002348188242,14.70277724,6866.347144,5992.842539,5300,8400,8287691795,516082258,0.06227092788,0.05127202107,10065572749,
scam_0285_0692235053_725_ca0_scam01285_estoublaisse_________01p01.wav,Seitah,Undivided,0.07583,-3569.538128,0.9996687293,0.002241186314,-0.5635112102,5020.839918,7411.41492,1000,8100,57238009005,5047773012,0.08818917884,0.002932869023,1721104138043,
scam_0285_0692235221_781_ca0_scam01285_estoublaisse_________02p01.wav,Seitah,Undivided,0.0761,-1090.382847,0.9281841721,0.007336872571,10.53864795,6745.641541,5767.259508,7400,8100,64835126290,2750399457,0.04242144058,0.03244751503,84764563791,
scam_0286_0692325142_462_ca0_scam01286_bezaudun_____________02p01.wav,Seitah,Undivided,0.07765,-548.0299799,0.5876700538,0.01459774153,6.571857755,8813.022999,10298.2556,1000,15500,22191837422,6323236333,0.2849352315,0.04412988107,143286956145,
scam_0287_0692411661_044_ca0_scam04287_aurent_______________01p01.wav,Seitah,Undivided,0.07037,-2260.540033,0.8654643185,0.003538977361,12.45089481,14943.30394,15834.31075,4200,38500,13594081214,3421994732,0.2517268125,0.06453749558,53023357999,Original
scam_0287_0692411853_962_ca0_scam04287_aurent_______________02p01.wav,Seitah,Undivided,0.07035,-2950.525461,0.954959094,0.002711381449,10.04285684,10325.99384,11527.69528,4800,23200,13831581665,2371455341,0.171452217,0.04616589738,51368119667,Original
scam_0287_0692414330_040_ca0_scam05287_castiglione__________01p01.wav,Seitah,Undivided,0.07016,-3006.504004,0.933054006,0.002660897837,14.40413402,10015.98786,10397.05568,4900,16000,13998913917,2240859648,0.1600738215,0.1086461896,20625294421,wider 3 sigma
scam_0287_0692414497_100_ca0_scam05287_castiglione__________02p01.wav,Seitah,Undivided,0.07017,-14966.21691,0.827161699,0.0005345372212,19.02869415,9187.867017,9386.44484,7100,11700,11882665365,1865042660,0.1569549089,0.1207387203,15446930815,
scam_0302_0693766635_842_ca0_scam07302_monts_du_cheval_blan_01p01.wav,Seitah,Undivided,0.07046,-2872.217064,0.9894421912,0.002785304808,3.752964108,7464.467506,8164.657726,4900,9000,16353667261,1228528893,0.07512253205,0.01943892896,63199412664,Original
scam_0302_0693766731_810_ca0_scam07302_monts_du_cheval_blan_02p01.wav,Seitah,Undivided,0.07047,-5992.86503,0.9080639364,0.00133492077,15.6839449,14272.168,16072.67642,4500,42400,13494524302,1529121554,0.1133142243,0.07526786314,20315729581,Original
scam_0305_0694016101_296_ca0_scam01305_gacia________________01p01.wav,Seitah,Undivided,0.06887,-2261.601698,0.9790743383,0.003537316057,12.34906007,15737.52284,15675.38301,4500,41800,18246764154,4195227519,0.2299162462,0.1196936791,35049699793,
scam_0305_0694016307_209_ca0_scam01305_gacia________________02p01.wav,Seitah,Undivided,0.06902,-3769.795133,0.9564084743,0.002122131234,14.86577713,9101.255756,10040.19768,4500,10500,19830464276,2281128891,0.1150315423,0.07919780029,28802932439,
scam_0309_0694366037_036_ca0_scam04309_riez_________________02p01.wav,Seitah,Undivided,0.0689,-1245.718124,0.8318199456,0.006421998559,5.091906273,7131.571358,7053.611687,2800,12200,25765030762,6408995908,0.2487478462,0.007449928791,860276129837,
scam_0309_0694368476_148_ca0_scam05309_jabron_309___________01p01.wav,Seitah,Undivided,0.06924,-7463.898676,0.9635623635,0.001071825911,16.52999633,7760.279704,7402.678004,4900,9400,32996815501,3492985925,0.1058582737,0.08145698799,42881353847,
scam_0309_0694368637_085_ca0_scam05309_jabron_309___________02p01.wav,Seitah,Undivided,0.06915,-2084.024552,0.9462551447,0.003838726369,13.41817616,8301.888994,7654.374858,4700,9800,24151567856,2767489443,0.1145883969,0.08548181537,32375183319,
scam_0312_0694632630_696_ca0_scam01312_riolan_312___________01p01.wav,Seitah,Undivided,0.07381,-3359.993737,0.7892557026,0.002380956819,1.523179715,4928.600564,2565.681471,3600,7200,1175589405781,19022927651,0.01618160861,0.01300270486,1462997726466,
scam_0313_0694724354_682_ca0_scam01313_bessons______________02p01.wav,Seitah,Undivided,0.07188,-970.8639691,0.9914819573,0.008240083322,7.675198507,25050.48363,13866.17378,19500,41400,66814021407,128234712916,1.919278472,0.362797508,353460842698,
scam_0320_0695345052_585_ca0_scam02320_angles_______________01p01.wav,Seitah,Undivided,0.06881,-21678.2887,0.9407759406,0.0003690328194,-3.785720185,15883.44674,13951.43568,39100,39100,35893774565,14783159328,0.4118585885,0.05239208245,282163995700,
scam_0320_0695345085_600_ca0_scam02320_angles_______________02p01.wav,Seitah,Undivided,0.06876,-1576.621711,0.973024408,0.00507414045,11.16752749,13421.89405,12802.3345,5000,33300,47173310041,13642231824,0.2891938643,0.1843857028,73987470915,
scam_0321_0695435001_618_ca0_scam04321_caran________________01p01.wav,Seitah,Undivided,0.0689,-2616.252707,0.8935012343,0.003057808589,10.72036045,12091.02238,13335.94165,5200,27600,28584439757,3465291173,0.1212299839,0.08441511148,41050602339,
scam_0321_0695435161_655_ca0_scam04321_caran________________02p01.wav,Seitah,Undivided,0.06896,-4603.298626,0.8946548476,0.001737884211,15.32364708,8186.198331,8550.973439,5200,9600,39917018637,4417971117,0.110678885,0.08262780431,53468334949,
scam_0323_0695612813_710_ca0_scam05323_pra_loup_____________01p01.wav,Seitah,Undivided,0.06887,-4011.422323,0.9198936314,0.001994305101,15.22834302,8885.358519,9562.180563,4800,11900,26556762787,3439606108,0.1295190282,0.06282549868,54748568339,
scam_0323_0695612859_743_ca0_scam05323_pra_loup_____________02p01.wav,Seitah,Undivided,0.06891,-5475.190402,0.9241412983,0.001461136401,17.27872712,11686.76193,12350.23059,6100,23000,12218702611,2531392808,0.2071736164,0.1379180348,18354327712,
scam_0323_0695613997_825_ca0_scam06323_pra_balou____________01p01.wav,Seitah,Undivided,0.069,-5138.832173,0.9628414288,0.001556773938,15.07703315,7833.53402,8567.437052,3900,9200,45099622462,3900966952,0.08649666537,0.07257585613,53750202346,
scam_0323_0695614043_919_ca0_scam06323_pra_balou____________02p01.wav,Seitah,Undivided,0.06902,-1524.094125,0.9937365683,0.005249019643,6.743631744,7477.927473,7836.149599,4700,9300,37309368673,3644310662,0.0976781648,0.06703819715,54361704470,
scam_0324_0695701949_810_ca0_scam01324_tourtour_____________01p01.wav,Seitah,Undivided,0.07355,-1698.698783,0.593329577,0.004709487097,6.328453276,5201.145905,5659.99145,1000,8000,69524605091,4232897235,0.06088344162,0.003963418238,1067991562146,
scam_0324_0695701995_789_ca0_scam01324_tourtour_____________02p01.wav,Seitah,Undivided,0.07347,-2542.508219,0.9078548995,0.00314649917,10.48205633,6408.111783,6297.771719,3800,8400,28751408022,1836155662,0.06386315622,0.01273427011,144190098527,wider 3 sigma
scam_0324_0695703302_896_ca0_scam02324_amen_________________01p01.wav,Seitah,Undivided,0.07188,-986.298199,0.9659559505,0.008111137188,10.5759672,15803.52758,14434.83145,30700,35900,11698257075,4493826930,0.3841449971,0.2013237603,22321393778,
scam_0324_0695703348_903_ca0_scam02324_amen_________________02p01.wav,Seitah,Undivided,0.07166,-1063.470506,0.9036906602,0.007522540544,11.51545618,15182.42073,13887.45566,30800,30900,5212000330,1851230562,0.3551861943,0.1975697857,9370008451,
scam_0324_0695704717_372_ca0_scam03324_callas_______________01p01.wav,Seitah,Undivided,0.07171,-8881.802521,0.9450197221,0.0009007180672,17.0521235,10789.81419,11504.59954,6000,24200,10527684391,1730885677,0.1644127628,0.1179145116,14679157415,
scam_0324_0695704767_196_ca0_scam03324_callas_______________02p01.wav,Seitah,Undivided,0.07171,-1852.524827,0.9076776204,0.004318430654,13.03653248,10132.3821,11107.76202,5000,21000,26206216170,3039742856,0.1159931993,0.08591397916,35381236975,
scam_0324_0695706092_522_ca0_scam04324_gourdon______________01p01.wav,Seitah,Undivided,0.07167,-1198.062546,0.978971157,0.006677447709,9.770436843,13955.44133,13593.4696,5100,32600,19538378718,5184155776,0.2653319322,0.160466747,32306729431,Original
scam_0324_0695706141_497_ca0_scam04324_gourdon______________02p01.wav,Seitah,Undivided,0.07153,-3240.823023,0.8264899711,0.002468508753,15.19162516,11427.13729,11879.24403,7200,29200,12090220196,1882286216,0.1556866778,0.1111008238,16942144549,
scam_0327_0695969086_749_ca0_scam02327_miassol______________01p01.wav,Seitah,Undivided,0.0711,-2269.948033,0.8572348135,0.003524309756,13.88959346,13178.16032,12835.82685,6800,30500,13711988682,3057599529,0.2229873143,0.1460834654,20930496969,
scam_0327_0695969132_732_ca0_scam02327_miassol______________02p01.wav,Seitah,Undivided,0.07107,-2148.163601,0.950048867,0.003724111142,7.932065535,14021.96501,13998.12435,1500,33600,12711215083,3281036416,0.2581213829,0.05960847529,55043119276,
scam_0328_0696057994_287_ca0_scam05328_brusquet_____________01p01.wav,Seitah,Undivided,0.06079,-2862.134737,0.9920479182,0.00279511649,3.04087528,10623.56566,11583.71248,2800,23600,33552278664,10312101512,0.3073442974,0.003581846459,2878990383477,very wide soft
scam_0338_0696944487_786_ca0_scam05338_calandre_338_________01p01.wav,Seitah,Undivided,0.07743,-3087.126271,0.9565017747,0.002591406796,-3.811676507,3789.534313,6267.83688,1000,6500,99303097287,6682970954,0.06729871611,0.002930494827,2280492322672,Original
scam_0338_0696944536_824_ca0_scam05338_calandre_338_________02p01.wav,Seitah,Undivided,0.07743,-2721.262082,0.8563659868,0.002939812395,13.95033724,10205.35707,10030.18653,4800,17000,21722635696,6429311835,0.2959729162,0.1745685887,36829717662,Original
scam_0347_0697743236_480_ca0_scam04347_taloire______________01p01.wav,Maaz,Rochette,0.07063,-1153.603915,0.9579717307,0.006934789224,9.386351922,8300.153984,11600.66898,1000,15400,18297110116,2639855162,0.1442771643,0.04514527569,58474671424,
scam_0347_0697743338_420_ca0_scam04347_taloire______________02p01.wav,Maaz,Rochette,0.07076,-9361.163152,0.9125971734,0.0008545946556,18.8978168,16785.10107,14763.25741,6800,39500,9189435559,3034663897,0.330233982,0.168601314,17999052474,
scam_0349_0697921512_524_ca0_scam01349_blache_______________01p01.wav,Maaz,Artuby,0.07079,-535.5285672,0.8643144555,0.01493851214,9.648287136,24841.25201,16437.46283,28900,45600,13367299807,12747077700,0.9536015414,0.1000554387,127400148023,
scam_0349_0697921615_569_ca0_scam01349_blache_______________02p01.wav,Maaz,Artuby,0.07069,-1378.090943,0.9662869698,0.005805132123,11.65490052,22822.94722,16509.14478,29200,44100,11984179223,8249745267,0.6883863395,0.2327282737,35447971736,Original
scam_0349_0697923265_570_ca0_scam02349_duyes________________01p01.wav,Maaz,Artuby,0.06934,-5653.99432,0.9271372801,0.001414928906,15.34573231,9404.262956,9491.536928,5300,11200,30742819883,3516891344,0.1143971619,0.08786068691,40028042890,
scam_0349_0697923372_569_ca0_scam02349_duyes________________02p01.wav,Maaz,Artuby,0.06923,-6056.419645,0.9096590788,0.001320912432,18.16517639,7592.838778,7595.321959,4700,9600,41802151355,4068246355,0.0973214589,0.08248399895,49321643068,
scam_0362_0699075597_664_ca0_scam05362_sid_362______________01p01.wav,Maaz,Nataani,0.0691,-1829.929436,0.7579528268,0.004371753273,14.12660989,8691.19334,9766.891012,4600,11500,18967680099,3698341996,0.1949812511,0.034121921,108386101595,
scam_0362_0699075646_651_ca0_scam05362_sid_362______________02p01.wav,Maaz,Nataani,0.06901,-3606.650523,0.9860181068,0.002218124531,1.484331246,9798.839834,10204.65131,4700,14400,16557536668,3109992920,0.1878294448,0.005686496123,546908474504,
scam_0364_0699242397_280_ca0_scam02364_needlegrass__________01p01.wav,Maaz,Nataani,0.06957,-1836.760808,0.9435483615,0.004355493631,11.24723849,11831.18665,11322.77594,6100,20800,16098692914,4479393460,0.2782457858,0.1387763642,32277783649,
scam_0364_0699242563_288_ca0_scam02364_needlegrass__________02p01.wav,Maaz,Nataani,0.06968,-1228.424782,0.8990635291,0.006512405253,4.347981608,8606.494796,6645.299139,9600,9700,33793736855,3977904252,0.1177112868,0.0813680592,48887785841,
scam_0365_0699329380_872_ca0_scam02365_toosagrass___________01p01.wav,Maaz,Nataani,0.06899,-3060.880637,0.9727827493,0.00261362691,12.27541478,6775.284898,4943.944551,5400,8700,77807476700,6441573192,0.08278861448,0.07440093764,86579193714,
scam_0365_0699329548_774_ca0_scam02365_toosagrass___________02p01.wav,Maaz,Nataani,0.069,-4485.947525,0.9611147327,0.001783346763,11.6302523,6696.993488,4669.761459,4800,8800,97789914772,5994108412,0.06129577294,0.05646222235,106161397172,