File Name,Flagged,Sample Rate (Hz),Onset (s),Peak Time (s),Peak-Onset Lag (ms),Slope (dB/s),R^2,Drop Time (s),C2 (dB),Spectral Centroid (Hz),Spectral Bandwidth (Hz),Peak Frequency (Hz),Rolloff 85% (Hz),Low Power 1-10 kHz,High Power 10-30 kHz,High/Low Ratio,High Frequency Fraction,Total FFT Power
scam_0037_0670224261_699_ca0_scam01037_hedgehog_____________01p01.wav,False,100000,0.07044,0.07054,0.1,-2074.302191443846,0.9362933247039609,0.003856718675320635,12.181746184621247,10066.146467890476,11260.038699131284,4900.0,11600.0,12026252039.204283,1423512951.064242,0.11836713104163653,0.03726973599589293,38194876164.96964
scam_0037_0670224376_725_ca0_scam01037_hedgehog_____________02p01.wav,True,100000,0.06829,0.07073,2.44,-7764.652042503805,0.9611140538896656,0.0010303101743913182,-14.185346063608783,6159.610000214238,3158.951163276147,4500.0,8700.0,775150790386.5442,57304482232.40683,0.07392688357297658,0.06796706029287451,843121388294.2423
scam_0051_0671472287_263_ca0_scam04051_tselhbahih___________01p01.wav,False,100000,0.07015,0.07025,0.1,-1285.0515563907331,0.8676399853125879,0.006225431158940612,11.98192441454112,7981.68683168288,8823.743572432433,4200.0,10400.0,29475760349.33848,4561196521.883475,0.15474398176079082,0.04100742803415409,111228544206.29759
scam_0051_0671472426_181_ca0_scam04051_tselhbahih___________02p01.wav,False,100000,0.07017,0.07027,0.1,-5037.960484796535,0.9429603697638026,0.0015879441738660424,16.838708677651137,10981.154410704523,11915.544605853584,5300.0,17200.0,17303271475.560303,3576139289.6114545,0.20667417110472483,0.1386458086985244,25793345815.36121
scam_0071_0673238158_718_ca0_scam05071_hadahastsaa__________01p01.wav,True,100000,0.06956,0.07141,1.85,-1972.39509989767,0.9717513540358079,0.004055982495806773,-1.8285898047621405,5814.32591286036,5056.568105951832,4600.0,8200.0,189971006394.38968,26226628871.707607,0.1380559558507563,0.11504118546432408,227975996299.52405
scam_0071_0673238205_695_ca0_scam05071_hadahastsaa__________02p01.wav,True,100000,0.07146,0.07146,0.0,-1765.439119250806,0.9066721308718871,0.004531450511527656,11.806206004500158,9914.76050895143,10870.284901053528,4500.0,18500.0,29675484254.18811,4930997998.59725,0.16616402806978076,0.11720358744371567,42072073953.92439
scam_0078_0673870312_124_ca0_scam02078_nataani_depth________01p01.wav,False,100000,0.06932,0.06937,0.05,-3815.886126568801,0.8916854740228475,0.0020964986204117953,14.414281989725326,6719.986871288976,7319.70695081875,4000.0,9200.0,26327123149.149387,2040803130.8262215,0.0775171339179214,0.034799055270568806,58645360196.092
scam_0078_0673870408_155_ca0_scam02078_nataani_depth________02p01.wav,False,100000,0.06935,0.06975,0.4,-2872.936899825405,0.9416550334178415,0.0027846069297540713,12.246485870226142,8347.228718094542,8979.848652540304,4200.0,9600.0,26737953236.539326,2230057964.247126,0.08340421364787161,0.06600011490022609,33788698210.879738
scam_0083_0674316850_990_ca0_scam05083_nataani_depth_2______01p01.wav,False,100000,0.06924,0.06935,0.11,-935.3472239708203,0.8488943349536402,0.008552973478702037,12.087570578382854,7691.4551845748965,8003.934406513075,4100.0,9500.0,25657386527.30938,2488818801.4862413,0.09700203872429392,0.07315605922475558,34020678913.825905
scam_0083_0674316946_966_ca0_scam05083_nataani_depth_2______02p01.wav,False,100000,0.0694,0.06951,0.11,-2729.501767094077,0.8471593933908372,0.0029309378350456535,14.71526031396003,9157.611653352378,10684.522230364411,4100.0,11000.0,19287489780.481194,2307261541.824864,0.11962477067180596,0.07788592171860197,29623601941.32243
scam_0086_0674571834_655_ca0_scam04086_hoolhnili____________01p01.wav,False,100000,0.07709,0.0772,0.11,-3019.3863208160415,0.816606892882575,0.0026495450233866933,13.90363622492041,6926.429106459294,6124.198056362354,6100.0,8800.0,16634795651.957731,1665345089.9160712,0.10011214593550348,0.07168303353699566,23232067725.71344
scam_0086_0674571983_686_ca0_scam04086_hoolhnili____________02p01.wav,False,100000,0.07711,0.07722,0.11,-4541.530754168919,0.6374827983169149,0.0017615206046235322,15.209414066469106,6924.352477528692,7478.239324975905,1000.0,9700.0,17742174933.565716,2383142109.4790306,0.13432074243448353,0.025607095309959894,93065694512.88394
scam_0086_0674573110_959_ca0_scam05086_naatsiilid___________01p01.wav,False,100000,0.07442,0.07453,0.11,-5586.6550778517485,0.7556382932080946,0.0014319838773859405,16.7827349183991,6280.64974187927,5069.358910025941,5200.0,8300.0,24228190760.93027,1752431038.983873,0.0723302476968192,0.041453802687233816,42274313220.57107
scam_0086_0674573256_865_ca0_scam05086_naatsiilid___________02p01.wav,True,100000,0.07446,0.07446,0.0,-637.2660834121127,0.4619361666558143,0.01255362588444314,6.57305216701256,4753.896677780401,3645.9382625619846,1000.0,6500.0,60268465736.80552,1111880929.3804865,0.018448800973897513,0.004882492402509373,227728143275.55978
scam_0087_0674660453_555_ca0_scam01087_hastah_tsaadah_______01p01.wav,False,100000,0.07004,0.07042,0.38,-2779.474710185277,0.915341761558261,0.0028782416946210414,7.456760179019492,8569.348632357887,7334.611763537036,4300.0,10000.0,39493222431.596344,5541908709.580281,0.1403255639414855,0.08741321741143633,63398978709.31393
scam_0087_0674660597_663_ca0_scam01087_hastah_tsaadah_______02p01.wav,False,100000,0.06985,0.07023,0.38,-1219.7809853415904,0.717076304162289,0.006558554442262978,7.311374950881588,8461.3894370331,7474.924150241546,4200.0,9800.0,112755751674.70016,13065218886.539131,0.11587186190051066,0.08255737685827344,158256225957.47247
scam_0088_0674752882_228_ca0_scam01088_tsostid_tsaadah______01p01.wav,True,100000,0.06869,0.07021,1.52,-4018.1596946349596,0.7575004742466454,0.001990961188198067,7.397274377170722,7560.834717771369,3437.433925834352,4700.0,10700.0,381286757978.5045,92102005868.3683,0.2415557423412031,0.1898321549748832,485176001297.3269
scam_0088_0674753028_122_ca0_scam01088_tsostid_tsaadah______02p01.wav,False,100000,0.06997,0.07007,0.1,-1081.78292593582,0.6152312194120815,0.007395198988816934,11.325676243977123,7203.816394831544,5995.922749158617,5400.0,9300.0,109435929995.01755,9289045079.402905,0.08488112706517704,0.05063754003401344,183441870856.35312
scam_0089_0674854082_617_ca0_scam01089_taa-ihaaih___________01p01.wav,True,100000,0.07292,0.07457,1.65,-3308.943449714227,0.7770385313157375,0.002417690154448215,4.658845055893348,6056.050294037907,2522.2342592186665,4100.0,9100.0,523776869399.04987,27012826265.265995,0.05157315613470845,0.04225362757491036,639301944368.579
scam_0089_0674854133_584_ca0_scam01089_taa-ihaaih___________02p01.wav,False,100000,0.07436,0.07475,0.39,-1364.3138103125773,0.8263931135290389,0.005863753587722698,12.010229656660886,5601.875963662855,2189.3492801842235,4500.0,7400.0,227685563445.01233,6626412233.767662,0.02910334820313712,0.025974077947621306,255116360516.44736
scam_0094_0675281444_789_ca0_scam02094_neeznaa_2____________01p01.wav,False,100000,0.07077,0.07082,0.05,-3816.5564865288543,0.9864948197809322,0.0020961303804194376,14.375494090732593,9477.281947824622,9607.623710122909,5900.0,11300.0,36297233878.98783,4528454223.599176,0.12476031200329735,0.0675112287416091,67077052336.45319
scam_0094_0675281589_795_ca0_scam02094_neeznaa_2____________02p01.wav,False,100000,0.07059,0.07064,0.05,-4161.557710942951,0.9776374133546764,0.0019223570969504375,12.71745687386008,7911.446070293815,7552.296205200366,5000.0,9400.0,45857168494.72821,4902390548.953363,0.10690565313723954,0.09011281553761745,54402811849.85135
scam_0095_0675396050_573_ca0_scam01095_ashdla_______________01p01.wav,False,100000,0.07149,0.0716,0.11,-5790.6721021753565,0.9270691622265315,0.001381532205388503,14.654922880148177,7615.77149101011,6589.980169401263,4300.0,9800.0,67176269500.42442,9081657865.07193,0.13519145871913224,0.09247488561723184,98206748831.91904
scam_0095_0675396241_617_ca0_scam01095_ashdla_______________02p01.wav,False,100000,0.07152,0.07162,0.1,-7402.2536059277445,0.9286420785490715,0.0010807519474330869,16.41883943242091,9039.259964535988,9211.373179310925,4300.0,10200.0,52033539858.03936,9299700164.132866,0.17872511056339424,0.12148406284916255,76550783255.24551
scam_0098_0675643472_605_ca0_scam01098_ashdla_2_____________01p01.wav,False,100000,0.07117,0.07127,0.1,-386.7453971166592,0.717450835421056,0.020685443342424194,9.949667862224121,8151.989470513035,7572.239201739225,7700.0,9600.0,31262128173.08146,3698587107.320634,0.11830887157916958,0.06634720767434026,55745934711.74915
scam_0098_0675643518_573_ca0_scam01098_ashdla_2_____________02p01.wav,False,100000,0.07102,0.07113,0.11,-4486.617820161543,0.9683610319572337,0.0017830803337093588,14.027695550702681,10024.572580770153,11414.040876524838,4300.0,12500.0,37744685010.767456,4347689724.475947,0.11518680638706294,0.06911389337066673,62906161300.43096
scam_0104_0676170543_585_ca0_scam05104_ad_ees_eez___________01p01.wav,True,100000,0.07466,0.07711,2.4499999999999997,-6555.6747402272595,0.9732812736059658,0.0012203167968218435,-8.331851552068397,5203.132541322385,2236.9969669248367,3800.0,7100.0,614712316627.7322,13982914753.570185,0.022747087337178236,0.02002559417636792,698252178208.5914
scam_0104_0676170689_569_ca0_scam05104_ad_ees_eez___________02p01.wav,False,100000,0.07696,0.07732,0.36000000000000004,-1743.4156094940472,0.9086058739656219,0.0045886935716502285,-0.48514380007902425,6828.489946795763,6031.620145688366,6700.0,8800.0,2517828735.350658,276700160.022043,0.10989633891183109,0.0024143327358091076,114607301602.65724
scam_0107_0676443598_669_ca0_scam02107_ad_ilidi_____________01p01.wav,False,100000,0.07083,0.07092,0.09000000000000001,-2318.1294531530766,0.8949420468473414,0.0034510583475476525,4.284353581809473,10338.5731173671,10830.744601512026,6400.0,16800.0,10948251074.836771,1784439619.3229678,0.162988554713025,0.04361494312035884,40913491836.93001
scam_0107_0676443644_665_ca0_scam02107_ad_ilidi_____________02p01.wav,True,100000,0.06948,0.07067,1.1900000000000002,-4735.234579552188,0.9723406384205028,0.001689462235840608,8.53145292021727,6784.535415606958,5311.096807143444,4200.0,9000.0,66561163071.83004,5056315846.679648,0.07596495633982661,0.06496343974831577,77833253076.94684
scam_0108_0676523575_279_ca0_scam01108_jih__________________01p01.wav,True,100000,0.07057,0.07057,0.0,-3439.8168913001614,0.9545057942126766,0.0023257051909458494,0.9919747088237657,14877.51000524874,13321.892890186515,7600.0,32400.0,3997062334.3973374,2314190216.417526,0.5789727611957423,0.05596227635006374,41352681973.50392
scam_0108_0676523622_180_ca0_scam01108_jih__________________02p01.wav,False,100000,,,,,,,,,,,,,,,,
scam_0109_0676611485_649_ca0_scam01109_haa_ii_aah___________01p01.wav,False,100000,0.07529,0.07534,0.05,-785.0205844376005,0.9584794995849926,0.010190815576805937,9.825087230687707,7478.663255735166,6087.7074297088275,4900.0,9100.0,5651756965.124378,548414352.5792668,0.09703431268601936,0.07961167510874698,6888617176.188675
scam_0109_0676611633_623_ca0_scam01109_haa_ii_aah___________02p01.wav,False,100000,0.07524,0.07536,0.12000000000000001,-8535.20145324181,0.6405987056632348,0.0009372948071379695,17.810172898314708,7159.3263319890775,5818.691270743382,6500.0,8700.0,9565344844.694544,745640423.9580581,0.07795227836157215,0.067050294928753,11120613634.14387
scam_0109_0676613675_828_ca0_scam02109_ba_ol_tai____________01p01.wav,False,100000,0.07173,0.07178,0.05,-2116.539081956694,0.8266277070863034,0.003779755388501579,13.16362870883161,11272.976690572463,11420.058118157924,5600.0,25100.0,18022208748.734013,3336312349.845807,0.1851222786485685,0.12563624782178817,26555332618.48349
scam_0109_0676613823_852_ca0_scam02109_ba_ol_tai____________02p01.wav,False,100000,0.07168,0.07173,0.05,-9813.978658195148,0.9768379707276315,0.0008151637861286372,16.99524864037682,8844.750331429104,8509.999430496855,6700.0,9900.0,31960073772.27101,3420756708.9854727,0.10703219064385787,0.08869714176193898,38566707348.549095
scam_0110_0676702998_588_ca0_scam03110_naakih_tsaadah_______01p01.wav,False,100000,,,,,,,,,,,,,,,,
scam_0110_0676703142_539_ca0_scam03110_naakih_tsaadah_______02p01.wav,True,100000,0.07651,0.07651,0.0,-4052.896560463472,0.9785829705981167,0.001973896910678903,-0.25750778698984056,7659.525076468709,2719.3597139949748,7700.0,9200.0,537979381084.6932,24747201138.325214,0.04600027809324035,0.03104105104131627,797241082635.5779
scam_0112_0676881366_146_ca0_scam02112_tseebii______________01p01.wav,True,100000,0.07165,0.07165,0.0,-2611.240494968654,0.9060837095876726,0.003063677978115928,13.479022233069749,6464.6789803717875,3079.225766924141,6600.0,8400.0,58008815563.94427,5395624199.39757,0.0930138660295497,0.05988362318342023,90101832730.98007
scam_0112_0676881514_104_ca0_scam02112_tseebii______________02p01.wav,True,100000,0.07155,0.07155,0.0,-1207.4928297157746,0.7449097222649024,0.006625298141010972,12.892969543799124,5310.904585541496,3496.469044293055,6000.0,7500.0,55948225342.917984,1964290168.649391,0.03510907015566373,0.015381366355606633,127705830758.87737
scam_0112_0676883855_357_ca0_scam04112_da_deest_lin_________01p01.wav,False,100000,0.06939,0.0695,0.11,-2452.323619423702,0.895646989838429,0.0032622121879167017,14.790324857602851,6455.474750728403,5569.626481241974,3900.0,9000.0,41303004369.633484,3080099706.0582643,0.07457326054282856,0.061189842274553485,50336781262.45408
scam_0112_0676884005_337_ca0_scam04112_da_deest_lin_________02p01.wav,False,100000,0.06929,0.0694,0.11,-1993.259165074153,0.7658691798669307,0.004013527262373021,13.303497748769537,6606.2278468997065,5565.342734964382,5500.0,8600.0,30009028675.408794,1749593126.1821663,0.05830222447739165,0.05347765586997001,32716339146.133698
scam_0113_0676966786_559_ca0_scam01113_mussih_______________01p01.wav,False,100000,,,,,,,,,,,,,,,,
scam_0113_0676966938_600_ca0_scam01113_mussih_______________02p01.wav,False,100000,,,,,,,,,,,,,,,,
scam_0127_0678209085_589_ca0_scam01127_kad__________________01p01.wav,False,100000,,,,,,,,,,,,,,,,
scam_0127_0678209236_599_ca0_scam01127_kad__________________02p01.wav,False,100000,0.0749,0.07504,0.13999999999999999,-1169.0535183087889,0.8893885558344498,0.006843142657466357,-5.808387075956665,6266.397438380261,3751.663647555917,4200.0,9300.0,581012366293.5883,79195939850.11018,0.13630680592105007,0.052564518136443576,1506642553909.4353
scam_0130_0678474080_623_ca0_scam01130_raton________________01p01.wav,False,100000,0.07419,0.07431,0.12000000000000001,-2874.0009403108234,0.9049885537027071,0.002783575985585725,3.708788748503875,4950.0697749880965,6262.119913969782,1000.0,8100.0,31454320500.320084,2425814838.6734343,0.0771218325523436,0.003122277243945624,776937680142.693
scam_0130_0678474243_649_ca0_scam01130_raton________________02p01.wav,False,100000,0.07412,0.07418,0.060000000000000005,-6046.567160927139,0.9511201255405896,0.0013230647716436404,17.393310635131016,6418.539587405589,6077.022097079597,4600.0,8100.0,11506116931.532265,980533426.5165112,0.08521844792219872,0.053188356487044224,18435114210.670383
scam_0131_0678564491_671_ca0_scam04131_cheval_blanc_________01p01.wav,False,100000,,,,,,,,,,,,,,,,
scam_0131_0678564646_684_ca0_scam04131_cheval_blanc_________02p01.wav,False,100000,,,,,,,,,,,,,,,,
scam_0133_0678742642_430_ca0_scam04133_pierrefeu____________01p01.wav,True,100000,0.07146,0.07187,0.41,-8428.048718372618,0.968936815091792,0.0009492114091083149,15.509880513503251,11078.997717518921,11396.284114068696,7700.0,15600.0,15903306021.170618,1961953084.8203728,0.1233676244554814,0.08228418045673835,23843624302.14502
scam_0133_0678742847_415_ca0_scam04133_pierrefeu____________02p01.wav,True,100000,0.0715,0.07192,0.42000000000000004,-6667.72608378288,0.8952716639878382,0.0011998093352181115,15.053120432281295,9896.416261614457,10332.001659714611,5700.0,11800.0,15022803651.340357,2176219552.8550396,0.1448610794204765,0.1105599455579103,19683616357.382843
scam_0145_0679808185_665_ca0_scam01145_mont_brune___________01p01.wav,False,100000,0.07337,0.07347,0.1,-3198.20871566682,0.8854567287940422,0.0025014002246979733,13.35528731473427,6436.055318404955,5296.866380632424,4200.0,8200.0,44114023013.74319,3496052453.8633165,0.07925036564391699,0.060747859064896347,57550216710.16451
scam_0145_0679808360_602_ca0_scam01145_mont_brune___________02p01.wav,False,100000,0.07324,0.07329,0.05,-3882.338179574096,0.8519506293476173,0.0020606138955359173,13.202070379341746,6355.76536124764,3753.3127409440735,4300.0,9200.0,31139882939.98003,3972540725.7031775,0.1275708304157718,0.10807314619061355,36757889130.90978
scam_0145_0679810656_933_ca0_scam02145_croix________________01p01.wav,False,100000,0.07385,0.07396,0.11,-3957.8315690285176,0.9569697711732085,0.002021308855738817,14.430299389885802,7686.211282061363,5440.743827387212,7500.0,9900.0,28064728982.864616,4341366541.761467,0.15469119778110668,0.07128446861406854,60901997674.492935
scam_0145_0679810838_055_ca0_scam02145_croix________________02p01.wav,False,100000,0.07397,0.07406,0.09000000000000001,-251.36908922237282,0.5585572937116642,0.031825711048039114,9.295305167489682,7578.249406869539,6761.41846463132,5100.0,9200.0,5976346928.370212,723567095.306125,0.12107180255404726,0.07807267000795262,9267866658.49165
scam_0147_0679984828_603_ca0_scam04147_pepin________________01p01.wav,False,100000,,,,,,,,,,,,,,,,
scam_0147_0679984877_591_ca0_scam04147_pepin________________02p01.wav,False,100000,0.06916,0.06921,0.05,-628.10348507945,0.8679835083671428,0.012736754675048595,7.255430312761431,8816.79859763985,7980.486615171083,2100.0,14000.0,12933694423.66393,5663688437.73902,0.4379018285275506,0.06846314763444528,82726088902.30891
scam_0148_0680099816_961_ca0_scam07148_gironde______________01p01.wav,False,100000,0.06999,0.07008,0.09000000000000001,-1009.096195430239,0.9070050878944736,0.007927886395993311,9.381380308672512,6716.136677308823,6170.748795008525,5500.0,9100.0,101127811988.77692,7531843116.902836,0.07447845423313137,0.024157010040407798,311787059089.85455
scam_0151_0680342162_854_ca0_scam01151_charamel_____________01p01.wav,False,100000,0.07535,0.0754,0.05,-1180.8861789000048,0.8527282377517625,0.00677457331870206,13.0084306536885,7188.03981600917,5690.034613476962,4600.0,8700.0,28781959643.74607,2174411075.385104,0.07554770774121261,0.040115971056059054,54203127037.52149
scam_0151_0680342349_851_ca0_scam01151_charamel_____________02p01.wav,True,100000,0.07527,0.07527,0.0,-8975.70644845013,0.9467226970657291,0.0008912947460956002,-2.557406341825758,7180.489354094936,6920.790225954827,7200.0,9400.0,11845522113.940176,1562504651.8931246,0.13190677767207246,0.004089175518377839,382107504280.7075
scam_0159_0681050219_854_ca0_scam01159_castillon____________01p01.wav,True,100000,0.07274,0.07274,0.0,-1490.9231695081771,0.946004434178129,0.005365802989458554,2.16954969581229,7388.674299722539,6361.434040264893,6600.0,10300.0,10093418406.288198,1625618131.9710813,0.16105724210920666,0.027495442671185148,59123184573.22773
scam_0159_0681050437_858_ca0_scam01159_castillon____________02p01.wav,True,100000,0.07266,0.07266,0.0,-2917.440932548058,0.8582550339326501,0.0027421292101406473,15.091123125699418,6077.0165660818,4396.750177950576,3900.0,8200.0,25230648473.535385,1829504145.9494724,0.07251118209936035,0.05681524600372369,32200936801.885292
scam_0159_0681062010_914_ca0_scam04159_grand_coyer__________01p01.wav,False,100000,0.07301,0.07311,0.1,-1817.525969371928,0.8246048270035095,0.004401587726839751,13.46160303073688,6494.3848598825225,5432.624107311399,4400.0,9100.0,22693082345.156387,2465721066.4955425,0.1086551852671449,0.0818285918210997,30132756920.54315
scam_0159_0681062056_835_ca0_scam04159_grand_coyer__________02p01.wav,True,100000,0.07299,0.07299,0.0,-4090.2534489772793,0.8292614602052518,0.0019558690188257915,14.970060991805237,6985.862871151249,5213.5220756564295,5400.0,9400.0,39177847793.13769,3229528409.3057733,0.08243251202460006,0.06548354310758414,49318168444.244385
scam_0170_0682026146_745_ca0_scam01170_lattes_______________01p01.wav,False,100000,0.07588,0.07627,0.39,-4599.896382945697,0.9534801984270881,0.0017391696103547735,15.869619351014881,6568.300516141921,5265.137567115741,6400.0,8400.0,22922832088.18612,1554612329.97305,0.0678193830497175,0.03758627290023711,41361172843.590004
scam_0170_0682026345_821_ca0_scam01170_lattes_______________02p01.wav,True,100000,0.07477,0.07555,0.78,-6529.750932545231,0.9210863705183047,0.001225161584667316,15.008528238846342,6066.460893419077,4022.2480983817477,4400.0,9100.0,71421828411.35387,6556356631.458427,0.09179765874512628,0.053051882346074844,123583864351.67674
scam_0173_0682295089_319_ca0_scam06173_entrevaux____________01p01.wav,False,100000,0.07769,0.07779,0.1,-19825.694896987563,0.9028732607348656,0.00040351675144640546,21.054896411729413,9102.767832673355,9539.339390598134,1500.0,13900.0,8894108238.391626,1857149488.400706,0.20880671098472547,0.14573133185067022,12743652753.436117
scam_0173_0682295238_325_ca0_scam06173_entrevaux____________02p01.wav,False,100000,0.07779,0.07786,0.06999999999999999,-1009.3393409377577,0.9700376418696736,0.007925976602246925,10.130906610659142,8244.606775166667,8717.142201262312,2800.0,13900.0,16257605794.604988,3261355367.052692,0.20060489891660171,0.14810711548251843,22020247686.463387
scam_0181_0683003019_899_ca0_scam01181_manior_______________01p01.wav,False,100000,0.06937,0.06948,0.11,-1525.0734558784923,0.9337294771001687,0.005245648968030683,11.62382733208916,8280.108132363479,8411.394175933756,4700.0,9900.0,25678262529.866516,3008422383.3686333,0.1171583310930606,0.02715860955274459,110772327188.76834
scam_0181_0683003225_821_ca0_scam01181_manior_______________02p01.wav,False,100000,,,,,,,,,,,,,,,,
scam_0181_0683005716_916_ca0_scam02181_grandes_tours_du_lac_01p01.wav,False,100000,0.07188,0.07193,0.05,-5338.194148087405,0.9297355217166059,0.0014986341406983633,14.420304108041584,5552.409086527826,3654.1481376157535,4500.0,7700.0,28861221979.80214,1031770803.7531402,0.03574938041345586,0.030957845488429253,33328249672.244568
scam_0181_0683005884_912_ca0_scam02181_grandes_tours_du_lac_02p01.wav,False,100000,0.07179,0.07184,0.05,-9733.615132049377,0.9413272114515429,0.0008218940128071027,15.704842328759108,5839.047781379488,3623.57363535057,5000.0,7800.0,23843714057.545666,903639444.7976897,0.0378984348921816,0.033406499612050174,27049809327.276386
scam_0182_0683091492_713_ca0_scam01182_lance________________01p01.wav,False,100000,0.07064,0.07103,0.39,-1717.5851760118783,0.980187389378409,0.004657702052701388,7.194371109133872,8620.164009317177,11358.52181197814,4900.0,10400.0,58518651822.08204,5256350832.786701,0.08982351214733923,0.03651895495700096,143934864482.72583
scam_0182_0683091689_749_ca0_scam01182_lance________________02p01.wav,False,100000,0.07063,0.07075,0.12000000000000001,-2909.0091876994097,0.9794693104985693,0.002750077254423112,11.671274017782984,10860.386198392773,12810.437999405207,4600.0,23500.0,34138477345.79815,3548052839.603689,0.10393119774102616,0.0665891532717767,53282744490.27277
scam_0182_0683094296_931_ca0_scam02182_estoublon____________01p01.wav,False,100000,0.06929,0.06939,0.1,-1821.0438343324508,0.965070765214098,0.004393084806183482,11.07319589281678,7582.354458318612,7128.551161406554,4400.0,9100.0,32213193712.21298,2319932829.1048675,0.07201809450595742,0.0579405707038592,40039868453.52812
scam_0182_0683094463_811_ca0_scam02182_estoublon____________02p01.wav,False,100000,0.06924,0.06936,0.12000000000000001,-3848.8724033793046,0.9281823638830381,0.00207853084268941,13.720718493254932,6374.991155644428,5761.19275096187,3500.0,8600.0,58811292846.902725,5467556272.259518,0.09296779593831807,0.0795518972417446,68729426472.94193
scam_0183_0683183544_821_ca0_scam01183_sauzeries_hautes_____01p01.wav,False,100000,,,,,,,,,,,,,,,,
scam_0183_0683183736_826_ca0_scam01183_sauzeries_hautes_____02p01.wav,False,100000,,,,,,,,,,,,,,,,
scam_0183_0683186320_932_ca0_scam02183_sauzeries_basses_____01p01.wav,False,100000,,,,,,,,,,,,,,,,
scam_0183_0683186485_901_ca0_scam02183_sauzeries_basses_____02p01.wav,False,100000,,,,,,,,,,,,,,,,
scam_0184_0683272842_931_ca0_scam03184_sauze________________01p01.wav,False,100000,0.07535,0.07556,0.21000000000000002,-1074.2927663328544,0.969127921281154,0.00744675962708783,6.607220078621077,11355.51570703139,10869.26303076879,3200.0,21100.0,20766365195.882217,10691248351.67019,0.51483484234353,0.18831460690644639,56773335469.306114
scam_0184_0683272998_853_ca0_scam03184_sauze________________02p01.wav,False,100000,,,,,,,,,,,,,,,,
scam_0191_0683896643_201_ca0_scam02191_digne_les_bains______01p01.wav,False,100000,0.0712,0.07135,0.15,-3925.2841938778192,0.8487697672603739,0.002038068991915904,14.913185161704662,7121.770966136414,7249.492543426745,7000.0,8500.0,34347731365.521214,2242343270.9998646,0.06528359172072609,0.056959181209889805,39367547485.22486
scam_0191_0683896809_183_ca0_scam02191_digne_les_bains______02p01.wav,False,100000,0.07131,0.07145,0.13999999999999999,-1286.7315945197122,0.9776825747447169,0.006217302842389671,8.725920865203646,9274.188962352659,10586.438209237307,4500.0,10600.0,30264472327.89032,3018438556.1261516,0.09973537696028158,0.029461798748383273,102452622866.13744
scam_0193_0684066469_854_ca0_scam01193_pont_________________01p01.wav,True,100000,0.07404,0.07445,0.41,-7060.248575307556,0.9533453436040769,0.0011331045804788122,16.84760018082047,6120.789742080618,4660.947796747367,4800.0,8300.0,11272316477.584673,727709762.2077317,0.06455725082371522,0.039837647189134885,18266886062.643867
scam_0193_0684066674_865_ca0_scam01193_pont_________________02p01.wav,False,100000,0.07398,0.07435,0.37,-486.85346346092723,0.7228633460557727,0.016432049066940745,12.648251810015498,6069.3441632127815,4283.870576682119,3900.0,7800.0,11010704382.910124,613376419.4357462,0.05570728248664788,0.04773789599858826,12848836476.871233
scam_0193_0684074012_525_ca0_scam04193_souche_______________01p01.wav,False,100000,0.07289,0.073,0.11,-3387.371504689409,0.9320572659066653,0.0023617132012018643,14.499745554876995,6151.018034164217,3351.4909944368464,5200.0,7700.0,39175241476.09445,2504536991.3313675,0.06393162867572082,0.057766958635811,43355874196.547195
scam_0193_0684074256_569_ca0_scam04193_souche_______________02p01.wav,False,100000,0.07266,0.07277,0.11,-7695.540965039549,0.8818238762028454,0.0010395630451898825,17.201780776949878,6924.462989072056,3842.7790465041926,6200.0,8600.0,30454452428.134113,1693266665.4723787,0.05559997079140135,0.051468759856237035,32898921019.313953
scam_0200_0684689393_585_ca0_scam01200_ondres_______________01p01.wav,True,100000,0.06951,0.07074,1.23,-1349.7833199438167,0.9151320358628035,0.005926877211916496,7.14590235201952,9801.252129032671,10220.221709808558,3600.0,12600.0,37129266425.982864,6775304470.093301,0.18247881313787495,0.09074769936401304,74660895180.55727
scam_0200_0684689579_616_ca0_scam01200_ondres_______________02p01.wav,False,100000,0.07066,0.07077,0.11,-680.1135980872201,0.6834042431203584,0.011762740845793311,11.787855537760283,13657.472585886004,14520.511465244292,1000.0,35000.0,11371520921.32536,3911272747.903654,0.3439533528508685,0.028347622164233106,137975337939.935
scam_0201_0684779623_772_ca0_scam01201_digne________________01p01.wav,False,100000,,,,,,,,,,,,,,,,
scam_0201_0684779800_791_ca0_scam01201_digne________________02p01.wav,True,100000,0.07663,0.07663,0.0,-1078.5551152033868,0.9924718814917635,0.007417330730002994,8.389994152931589,6751.819686419866,5905.596979981142,4800.0,8200.0,89063092795.41696,6182688384.548822,0.06941919700398023,0.05837247740195361,105917868484.0589
scam_0205_0685134515_460_ca0_scam04205_monier_______________01p01.wav,False,100000,0.07,0.07037,0.37,-7611.2682397899725,0.9840224617826364,0.001051073191479158,19.777594948409252,10811.333611960288,11442.13087486851,6800.0,18100.0,22365455444.569237,3251703027.890197,0.14538952877348058,0.10646311936857675,30542999746.539055
scam_0205_0685134703_601_ca0_scam04205_monier_______________02p01.wav,False,100000,0.06988,0.07025,0.37,-6445.980316955253,0.98268015687172,0.0012410835290571885,16.881216193836284,9690.204792761348,10024.801614477612,6900.0,10900.0,9479108084.12604,1075635733.6875913,0.11347436110459368,0.09115085056899468,11800611041.730345
scam_0205_0685137290_788_ca0_scam05205_levens_______________01p01.wav,False,100000,0.06876,0.06902,0.25999999999999995,-5559.533568727415,0.8948754625747277,0.0014389696367695846,12.379749790817861,6714.160263638952,5984.754355963261,3700.0,8600.0,26730784627.94679,2432799078.5344257,0.09101113612620845,0.0767944904815546,31679343964.37937
scam_0205_0685137452_729_ca0_scam05205_levens_______________02p01.wav,False,100000,0.06893,0.06905,0.12000000000000001,-4925.923365534201,0.9610402296228445,0.001624060994528368,14.402948128601201,6334.615822417309,5527.58639356639,4000.0,8200.0,25945394261.159225,1235236896.8961754,0.04760910103976912,0.043945517907605904,28108370448.454445
scam_0206_0685219382_906_ca0_scam01206_cine_________________01p01.wav,False,100000,0.06976,0.06989,0.12999999999999998,-7645.861285796427,0.8550002643528153,0.0010463177006443277,17.414926850419047,8047.39134037207,8236.538640065382,3100.0,10100.0,24214569078.002655,3238582115.2506437,0.13374518889095915,0.10188437443729396,31786838100.908894
scam_0206_0685219580_929_ca0_scam01206_cine_________________02p01.wav,False,100000,0.06966,0.06977,0.11,-4015.186163262038,0.9096241118274122,0.001992435636782679,14.690233579091313,9001.646771415697,9906.933053143986,5800.0,9700.0,42786728437.35897,3406523654.782243,0.07961636187654529,0.06221967479660627,54749943099.478386
scam_0211_0685666238_554_ca0_scam04211_penne________________01p01.wav,False,100000,0.06979,0.06988,0.09000000000000001,-6195.764228941635,0.9542392887065448,0.001291204717350351,15.72753508909199,8157.774433195511,8857.770292336327,3900.0,10200.0,26730369104.381767,3218104236.159479,0.12039131310132012,0.08288643049943523,38825465359.87464
scam_0211_0685666540_589_ca0_scam04211_penne________________02p01.wav,True,100000,0.06886,0.06991,1.05,-1271.6473264784747,0.933801090812448,0.0062910524273692295,2.570969226561629,6941.937900086257,5401.4860326982325,4100.0,8900.0,70341458092.42543,4764180323.290541,0.06772933704374777,0.0006480925377309643,7351080356472.556
scam_0213_0685844643_151_ca0_scam04213_moustiers_sainte_mar_01p01.wav,False,100000,,,,,,,,,,,,,,,,
scam_0213_0685844840_180_ca0_scam04213_moustiers_sainte_mar_02p01.wav,False,100000,0.07324,0.07362,0.38,-2567.4574001406063,0.4784448007567585,0.0031159231695769836,1.3992142766005324,10842.980006589023,12379.314591794644,1500.0,25300.0,23339053824.542377,7000792583.872536,0.2999604284090897,0.007327637545426559,955395588342.3821
scam_0237_0687976823_665_ca0_scam06237_sigale_______________01p01.wav,False,100000,0.0725,0.07261,0.11,-2131.2604048439825,0.8256848926078921,0.00375364736369962,9.995590554082362,5575.177849938296,4111.281586674726,3900.0,7500.0,31727877523.99901,2297419702.795447,0.07241012894914498,0.014973674034522766,153430594087.90378
scam_0237_0687976869_667_ca0_scam06237_sigale_______________02p01.wav,False,100000,0.07259,0.07271,0.12000000000000001,-5710.73060036164,0.9235325780058592,0.0014008715451387934,16.313612463650394,6178.188664278962,5288.330798374067,4500.0,8800.0,10478644726.713165,663635407.1835164,0.06333217935060947,0.04171748901448519,15907846393.944954
scam_0239_0688151857_681_ca0_scam01239_cheiron______________01p01.wav,True,100000,0.06906,0.07198,2.92,-5865.149890390168,0.6820675879928209,0.0013639890112796102,-9.559969551481963,6071.647715596348,2782.4969853938965,3400.0,8900.0,1514108369251.6572,129905689972.58545,0.08579682446164066,0.07587856552728482,1712020899049.1956
scam_0239_0688152051_670_ca0_scam01239_cheiron______________02p01.wav,True,100000,0.07177,0.07177,0.0,-7955.488448762084,0.7616602124054642,0.0010055950745858782,9.440068188197623,5036.523867086774,2572.5673866711113,3600.0,7100.0,93784661275.7732,1496684452.8909137,0.015958733896686183,0.013064693587232024,114559476109.99513
scam_0239_0688154484_917_ca0_scam02239_content______________01p01.wav,True,100000,0.07339,0.0738,0.41,-2697.63190284335,0.8225865212250817,0.0029655639791210447,13.908105249491111,5616.92470150804,4665.678588588043,3200.0,8000.0,46901148529.82384,2929507133.9055843,0.0624613090667225,0.0495284752031966,59147937058.16552
scam_0239_0688154646_681_ca0_scam02239_content______________02p01.wav,False,100000,0.07365,0.07405,0.4,-12330.976675756585,0.9011105966920061,0.0006487726163433967,16.940014811912135,5747.340803971025,4959.606517019802,3200.0,8700.0,23030255799.17423,1602258356.08129,0.06957188708858113,0.059073974372964605,27122914499.79991
scam_0242_0688417845_578_ca0_scam04242_pal__________________01p01.wav,True,100000,0.07372,0.07372,0.0,-3440.345252831053,0.9226416462760071,0.0023253480136671795,1.9770109169349093,16102.821099701445,13538.79993875211,6700.0,34200.0,54695848488.06352,44163702233.76358,0.8074415783750313,0.11265540909977222,392024693591.5026
scam_0242_0688418039_588_ca0_scam04242_pal__________________02p01.wav,False,100000,,,,,,,,,,,,,,,,
scam_0242_0688420559_670_ca0_scam05242_nans_________________01p01.wav,False,100000,,,,,,,,,,,,,,,,
scam_0242_0688420722_703_ca0_scam05242_nans_________________02p01.wav,False,100000,,,,,,,,,,,,,,,,
scam_0242_0688422891_820_ca0_scam06242_gion_________________01p01.wav,False,100000,0.07631,0.07644,0.12999999999999998,-7179.293748361759,0.8929517118667836,0.0011143157363947558,17.16962174302395,6107.529413564087,5138.373276026727,4600.0,7600.0,9741527348.79706,601840282.9195578,0.06178089547671151,0.05360650850621027,11227000222.36731
scam_0242_0688423037_764_ca0_scam06242_gion_________________02p01.wav,False,100000,0.07651,0.0768,0.29,-16848.81759771435,0.9424397455471757,0.0004748107666074592,16.764425080434393,5655.665484476973,4142.450011207116,4300.0,7800.0,23411448396.838577,1103046692.0665288,0.047115696276847245,0.04378682881889647,25191289751.280235
scam_0246_0688773232_591_ca0_scam01246_amignon______________01p01.wav,False,100000,,,,,,,,,,,,,,,,
scam_0246_0688773424_713_ca0_scam01246_amignon______________02p01.wav,False,100000,0.07515,0.07544,0.29,-1079.4358650945603,0.6858947455907612,0.007411278667583634,4.506655555010066,5454.5861550549025,6391.17497428328,3700.0,9400.0,54610143816.03429,7920375882.645334,0.14503488416596705,0.005392974898839487,1468646902908.767
scam_0246_0688775965_945_ca0_scam02246_brac_246_____________01p01.wav,False,100000,0.07406,0.07444,0.38,-319.87290061492837,0.7679613464200921,0.0250099335849354,7.424943781170935,6009.894697047298,4855.367278110345,4500.0,8400.0,70260396300.00755,3575240889.30217,0.050885578185982785,0.04449550543309208,80350607426.59192
scam_0246_0688776125_739_ca0_scam02246_brac_246_____________02p01.wav,False,100000,0.07421,0.07459,0.38,-3175.609401944326,0.8703790220481645,0.002519201509827327,14.95156906890731,5377.077337458876,3392.1797853614603,4500.0,7900.0,66544894762.11222,1588303157.6267605,0.023868144405437868,0.022661562959934562,70087979387.60297
scam_0247_0688864881_213_ca0_scam01247_brac_247_____________01p01.wav,False,100000,0.0745,0.07469,0.19,-1028.410305106528,0.9514002837449284,0.007778996340542619,8.252112570009967,6172.658482918201,5555.8322689197375,4300.0,8700.0,16936664874.582144,975117236.3734186,0.057574336127819044,0.0405539466462451,24044940554.84745
scam_0247_0688865095_185_ca0_scam01247_brac_247_____________02p01.wav,True,100000,0.07444,0.07444,0.0,-3032.151121363551,0.9440284444022438,0.002638390924395094,12.087364383084456,5991.187810945199,5353.374630320155,3800.0,8400.0,19574413504.506824,1390075707.9824286,0.07101493527059581,0.06301017487682224,22061130772.924675
scam_0250_0689128711_062_ca0_scam01250_hotel________________01p01.wav,False,100000,,,,,,,,,,,,,,,,
scam_0250_0689128907_101_ca0_scam01250_hotel________________02p01.wav,False,100000,,,,,,,,,,,,,,,,
scam_0250_0689145560_077_ca0_scam04250_villeneuve___________01p01.wav,False,100000,,,,,,,,,,,,,,,,
scam_0250_0689145702_059_ca0_scam04250_villeneuve___________02p01.wav,False,100000,,,,,,,,,,,,,,,,
scam_0252_0689319767_228_ca0_scam04252_pierlas______________01p01.wav,False,100000,0.06826,0.06837,0.11,-4333.557318781233,0.8477285482369887,0.0018460584253330967,15.464799220885075,8003.438467024659,7215.077600637821,5000.0,9300.0,35436723965.28169,3925437663.77479,0.11077315351217698,0.08862298705251462,44293673620.46513
scam_0252_0689319812_322_ca0_scam04252_pierlas______________02p01.wav,False,100000,0.06835,0.06846,0.11,-5183.607950684284,0.8233288022766796,0.001543326593390213,15.845410980169252,8224.914544471887,8046.397146390198,5100.0,10100.0,18553892468.439014,2547255637.561544,0.13728955484109534,0.11164135408044241,22816416537.962593
scam_0253_0689394708_788_ca0_scam01253_ubraye_______________01p01.wav,False,100000,0.07225,0.07236,0.11,-1579.3148860590125,0.9781796147306498,0.0050654876178385325,10.366997348086578,6362.85790412036,3292.005000671641,4900.0,8600.0,53958489269.18922,4336453887.579042,0.08036648072086029,0.05847714909766198,74156383382.11021
scam_0253_0689394907_835_ca0_scam01253_ubraye_______________02p01.wav,False,100000,0.07222,0.07233,0.11,-2137.9231247612156,0.8831021529012504,0.003741949327992567,11.902617190661385,6490.732024383381,3311.3828720242727,5000.0,8800.0,31203038405.775894,1830243986.305229,0.05865595402934986,0.035639322403692816,51354623569.26252
scam_0253_0689397372_279_ca0_scam02253_valette______________01p01.wav,True,100000,0.07121,0.07256,1.35,-3868.198296146799,0.9565869733795406,0.0020681463015918763,9.405712170410425,5421.192639340357,2577.493595330787,4400.0,7900.0,155669675436.96494,5833803021.911434,0.03747552633829256,0.03565390911495187,163623096785.8995
scam_0253_0689397541_091_ca0_scam02253_valette______________02p01.wav,True,100000,0.07028,0.07237,2.09,-5772.511942278263,0.9826685455813122,0.001385878466774138,-10.609015592425827,5668.700310602976,2265.381241279701,4700.0,7600.0,343812645026.6349,16504615374.501892,0.04800467816773665,0.04323091971864205,381778030213.51794
scam_0254_0689482548_838_ca0_scam01254_ferres_______________01p01.wav,False,100000,0.07213,0.07218,0.05,-1099.937732958894,0.9166506272079328,0.007273138978948883,11.985645632285586,6552.914768902752,4957.4101985543175,5700.0,8000.0,16486441893.120186,962565497.1119677,0.05838527823966962,0.046490555209994996,20704538647.99244
scam_0254_0689482747_855_ca0_scam01254_ferres_______________02p01.wav,False,100000,0.07206,0.07234,0.27999999999999997,-2726.375329138657,0.9736030663935269,0.0029342988525822076,11.210835519026265,6277.858435578851,4935.816551979407,4700.0,8900.0,16177142424.444235,1300893315.9292343,0.0804155197374994,0.022831905744864562,56976992217.2106
scam_0255_0689572368_351_ca0_scam01255_ubraye_255___________01p01.wav,True,100000,0.07211,0.07252,0.41,-3399.5622956561697,0.9686023731028893,0.0023532441250516552,12.575434959586975,5318.280134566155,3273.3767961425046,4000.0,8100.0,89082634246.75058,2747403647.6139283,0.03084106875425211,0.028714318816854274,95680613743.17892
scam_0255_0689572563_648_ca0_scam01255_ubraye_255___________02p01.wav,False,100000,0.07249,0.07259,0.1,-692.2741560518243,0.7111329885343592,0.011556115348326122,9.316479774187748,5316.448257671891,3972.180511594794,1700.0,8600.0,33144752932.641506,1859191597.5162647,0.05609308964512756,0.0062283104776593825,298506569989.57996
scam_0256_0689670525_115_ca0_scam05255_ilonse_______________01p01.wav,False,100000,0.0717,0.07182,0.12000000000000001,-4156.174130454937,0.8586153927876453,0.001924847166864088,16.29675767865949,6456.259947527205,4796.273548963918,7100.0,7800.0,10498350373.804802,776342328.6525474,0.0739489825553599,0.04717557330146454,16456447146.736555
scam_0256_0689670704_122_ca0_scam05255_ilonse_______________02p01.wav,False,100000,0.0716,0.07172,0.12000000000000001,-1423.6725402012833,0.8467724781797569,0.005619269722564808,13.334389974589849,6269.878780947777,4972.958014795583,5000.0,9000.0,15701450655.975176,1129009435.0054295,0.07190478508912715,0.02434957789985206,46366694307.76001
scam_0268_0690749569_464_ca0_scam07268_cordoeil_____________01p01.wav,False,100000,0.06887,0.06899,0.12000000000000001,-4200.017548569664,0.9828757261450963,0.0019047539462601624,13.94956997491666,6999.976413004042,7308.193066351826,3700.0,8600.0,11049005.918783434,706021.9533644912,0.06389913794545499,0.05631640268277085,12536701.915097428
scam_0268_0690749665_399_ca0_scam07268_cordoeil_____________02p01.wav,False,100000,0.06888,0.069,0.12000000000000001,-4634.704299965003,0.9655372720060292,0.0017261079633624974,14.942669302223944,6725.3540658147185,7250.478523940702,3700.0,7900.0,62678651131.2893,2818558942.4711723,0.044968404577936785,0.04054277428251531,69520623399.63545
scam_0274_0691261308_479_ca0_scam01274_melle________________01p01.wav,False,100000,,,,,,,,,,,,,,,,
scam_0274_0691261499_530_ca0_scam01274_melle________________02p01.wav,True,100000,0.07503,0.07709,2.06,-4199.679435833524,0.9659391397493515,0.001904907296433261,-1.451487211321266,6955.195286539055,10476.499806191321,1000.0,16400.0,23456842499.353996,4134627945.720183,0.17626532410890558,0.005014402346323791,824550496780.8184
scam_0274_0691263225_224_ca0_scam03274_chasteuil____________01p01.wav,False,100000,,,,,,,,,,,,,,,,
scam_0274_0691263402_243_ca0_scam03274_chasteuil____________02p01.wav,False,100000,,,,,,,,,,,,,,,,
scam_0279_0691717551_834_ca0_scam02279_rent_________________01p01.wav,True,100000,0.06907,0.06953,0.46,-4803.694058270645,0.6502770070620594,0.001665384993914463,14.27278221722009,7593.859130894074,6478.6858589801295,7200.0,9100.0,84695169233.83612,8356312820.572742,0.09866339362876385,0.08531014352844056,97952159906.83368
scam_0279_0691717703_842_ca0_scam02279_rent_________________02p01.wav,False,100000,0.06947,0.06986,0.39,-4069.811362161352,0.7800777822353063,0.0019656930722586233,13.74128759211385,8794.394184908591,8712.406243965113,5100.0,9900.0,66163192444.882805,6533360140.154267,0.09874614417369412,0.08049273281276283,81167080702.20155
scam_0280_0691792875_617_ca0_scam03280_thouron______________01p01.wav,False,100000,0.06961,0.06973,0.12000000000000001,-3371.133204409822,0.9376797543830672,0.0023730892595804575,16.257343870876106,7845.614130103638,7330.209601067795,4800.0,8800.0,46870537763.06688,3745188285.480106,0.0799049565936759,0.06272479301835833,59708260565.86527
scam_0280_0691793045_616_ca0_scam03280_thouron______________02p01.wav,False,100000,0.06944,0.06954,0.1,-3846.5050108330006,0.9227304663870124,0.0020798101074792352,16.80731858579544,8629.163239665118,7759.650719230694,4300.0,10500.0,27203947419.73403,4361048544.533434,0.16030940206015407,0.11680153853341776,37337252567.83074
scam_0282_0691972788_406_ca0_scam02282_norante______________01p01.wav,False,100000,0.07422,0.07459,0.37,-7184.242352551363,0.8236833543833172,0.001113548180506318,18.63125502517995,7151.410620139773,6303.160917270082,4900.0,8800.0,3506006742.2756224,433564958.9463911,0.12366346981551432,0.09680678459146157,4478662944.710921
scam_0282_0691972948_372_ca0_scam02282_norante______________02p01.wav,False,100000,0.07419,0.0745,0.31,-3406.8818911137614,0.7071530733852358,0.0023481882424120897,14.702777240933925,6866.347143575405,5992.842538517214,5300.0,8400.0,8287691794.962214,516082258.0314466,0.06227092787706635,0.05127202106886484,10065572748.503176
scam_0285_0692235053_725_ca0_scam01285_estoublaisse_________01p01.wav,False,100000,0.07583,0.07595,0.12000000000000001,-3569.538128003011,0.9996687292695333,0.0022411863140612046,-0.5635112101514048,5020.839918428154,7411.414920223453,1000.0,8100.0,57238009004.570496,5047773012.355434,0.08818917883660779,0.0029328690233098482,1721104138042.5645
scam_0285_0692235221_781_ca0_scam01285_estoublaisse_________02p01.wav,False,100000,0.0761,0.07621,0.11,-1090.3828466828013,0.9281841721074885,0.0073368725712605115,10.538647949992948,6745.641540713472,5767.259508386377,7400.0,8100.0,64835126289.71331,2750399457.424632,0.042421440580443635,0.03244751502753089,84764563791.43327
scam_0286_0692324948_436_ca0_scam01286_bezaudun_____________01p01.wav,True,100000,0.07623,0.07793,1.7,-916.8422129274031,0.9629293779275153,0.00872560173081107,8.037285448894792,5295.765503477391,4287.489994994794,3200.0,7400.0,171562677779.28952,5947001747.073106,0.03466372654035951,0.029604238807934762,200883454077.5
scam_0286_0692325142_462_ca0_scam01286_bezaudun_____________02p01.wav,False,100000,0.07765,0.07773,0.08,-548.0299799047071,0.5876700537797704,0.014597741534853733,6.571857754807158,8813.022999493434,10298.255600309221,1000.0,15500.0,22191837422.224323,6323236332.899322,0.28493523148141076,0.0441298810653401,143286956145.133
scam_0287_0692411661_044_ca0_scam04287_aurent_______________01p01.wav,True,100000,0.07037,0.07037,0.0,-2260.5400328697756,0.8654643185406181,0.0035389773610175483,12.450894813508778,14943.303936405007,15834.310748316233,4200.0,38500.0,13594081214.180845,3421994732.322074,0.2517268124566135,0.06453749557654914,53023357999.12132
scam_0287_0692411853_962_ca0_scam04287_aurent_______________02p01.wav,True,100000,0.07035,0.07035,0.0,-2950.525461373121,0.9549590939983834,0.002711381448739285,10.04285684382783,10325.99384427019,11527.695275422227,4800.0,23200.0,13831581665.483139,2371455341.0987864,0.17145221699531143,0.04616589737939876,51368119666.55355
scam_0287_0692414330_040_ca0_scam05287_castiglione__________01p01.wav,True,100000,0.06951,0.07016,0.65,-3407.26499094524,0.9107893476767076,0.0023479242211157307,13.636214120420426,8025.366750379814,8070.934385749641,4300.0,10100.0,28111236669.543724,3493698924.44221,0.12428122481809395,0.1000290566347276,34926840679.903854
scam_0287_0692414497_100_ca0_scam05287_castiglione__________02p01.wav,False,100000,0.07017,0.07029,0.12000000000000001,-14966.216911737727,0.8271616990043976,0.0005345372212082365,19.028694151399755,9187.867017230954,9386.444839683787,7100.0,11700.0,11882665365.463497,1865042659.9498892,0.1569549089020518,0.12073872034816194,15446930815.332943
scam_0302_0693766635_842_ca0_scam07302_monts_du_cheval_blan_01p01.wav,True,100000,0.07046,0.07046,0.0,-2872.2170644992484,0.989442191178289,0.002785304808219551,3.752964108320194,7464.467506185102,8164.657726111583,4900.0,9000.0,16353667260.508547,1228528892.9397216,0.07512253205165911,0.01943892895752866,63199412664.34407
scam_0302_0693766731_810_ca0_scam07302_monts_du_cheval_blan_02p01.wav,True,100000,0.07047,0.07047,0.0,-5992.865029641007,0.9080639364201851,0.0013349207700209507,15.683944895605952,14272.167997413808,16072.676420298762,4500.0,42400.0,13494524302.17959,1529121553.7099388,0.11331422430822258,0.075267863141162,20315729580.92526
scam_0305_0694016101_296_ca0_scam01305_gacia________________01p01.wav,False,100000,0.06887,0.06897,0.1,-2261.6016976311366,0.9790743383293798,0.0035373160571905383,12.349060066783162,15737.522843431254,15675.383006111726,4500.0,41800.0,18246764153.61682,4195227519.3991566,0.22991624619467615,0.1196936790946893,35049699793.0887
scam_0305_0694016307_209_ca0_scam01305_gacia________________02p01.wav,False,100000,0.06902,0.06912,0.1,-3769.795133359301,0.9564084742989057,0.002122131234455471,14.86577712746427,9101.255756483544,10040.197682240567,4500.0,10500.0,19830464275.6115,2281128890.965014,0.11503154234116751,0.079197800286119,28802932439.08224
scam_0309_0694365855_967_ca0_scam04309_riez_________________01p01.wav,True,100000,0.07505,0.07546,0.41,-1598.5360964877864,0.7703742095006831,0.00500457888788195,11.484001988674839,6066.244036869523,6806.422271402029,1100.0,9700.0,67026558853.896935,10006306984.027378,0.14928868727751507,0.02351524502320456,425524249232.9242
scam_0309_0694366037_036_ca0_scam04309_riez_________________02p01.wav,False,100000,0.0689,0.06914,0.24000000000000002,-1245.7181243707669,0.8318199455820904,0.006421998559297621,5.091906273037161,7131.571358064395,7053.611686532894,2800.0,12200.0,25765030761.64695,6408995908.141018,0.24874784615748477,0.007449928791297034,860276129837.3713
scam_0309_0694368476_148_ca0_scam05309_jabron_309___________01p01.wav,False,100000,0.06924,0.06935,0.11,-7463.898675662085,0.963562363523564,0.001071825911314419,16.52999632953041,7760.279704251086,7402.6780044824345,4900.0,9400.0,32996815501.08365,3492985925.1080484,0.10585827365653923,0.08145698798582023,42881353846.72088
scam_0309_0694368637_085_ca0_scam05309_jabron_309___________02p01.wav,False,100000,0.06915,0.0692,0.05,-2084.024551659502,0.9462551446526721,0.0038387263689526243,13.418176159827608,8301.888993521068,7654.374858135943,4700.0,9800.0,24151567856.19732,2767489442.8887405,0.11458839688449458,0.0854818153661774,32375183318.623734
scam_0312_0694632630_696_ca0_scam01312_riolan_312___________01p01.wav,False,100000,0.07381,0.07421,0.4,-3359.9937370155567,0.7892557025960474,0.002380956819016523,1.5231797152340767,4928.600563928712,2565.6814713272165,3600.0,7200.0,1175589405781.303,19022927651.097904,0.016181608610580465,0.01300270486205804,1462997726465.8914
scam_0312_0694632787_748_ca0_scam01312_riolan_312___________02p01.wav,False,100000,,,,,,,,,,,,,,,,
scam_0313_0694724321_603_ca0_scam01313_bessons______________01p01.wav,True,100000,0.07205,0.07205,0.0,-6717.498486266778,0.9520482164294097,0.0011909195091528732,-1.581706452038162,25792.54983747215,13878.191756986958,41400.0,41400.0,95219352799.75166,216070428051.91266,2.2691860603832645,0.3879116375040739,557009398950.1499
scam_0313_0694724354_682_ca0_scam01313_bessons______________02p01.wav,False,100000,0.07188,0.07199,0.11,-970.8639690976748,0.9914819573001735,0.008240083322316755,7.675198506799299,25050.483628745373,13866.173778735909,19500.0,41400.0,66814021406.82791,128234712915.63745,1.919278472026424,0.36279750802630417,353460842697.7948
scam_0320_0695345052_585_ca0_scam02320_angles_______________01p01.wav,False,100000,0.06881,0.06886,0.05,-21678.28870341636,0.9407759406062186,0.00036903281940051157,-3.7857201852801787,15883.446737798331,13951.435680394647,39100.0,39100.0,35893774565.484055,14783159327.734997,0.4118585884793149,0.05239208245212669,282163995699.98236
scam_0320_0695345085_600_ca0_scam02320_angles_______________02p01.wav,False,100000,0.06876,0.06887,0.11,-1576.6217114517328,0.9730244079795457,0.005074140449730141,11.167527491441184,13421.894051496798,12802.334498812123,5000.0,33300.0,47173310040.61065,13642231823.795027,0.2891938643281694,0.18438570280892458,73987470915.42241
scam_0321_0695435001_618_ca0_scam04321_caran________________01p01.wav,False,100000,0.0689,0.069,0.1,-2616.252707187059,0.8935012342631665,0.003057808589370342,10.720360445610115,12091.02237880841,13335.94165335703,5200.0,27600.0,28584439756.99836,3465291172.6295767,0.12122998393841761,0.0844151114762334,41050602339.193855
scam_0321_0695435161_655_ca0_scam04321_caran________________02p01.wav,False,100000,0.06896,0.06907,0.11,-4603.298626310625,0.8946548475674105,0.0017378842107429616,15.323647080230307,8186.198330982836,8550.97343900538,5200.0,9600.0,39917018636.59301,4417971117.00388,0.11067888504463122,0.0826278043108766,53468334949.11501
scam_0323_0695612813_710_ca0_scam05323_pra_loup_____________01p01.wav,False,100000,0.06887,0.06899,0.12000000000000001,-4011.4223225207047,0.9198936313516471,0.0019943051009829716,15.228343015443976,8885.358519067637,9562.180562987272,4800.0,11900.0,26556762787.199078,3439606108.145026,0.1295190281928108,0.06282549868461147,54748568338.66288
scam_0323_0695612859_743_ca0_scam05323_pra_loup_____________02p01.wav,False,100000,0.06891,0.06902,0.11,-5475.1904019105405,0.9241412982925239,0.0014611364012488844,17.27872712410232,11686.76193102624,12350.230589281073,6100.0,23000.0,12218702611.489391,2531392808.0873013,0.20717361642855622,0.1379180347988421,18354327711.95891
scam_0323_0695613997_825_ca0_scam06323_pra_balou____________01p01.wav,False,100000,0.069,0.06913,0.12999999999999998,-5138.832173249806,0.9628414288135088,0.0015567739381807417,15.077033146927851,7833.534020434341,8567.43705231664,3900.0,9200.0,45099622461.74217,3900966952.4692135,0.08649666537183073,0.07257585613112447,53750202345.8221
scam_0323_0695614043_919_ca0_scam06323_pra_balou____________02p01.wav,False,100000,0.06902,0.06907,0.05,-1524.0941249553325,0.9937365683072943,0.0052490196432155795,6.743631743867617,7477.927473346578,7836.149599477131,4700.0,9300.0,37309368673.4301,3644310661.6914353,0.09767816479528732,0.06703819715006412,54361704470.2693
scam_0324_0695701949_810_ca0_scam01324_tourtour_____________01p01.wav,False,100000,0.07355,0.07393,0.38,-1698.6987830659632,0.5933295770168128,0.004709487096682842,6.328453276178464,5201.145905171904,5659.991449602823,1000.0,8000.0,69524605091.42801,4232897235.498489,0.06088344162375373,0.003963418238054073,1067991562146.296
scam_0324_0695701995_789_ca0_scam01324_tourtour_____________02p01.wav,True,100000,0.07346,0.07387,0.41,-2535.982811100151,0.9068095027713754,0.003154595514205977,10.482011966078023,6392.613309682264,6279.584878796988,3800.0,8400.0,28993127515.94861,1842430196.5217433,0.06354713528260292,0.01266177272205048,145511235825.07138
scam_0324_0695703302_896_ca0_scam02324_amen_________________01p01.wav,False,100000,0.07188,0.07193,0.05,-986.2981989637847,0.9659559504581111,0.008111137187926415,10.575967200375104,15803.527578987623,14434.831446500142,30700.0,35900.0,11698257075.343853,4493826930.1707325,0.38414499709040145,0.2013237602882816,22321393777.544613
scam_0324_0695703348_903_ca0_scam02324_amen_________________02p01.wav,False,100000,0.07166,0.07195,0.29,-1063.4705061366694,0.9036906602164839,0.007522540544224457,11.515456181462206,15182.420734871554,13887.455664508389,30800.0,30900.0,5212000329.899908,1851230561.9810567,0.35518619432178894,0.19756978573089057,9370008451.103016
scam_0324_0695704717_372_ca0_scam03324_callas_______________01p01.wav,False,100000,0.07171,0.07184,0.12999999999999998,-8881.802520875868,0.9450197220697621,0.0009007180672162805,17.052123499010836,10789.814185877016,11504.599535571277,6000.0,24200.0,10527684391.10425,1730885676.8630974,0.16441276282234224,0.11791451156864709,14679157415.289093
scam_0324_0695704767_196_ca0_scam03324_callas_______________02p01.wav,False,100000,0.07171,0.07176,0.05,-1852.5248271191538,0.9076776203553818,0.004318430653607344,13.03653248230479,10132.382095666351,11107.762022931414,5000.0,21000.0,26206216169.69354,3039742856.035427,0.11599319933683408,0.0859139791578997,35381236974.820366
scam_0324_0695706092_522_ca0_scam04324_gourdon______________01p01.wav,True,100000,0.07167,0.07167,0.0,-1198.0625455938978,0.9789711570161276,0.006677447708737342,9.770436843382527,13955.441326908818,13593.469603458703,5100.0,32600.0,19538378717.655388,5184155776.398432,0.2653319321584187,0.1604667469517817,32306729430.716305
scam_0324_0695706141_497_ca0_scam04324_gourdon______________02p01.wav,False,100000,0.07153,0.07164,0.11,-3240.82302300637,0.8264899711199895,0.0024685087532421777,15.191625161729643,11427.137288535938,11879.244025248856,7200.0,29200.0,12090220195.547134,1882286215.656382,0.15568667776205053,0.11110082376250341,16942144548.631643
scam_0327_0695969086_749_ca0_scam02327_miassol______________01p01.wav,False,100000,0.0711,0.07121,0.11,-2269.948033180256,0.8572348135214685,0.0035243097564624827,13.889593464765023,13178.160323181497,12835.826849629584,6800.0,30500.0,13711988681.74763,3057599529.345922,0.2229873142628807,0.14608346538207573,20930496968.626034
scam_0327_0695969132_732_ca0_scam02327_miassol______________02p01.wav,False,100000,0.07107,0.07117,0.1,-2148.1636005702167,0.9500488669953024,0.0037241111421292355,7.932065535111815,14021.965014199941,13998.124346106248,1500.0,33600.0,12711215082.574852,3281036415.5116305,0.25812138290456854,0.0596084752948197,55043119275.972664
scam_0328_0696057994_287_ca0_scam05328_brusquet_____________01p01.wav,False,100000,,,,,,,,,,,,,,,,
scam_0328_0696058027_273_ca0_scam05328_brusquet_____________02p01.wav,False,100000,,,,,,,,,,,,,,,,
scam_0335_0696680688_405_ca0_scam01335_chabran______________01p01.wav,False,100000,,,,,,,,,,,,,,,,
scam_0335_0696680738_320_ca0_scam01335_chabran______________02p01.wav,False,100000,,,,,,,,,,,,,,,,
scam_0338_0696944487_786_ca0_scam05338_calandre_338_________01p01.wav,True,100000,0.07743,0.07743,0.0,-3087.126271285823,0.9565017747257439,0.002591406796155413,-3.811676507214909,3789.53431342782,6267.8368801782335,1000.0,6500.0,99303097287.38313,6682970953.592748,0.06729871611408285,0.002930494826557226,2280492322671.652
scam_0338_0696944536_824_ca0_scam05338_calandre_338_________02p01.wav,True,100000,0.07743,0.07743,0.0,-2721.262082093969,0.8563659867808349,0.002939812395373592,13.950337241855792,10205.357069279718,10030.186529600074,4800.0,17000.0,21722635696.06163,6429311835.047394,0.29597291622457417,0.17456858871425454,36829717662.27267
scam_0343_0697389227_661_ca0_scam02343_chanolles____________01p01.wav,False,100000,,,,,,,,,,,,,,,,
scam_0343_0697389276_654_ca0_scam02343_chanolles____________02p01.wav,False,100000,,,,,,,,,,,,,,,,
scam_0347_0697743236_480_ca0_scam04347_taloire______________01p01.wav,False,100000,0.07063,0.07072,0.09000000000000001,-1153.6039151815448,0.957971730713908,0.0069347892242035475,9.38635192155998,8300.15398441894,11600.668977206478,1000.0,15400.0,18297110115.764645,2639855162.2421823,0.1442771642920651,0.04514527568849484,58474671424.25586
scam_0347_0697743338_420_ca0_scam04347_taloire______________02p01.wav,False,100000,0.07076,0.07086,0.1,-9361.163152179519,0.9125971733874144,0.0008545946555944167,18.897816796161386,16785.101065520932,14763.257409592172,6800.0,39500.0,9189435558.699085,3034663897.137418,0.33023398202783893,0.16860131396139316,17999052473.76841
scam_0349_0697921512_524_ca0_scam01349_blache_______________01p01.wav,False,100000,0.07079,0.07088,0.09000000000000001,-535.5285671502503,0.8643144554864143,0.01493851213684271,9.648287135995531,24841.25201162356,16437.462829290856,28900.0,45600.0,13367299806.556583,12747077700.49246,0.9536015414451984,0.10005543869680167,127400148023.13718
scam_0349_0697921615_569_ca0_scam01349_blache_______________02p01.wav,True,100000,0.07069,0.07069,0.0,-1378.0909426990443,0.9662869698450026,0.005805132123088837,11.654900518631653,22822.947216600067,16509.144778808495,29200.0,44100.0,11984179222.523674,8249745266.910612,0.688386339500466,0.23272827366345086,35447971735.65854
scam_0349_0697923265_570_ca0_scam02349_duyes________________01p01.wav,False,100000,0.06934,0.06972,0.38,-5653.9943199306945,0.9271372801089909,0.0014149289064192166,15.345732309169584,9404.262955524975,9491.53692820735,5300.0,11200.0,30742819883.470795,3516891343.9324055,0.11439716191497773,0.08786068690842443,40028042890.19498
scam_0349_0697923372_569_ca0_scam02349_duyes________________02p01.wav,False,100000,0.06923,0.06934,0.11,-6056.419644987967,0.9096590787937298,0.0013209124315915685,18.165176392577656,7592.838777814799,7595.321958789181,4700.0,9600.0,41802151355.32119,4068246355.2585096,0.09732145890478539,0.0824839989544658,49321643068.06137
scam_0361_0698983318_603_ca0_scam01361_naanazwod____________01p01.wav,True,100000,0.07427,0.07591,1.64,-3654.103442791687,0.9002314113581068,0.002189319521258026,9.130591186720894,5646.756859705265,3168.3645362443203,4000.0,7800.0,393513464148.24115,11582543762.670433,0.02943366572663738,0.026284154282637327,440666404485.4424
scam_0361_0698983364_602_ca0_scam01361_naanazwod____________02p01.wav,True,100000,0.07403,0.07592,1.89,-1249.8091403142541,0.8039702948965519,0.006400977350820515,0.6642189576069523,5337.620860028111,3073.295690286754,4100.0,7700.0,239854383318.90616,9008388586.810919,0.037557740084464185,0.0350443427693221,257056856397.85727
scam_0362_0699075597_664_ca0_scam05362_sid_362______________01p01.wav,False,100000,0.0691,0.0692,0.1,-1829.929435858944,0.757952826838835,0.004371753272685571,14.126609891373423,8691.193339777064,9766.891012013695,4600.0,11500.0,18967680098.540302,3698341996.072886,0.19498125109973252,0.03412192099941626,108386101595.39833
scam_0362_0699075646_651_ca0_scam05362_sid_362______________02p01.wav,False,100000,0.06901,0.06936,0.35,-3606.650523059122,0.9860181067849745,0.0022181245310162424,1.4843312459644786,9798.839833990554,10204.651314934403,4700.0,14400.0,16557536668.159456,3109992919.8854585,0.1878294448150642,0.005686496122967664,546908474504.0533
scam_0364_0699242397_280_ca0_scam02364_needlegrass__________01p01.wav,False,100000,0.06957,0.06962,0.05,-1836.7608077277193,0.943548361468254,0.0043554936311478165,11.247238486814473,11831.186650260637,11322.775944149305,6100.0,20800.0,16098692914.045494,4479393459.612345,0.2782457857621624,0.13877636421001305,32277783649.33663
scam_0364_0699242563_288_ca0_scam02364_needlegrass__________02p01.wav,False,100000,0.06968,0.06979,0.11,-1228.4247815055817,0.8990635290864845,0.006512405253006246,4.347981607834778,8606.494795955236,6645.299139131553,9600.0,9700.0,33793736854.670288,3977904252.2544346,0.11771128683878264,0.08136805919501447,48887785841.37799
scam_0365_0699329380_872_ca0_scam02365_toosagrass___________01p01.wav,False,100000,0.06899,0.0691,0.11,-3060.880636707698,0.9727827493412655,0.002613626909870242,12.275414782890014,6775.284898475885,4943.944551451652,5400.0,8700.0,77807476699.6749,6441573192.293531,0.08278861448183227,0.07440093763832258,86579193714.02644
scam_0365_0699329548_774_ca0_scam02365_toosagrass___________02p01.wav,False,100000,0.069,0.06911,0.11,-4485.94752509927,0.9611147326664429,0.0017833467634740037,11.630252299828808,6696.993488200627,4669.7614589317045,4800.0,8800.0,97789914771.6559,5994108411.643758,0.061295772939778975,0.05646222234543525,106161397172.2875
