Unit,ZIP,FITS,WAV,Status,Number of shots,Samples per shot,Total samples,Duration (s),Error
Delta,urn_nasa_pds_mars2020_supercam_data_calibrated_audio_scam_0417_0703959189_698_ca0_scam04417_strike_creek_________01p__2.0.zip,scam_0417_0703959189_698_ca0_scam04417_strike_creek_________01p02.fits,scam_0417_0703959189_698_ca0_scam04417_strike_creek_________01p02.wav,OK,29,6000,174000,1.74,
Delta,urn_nasa_pds_mars2020_supercam_data_calibrated_audio_scam_0418_0704038328_265_ca0_scam02418_little_beach_________01p__2.0.zip,scam_0418_0704038328_265_ca0_scam02418_little_beach_________01p02.fits,scam_0418_0704038328_265_ca0_scam02418_little_beach_________01p02.wav,OK,29,6000,174000,1.74,
Delta,urn_nasa_pds_mars2020_supercam_data_calibrated_audio_scam_0420_0704221258_808_ca0_scam01420_broken_mountain______01p__2.0.zip,scam_0420_0704221258_808_ca0_scam01420_broken_mountain______01p02.fits,scam_0420_0704221258_808_ca0_scam01420_broken_mountain______01p02.wav,OK,29,6000,174000,1.74,
Delta,urn_nasa_pds_mars2020_supercam_data_calibrated_audio_scam_0421_0704313596_618_ca0_scam05421_king_salmon__________01p__2.0.zip,scam_0421_0704313596_618_ca0_scam05421_king_salmon__________01p02.fits,scam_0421_0704313596_618_ca0_scam05421_king_salmon__________01p02.wav,OK,29,6000,174000,1.74,
Delta,urn_nasa_pds_mars2020_supercam_data_calibrated_audio_scam_0422_0704402454_571_ca0_scam04422_kaguyak______________01p__2.0.zip,scam_0422_0704402454_571_ca0_scam04422_kaguyak______________01p02.fits,scam_0422_0704402454_571_ca0_scam04422_kaguyak______________01p02.wav,OK,29,6000,174000,1.74,
Delta,urn_nasa_pds_mars2020_supercam_data_calibrated_audio_scam_0424_0704579883_996_ca0_scam06424_cape_gull____________01p__2.0.zip,scam_0424_0704579883_996_ca0_scam06424_cape_gull____________01p02.fits,scam_0424_0704579883_996_ca0_scam06424_cape_gull____________01p02.wav,OK,29,6000,174000,1.74,
Delta,urn_nasa_pds_mars2020_supercam_data_calibrated_audio_scam_0424_0704582132_115_ca0_scam07424_hook_glacier_________01p__2.0.zip,scam_0424_0704582132_115_ca0_scam07424_hook_glacier_________01p02.fits,scam_0424_0704582132_115_ca0_scam07424_hook_glacier_________01p02.wav,OK,29,6000,174000,1.74,
Delta,urn_nasa_pds_mars2020_supercam_data_calibrated_audio_scam_0425_0704655931_247_ca0_scam01425_angle_creek__________01p__2.0.zip,scam_0425_0704655931_247_ca0_scam01425_angle_creek__________01p02.fits,scam_0425_0704655931_247_ca0_scam01425_angle_creek__________01p02.wav,OK,29,6000,174000,1.74,
Delta,urn_nasa_pds_mars2020_supercam_data_calibrated_audio_scam_0425_0704668824_603_ca0_scam04425_lake_coville_________01p__2.0.zip,scam_0425_0704668824_603_ca0_scam04425_lake_coville_________01p02.fits,scam_0425_0704668824_603_ca0_scam04425_lake_coville_________01p02.wav,OK,29,6000,174000,1.74,
Delta,urn_nasa_pds_mars2020_supercam_data_calibrated_audio_scam_0425_0704671054_732_ca0_scam05425_sukoi_bay____________01p__2.0.zip,scam_0425_0704671054_732_ca0_scam05425_sukoi_bay____________01p02.fits,scam_0425_0704671054_732_ca0_scam05425_sukoi_bay____________01p02.wav,OK,29,6000,174000,1.74,
Delta,urn_nasa_pds_mars2020_supercam_data_calibrated_audio_scam_0441_0706089478_536_ca0_scam01441_little_devils_stairs_01p__2.0.zip,scam_0441_0706089478_536_ca0_scam01441_little_devils_stairs_01p02.fits,scam_0441_0706089478_536_ca0_scam01441_little_devils_stairs_01p02.wav,OK,29,6000,174000,1.74,
Delta,urn_nasa_pds_mars2020_supercam_data_calibrated_audio_scam_0441_0706090425_650_ca0_scam02441_bald_face_mountain___01p__2.0.zip,scam_0441_0706090425_650_ca0_scam02441_bald_face_mountain___01p02.fits,scam_0441_0706090425_650_ca0_scam02441_bald_face_mountain___01p02.wav,OK,29,6000,174000,1.74,
Delta,urn_nasa_pds_mars2020_supercam_data_calibrated_audio_scam_0442_0706165848_775_ca0_scam15012_aegis_0442a__________01p__2.0.zip,scam_0442_0706165848_775_ca0_scam15012_aegis_0442a__________01p02.fits,scam_0442_0706165848_775_ca0_scam15012_aegis_0442a__________01p02.wav,OK,29,6000,174000,1.74,
Delta,urn_nasa_pds_mars2020_supercam_data_calibrated_audio_scam_0442_0706165848_775_ca0_scam15012_aegis_0442a__________01p__2.0.zip,scam_0442_0706167034_662_ca0_scam15012_aegis_0442b__________01p02.fits,scam_0442_0706167034_662_ca0_scam15012_aegis_0442b__________01p02.wav,OK,29,6000,174000,1.74,
Delta,urn_nasa_pds_mars2020_supercam_data_calibrated_audio_scam_0443_0706267744_278_ca0_scam05443_moody_creek__________01p__2.0.zip,scam_0443_0706267744_278_ca0_scam05443_moody_creek__________01p02.fits,scam_0443_0706267744_278_ca0_scam05443_moody_creek__________01p02.wav,OK,29,6000,174000,1.74,
Delta,urn_nasa_pds_mars2020_supercam_data_calibrated_audio_scam_0448_0706711828_368_ca0_scam04448_buzzard_rocks_scam_4_01p__2.0.zip,scam_0448_0706711828_368_ca0_scam04448_buzzard_rocks_scam_4_01p02.fits,scam_0448_0706711828_368_ca0_scam04448_buzzard_rocks_scam_4_01p02.wav,OK,29,6000,174000,1.74,
Delta,urn_nasa_pds_mars2020_supercam_data_calibrated_audio_scam_0449_0706783132_983_ca0_scam15012_aegis_0449a__________01p__2.0.zip,scam_0449_0706783132_983_ca0_scam15012_aegis_0449a__________01p02.fits,scam_0449_0706783132_983_ca0_scam15012_aegis_0449a__________01p02.wav,OK,29,6000,174000,1.74,
Delta,urn_nasa_pds_mars2020_supercam_data_calibrated_audio_scam_0449_0706783132_983_ca0_scam15012_aegis_0449a__________01p__2.0.zip,scam_0449_0706784270_740_ca0_scam15012_aegis_0449b__________01p02.fits,scam_0449_0706784270_740_ca0_scam15012_aegis_0449b__________01p02.wav,OK,29,6000,174000,1.74,
Delta,urn_nasa_pds_mars2020_supercam_data_calibrated_audio_scam_0449_0706799447_617_ca0_scam03449_south_river__________01p__2.0.zip,scam_0449_0706799447_617_ca0_scam03449_south_river__________01p02.fits,scam_0449_0706799447_617_ca0_scam03449_south_river__________01p02.wav,OK,29,6000,174000,1.74,
Delta,urn_nasa_pds_mars2020_supercam_data_calibrated_audio_scam_0450_0706878610_992_ca0_scam15012_aegis_0450a__________01p__2.0.zip,scam_0450_0706878610_992_ca0_scam15012_aegis_0450a__________01p02.fits,scam_0450_0706878610_992_ca0_scam15012_aegis_0450a__________01p02.wav,OK,29,6000,174000,1.74,
Delta,urn_nasa_pds_mars2020_supercam_data_calibrated_audio_scam_0450_0706878610_992_ca0_scam15012_aegis_0450a__________01p__2.0.zip,scam_0450_0706879712_991_ca0_scam15012_aegis_0450b__________01p02.fits,scam_0450_0706879712_991_ca0_scam15012_aegis_0450b__________01p02.wav,OK,29,6000,174000,1.74,
Delta,urn_nasa_pds_mars2020_supercam_data_calibrated_audio_scam_0451_0706979740_413_ca0_scam02451_marys_rock___________01p__2.0.zip,scam_0451_0706979740_413_ca0_scam02451_marys_rock___________01p02.fits,scam_0451_0706979740_413_ca0_scam02451_marys_rock___________01p02.wav,OK,29,6000,174000,1.74,
Delta,urn_nasa_pds_mars2020_supercam_data_calibrated_audio_scam_0452_0707066669_695_ca0_scam07452_big_river____________01p__2.0.zip,scam_0452_0707066669_695_ca0_scam07452_big_river____________01p02.fits,scam_0452_0707066669_695_ca0_scam07452_big_river____________01p02.wav,OK,29,6000,174000,1.74,
Delta,urn_nasa_pds_mars2020_supercam_data_calibrated_audio_scam_0453_0707157719_889_ca0_scam02453_battle_river_________01p__2.0.zip,scam_0453_0707157719_889_ca0_scam02453_battle_river_________01p02.fits,scam_0453_0707157719_889_ca0_scam02453_battle_river_________01p02.wav,OK,29,6000,174000,1.74,
Delta,urn_nasa_pds_mars2020_supercam_data_calibrated_audio_scam_0454_0707245904_310_ca0_scam04454_steller______________01p__2.0.zip,scam_0454_0707245904_310_ca0_scam04454_steller______________01p02.fits,scam_0454_0707245904_310_ca0_scam04454_steller______________01p02.wav,OK,29,6000,174000,1.74,
Delta,urn_nasa_pds_mars2020_supercam_data_calibrated_audio_scam_0454_0707256121_647_ca0_scam07454_dakavak______________05p__2.0.zip,scam_0454_0707256160_466_ca0_scam07454_dakavak______________01p02.fits,scam_0454_0707256160_466_ca0_scam07454_dakavak______________01p02.wav,OK,9,6000,54000,0.54,
Delta,urn_nasa_pds_mars2020_supercam_data_calibrated_audio_scam_0456_0707411338_725_ca0_scam15012_aegis_0456a__________01p__2.0.zip,scam_0456_0707411338_725_ca0_scam15012_aegis_0456a__________01p02.fits,scam_0456_0707411338_725_ca0_scam15012_aegis_0456a__________01p02.wav,OK,29,6000,174000,1.74,
Delta,urn_nasa_pds_mars2020_supercam_data_calibrated_audio_scam_0456_0707411338_725_ca0_scam15012_aegis_0456a__________01p__2.0.zip,scam_0456_0707412461_711_ca0_scam15012_aegis_0456b__________01p02.fits,scam_0456_0707412461_711_ca0_scam15012_aegis_0456b__________01p02.wav,OK,29,6000,174000,1.74,
Delta,urn_nasa_pds_mars2020_supercam_data_calibrated_audio_scam_0456_0707423442_336_ca0_scam04456_three_sisters________01p__2.0.zip,scam_0456_0707423442_336_ca0_scam04456_three_sisters________01p02.fits,scam_0456_0707423442_336_ca0_scam04456_three_sisters________01p02.wav,OK,29,6000,174000,1.74,
Delta,urn_nasa_pds_mars2020_supercam_data_calibrated_audio_scam_0457_0707500136_341_ca0_scam15012_aegis_0457a__________01p__2.0.zip,scam_0457_0707500136_341_ca0_scam15012_aegis_0457a__________01p02.fits,scam_0457_0707500136_341_ca0_scam15012_aegis_0457a__________01p02.wav,OK,29,6000,174000,1.74,
Delta,urn_nasa_pds_mars2020_supercam_data_calibrated_audio_scam_0457_0707500136_341_ca0_scam15012_aegis_0457a__________01p__2.0.zip,scam_0457_0707501296_475_ca0_scam15012_aegis_0457b__________01p02.fits,scam_0457_0707501296_475_ca0_scam15012_aegis_0457b__________01p02.wav,OK,29,6000,174000,1.74,
Delta,urn_nasa_pds_mars2020_supercam_data_calibrated_audio_scam_0457_0707509600_591_ca0_scam03457_furnace_mountain_____01p__2.0.zip,scam_0457_0707509600_591_ca0_scam03457_furnace_mountain_____01p02.fits,scam_0457_0707509600_591_ca0_scam03457_furnace_mountain_____01p02.wav,OK,29,6000,174000,1.74,
Delta,urn_nasa_pds_mars2020_supercam_data_calibrated_audio_scam_0457_0707510928_622_ca0_scam04457_chimney_rock_________01p__2.0.zip,scam_0457_0707510928_622_ca0_scam04457_chimney_rock_________01p02.fits,scam_0457_0707510928_622_ca0_scam04457_chimney_rock_________01p02.wav,OK,29,6000,174000,1.74,
Delta,urn_nasa_pds_mars2020_supercam_data_calibrated_audio_scam_0458_0707588160_822_ca0_scam15012_aegis_0458a__________01p__2.0.zip,scam_0458_0707588160_822_ca0_scam15012_aegis_0458a__________01p02.fits,scam_0458_0707588160_822_ca0_scam15012_aegis_0458a__________01p02.wav,OK,29,6000,174000,1.74,
Delta,urn_nasa_pds_mars2020_supercam_data_calibrated_audio_scam_0458_0707588160_822_ca0_scam15012_aegis_0458a__________01p__2.0.zip,scam_0458_0707589319_822_ca0_scam15012_aegis_0458b__________01p02.fits,scam_0458_0707589319_822_ca0_scam15012_aegis_0458b__________01p02.wav,OK,29,6000,174000,1.74,
Delta,urn_nasa_pds_mars2020_supercam_data_calibrated_audio_scam_0458_0707599716_998_ca0_scam03458_falls_hollow_________01p__2.0.zip,scam_0458_0707599716_998_ca0_scam03458_falls_hollow_________01p02.fits,scam_0458_0707599716_998_ca0_scam03458_falls_hollow_________01p02.wav,OK,29,6000,174000,1.74,
Delta,urn_nasa_pds_mars2020_supercam_data_calibrated_audio_scam_0458_0707601840_708_ca0_scam04458_limberlost___________01p__2.0.zip,scam_0458_0707601840_708_ca0_scam04458_limberlost___________01p02.fits,scam_0458_0707601840_708_ca0_scam04458_limberlost___________01p02.wav,OK,29,6000,174000,1.74,
Delta,urn_nasa_pds_mars2020_supercam_data_calibrated_audio_scam_0459_0707689244_288_ca0_scam01459_elder_ridge__________01p__2.0.zip,scam_0459_0707689244_288_ca0_scam01459_elder_ridge__________01p02.fits,scam_0459_0707689244_288_ca0_scam01459_elder_ridge__________01p02.wav,OK,29,6000,174000,1.74,
Delta,urn_nasa_pds_mars2020_supercam_data_calibrated_audio_scam_0461_0707844535_195_ca0_scam15012_aegis_0461a__________01p__2.0.zip,scam_0461_0707844535_195_ca0_scam15012_aegis_0461a__________01p02.fits,scam_0461_0707844535_195_ca0_scam15012_aegis_0461a__________01p02.wav,OK,29,6000,174000,1.74,
Delta,urn_nasa_pds_mars2020_supercam_data_calibrated_audio_scam_0461_0707844535_195_ca0_scam15012_aegis_0461a__________01p__2.0.zip,scam_0461_0707845662_028_ca0_scam15012_aegis_0461b__________01p02.fits,scam_0461_0707845662_028_ca0_scam15012_aegis_0461b__________01p02.wav,OK,29,6000,174000,1.74,
Delta,urn_nasa_pds_mars2020_supercam_data_calibrated_audio_scam_0461_0707860215_216_ca0_scam03461_smith_mountain_______01p__2.0.zip,scam_0461_0707860215_216_ca0_scam03461_smith_mountain_______01p02.fits,scam_0461_0707860215_216_ca0_scam03461_smith_mountain_______01p02.wav,OK,29,6000,174000,1.74,
Delta,urn_nasa_pds_mars2020_supercam_data_calibrated_audio_scam_0462_0707944902_794_ca0_scam15012_aegis_0462a__________01p__2.0.zip,scam_0462_0707944902_794_ca0_scam15012_aegis_0462a__________01p02.fits,scam_0462_0707944902_794_ca0_scam15012_aegis_0462a__________01p02.wav,OK,29,6000,174000,1.74,
Delta,urn_nasa_pds_mars2020_supercam_data_calibrated_audio_scam_0462_0707944902_794_ca0_scam15012_aegis_0462a__________01p__2.0.zip,scam_0462_0707946034_841_ca0_scam15012_aegis_0462b__________01p02.fits,scam_0462_0707946034_841_ca0_scam15012_aegis_0462b__________01p02.wav,OK,29,6000,174000,1.74,
Delta,urn_nasa_pds_mars2020_supercam_data_calibrated_audio_scam_0463_0708046017_931_ca0_scam01463_pignut_mountain_scam_01p__2.0.zip,scam_0463_0708046017_931_ca0_scam01463_pignut_mountain_scam_01p02.fits,scam_0463_0708046017_931_ca0_scam01463_pignut_mountain_scam_01p02.wav,OK,29,6000,174000,1.74,
Delta,urn_nasa_pds_mars2020_supercam_data_calibrated_audio_scam_0464_0708132109_040_ca0_scam01464_gimlet_ridge_________01p__2.0.zip,scam_0464_0708132109_040_ca0_scam01464_gimlet_ridge_________01p02.fits,scam_0464_0708132109_040_ca0_scam01464_gimlet_ridge_________01p02.wav,OK,29,6000,174000,1.74,
Delta,urn_nasa_pds_mars2020_supercam_data_calibrated_audio_scam_0465_0708221048_464_ca0_scam01465_calvary_rocks________01p__2.0.zip,scam_0465_0708221048_464_ca0_scam01465_calvary_rocks________01p02.fits,scam_0465_0708221048_464_ca0_scam01465_calvary_rocks________01p02.wav,OK,29,6000,174000,1.74,
Delta,urn_nasa_pds_mars2020_supercam_data_calibrated_audio_scam_0465_0708223515_853_ca0_scam02465_lighted_top__________01p__2.0.zip,scam_0465_0708223515_853_ca0_scam02465_lighted_top__________01p02.fits,scam_0465_0708223515_853_ca0_scam02465_lighted_top__________01p02.wav,OK,29,6000,174000,1.74,
Delta,urn_nasa_pds_mars2020_supercam_data_calibrated_audio_scam_0466_0708311854_826_ca0_scam01466_reids_gap____________01p__2.0.zip,scam_0466_0708311854_826_ca0_scam01466_reids_gap____________01p02.fits,scam_0466_0708311854_826_ca0_scam01466_reids_gap____________01p02.wav,OK,29,6000,174000,1.74,
Delta,urn_nasa_pds_mars2020_supercam_data_calibrated_audio_scam_0471_0708740988_825_ca0_scam01471_pinefield_gap________01p__2.0.zip,scam_0471_0708740988_825_ca0_scam01471_pinefield_gap________01p02.fits,scam_0471_0708740988_825_ca0_scam01471_pinefield_gap________01p02.wav,OK,124,6000,744000,7.44,
Delta,urn_nasa_pds_mars2020_supercam_data_calibrated_audio_scam_0472_0708829531_841_ca0_scam01472_lefthand_hollow______01p__2.0.zip,scam_0472_0708829531_841_ca0_scam01472_lefthand_hollow______01p02.fits,scam_0472_0708829531_841_ca0_scam01472_lefthand_hollow______01p02.wav,OK,29,6000,174000,1.74,
Delta,urn_nasa_pds_mars2020_supercam_data_calibrated_audio_scam_0472_0708832228_388_ca0_scam02472_austin_mountain______01p__2.0.zip,scam_0472_0708832228_388_ca0_scam02472_austin_mountain______01p02.fits,scam_0472_0708832228_388_ca0_scam02472_austin_mountain______01p02.wav,OK,29,6000,174000,1.74,
Delta,urn_nasa_pds_mars2020_supercam_data_calibrated_audio_scam_0473_0708921605_229_ca0_scam02473_snead_farm___________01p__2.0.zip,scam_0473_0708921605_229_ca0_scam02473_snead_farm___________01p02.fits,scam_0473_0708921605_229_ca0_scam02473_snead_farm___________01p02.wav,OK,29,6000,174000,1.74,
Delta,urn_nasa_pds_mars2020_supercam_data_calibrated_audio_scam_0473_0708931198_901_ca0_scam05473_elkwallow_gap_473_sc_01p__2.0.zip,scam_0473_0708931198_901_ca0_scam05473_elkwallow_gap_473_sc_01p02.fits,scam_0473_0708931198_901_ca0_scam05473_elkwallow_gap_473_sc_01p02.wav,OK,29,6000,174000,1.74,
Delta,urn_nasa_pds_mars2020_supercam_data_calibrated_audio_scam_0473_0708938254_591_ca0_scam08473_fox_hollow___________01p__2.0.zip,scam_0473_0708938254_591_ca0_scam08473_fox_hollow___________01p02.fits,scam_0473_0708938254_591_ca0_scam08473_fox_hollow___________01p02.wav,OK,29,6000,174000,1.74,
Delta,urn_nasa_pds_mars2020_supercam_data_calibrated_audio_scam_0476_0709196462_557_ca0_scam01476_fourway_476_scam_____01p__2.0.zip,scam_0476_0709196462_557_ca0_scam01476_fourway_476_scam_____01p02.fits,scam_0476_0709196462_557_ca0_scam01476_fourway_476_scam_____01p02.wav,OK,29,6000,174000,1.74,
Delta,urn_nasa_pds_mars2020_supercam_data_calibrated_audio_scam_0477_0709285254_248_ca0_scam04477_oventop_mountain_____01p__2.0.zip,scam_0477_0709285254_248_ca0_scam04477_oventop_mountain_____01p02.fits,scam_0477_0709285254_248_ca0_scam04477_oventop_mountain_____01p02.wav,OK,29,6000,174000,1.74,
Delta,urn_nasa_pds_mars2020_supercam_data_calibrated_audio_scam_0482_0709729164_771_ca0_scam01482_goat_hollow__________01p__2.0.zip,scam_0482_0709729164_771_ca0_scam01482_goat_hollow__________01p02.fits,scam_0482_0709729164_771_ca0_scam01482_goat_hollow__________01p02.wav,OK,29,6000,174000,1.74,
Delta,urn_nasa_pds_mars2020_supercam_data_calibrated_audio_scam_0482_0709743942_179_ca0_scam04482_otter_lake___________01p__2.0.zip,scam_0482_0709743942_179_ca0_scam04482_otter_lake___________01p02.fits,scam_0482_0709743942_179_ca0_scam04482_otter_lake___________01p02.wav,OK,29,6000,174000,1.74,
Delta,urn_nasa_pds_mars2020_supercam_data_calibrated_audio_scam_0488_0710264577_671_ca0_scam02488_short_mountain_______01p__2.0.zip,scam_0488_0710264577_671_ca0_scam02488_short_mountain_______01p02.fits,scam_0488_0710264577_671_ca0_scam02488_short_mountain_______01p02.wav,OK,29,6000,174000,1.74,
Delta,urn_nasa_pds_mars2020_supercam_data_calibrated_audio_scam_0489_0710352197_772_ca0_scam01489_shop_hollow_489______01p__2.0.zip,scam_0489_0710352197_772_ca0_scam01489_shop_hollow_489______01p02.fits,scam_0489_0710352197_772_ca0_scam01489_shop_hollow_489______01p02.wav,OK,29,6000,174000,1.74,
Delta,urn_nasa_pds_mars2020_supercam_data_calibrated_audio_scam_0489_0710354497_865_ca0_scam02489_sawlog_ridge_489_____01p__2.0.zip,scam_0489_0710354497_865_ca0_scam02489_sawlog_ridge_489_____01p02.fits,scam_0489_0710354497_865_ca0_scam02489_sawlog_ridge_489_____01p02.wav,OK,29,6000,174000,1.74,
Delta,urn_nasa_pds_mars2020_supercam_data_calibrated_audio_scam_0497_0711062133_153_ca0_scam04497_pollock_knob_________01p__2.0.zip,scam_0497_0711062133_153_ca0_scam04497_pollock_knob_________01p02.fits,scam_0497_0711062133_153_ca0_scam04497_pollock_knob_________01p02.wav,OK,29,6000,174000,1.74,
Delta,urn_nasa_pds_mars2020_supercam_data_calibrated_audio_scam_0501_0711414592_419_ca0_scam01501_pollock_knob_501_sca_01p__2.0.zip,scam_0501_0711414592_419_ca0_scam01501_pollock_knob_501_sca_01p02.fits,scam_0501_0711414592_419_ca0_scam01501_pollock_knob_501_sca_01p02.wav,OK,29,6000,174000,1.74,
Delta,urn_nasa_pds_mars2020_supercam_data_calibrated_audio_scam_0504_0711700522_280_ca0_scam04504_hightop______________01p__2.0.zip,scam_0504_0711700522_280_ca0_scam04504_hightop______________01p02.fits,scam_0504_0711700522_280_ca0_scam04504_hightop______________01p02.wav,OK,124,6000,744000,7.44,
Delta,urn_nasa_pds_mars2020_supercam_data_calibrated_audio_scam_0505_0711777950_028_ca0_scam01505_apple_orchard_mounta_01p__2.0.zip,scam_0505_0711777950_028_ca0_scam01505_apple_orchard_mounta_01p02.fits,scam_0505_0711777950_028_ca0_scam01505_apple_orchard_mounta_01p02.wav,OK,29,6000,174000,1.74,
Delta,urn_nasa_pds_mars2020_supercam_data_calibrated_audio_scam_0507_0711949334_805_ca0_scam07507_spitler_hill_________05p__2.0.zip,scam_0507_0711949371_709_ca0_scam07507_spitler_hill_________01p02.fits,scam_0507_0711949371_709_ca0_scam07507_spitler_hill_________01p02.wav,OK,9,6000,54000,0.54,
Delta,urn_nasa_pds_mars2020_supercam_data_calibrated_audio_scam_0511_0712312219_740_ca0_scam01511_bearwallow_511_scam__01p__2.0.zip,scam_0511_0712312219_740_ca0_scam01511_bearwallow_511_scam__01p02.fits,scam_0511_0712312219_740_ca0_scam01511_bearwallow_511_scam__01p02.wav,OK,124,6000,744000,7.44,
Delta,urn_nasa_pds_mars2020_supercam_data_calibrated_audio_scam_0517_0712836568_577_ca0_scam01517_mill_prong_517_______01p__2.0.zip,scam_0517_0712836568_577_ca0_scam01517_mill_prong_517_______01p02.fits,scam_0517_0712836568_577_ca0_scam01517_mill_prong_517_______01p02.wav,OK,29,6000,174000,1.74,
Delta,urn_nasa_pds_mars2020_supercam_data_calibrated_audio_scam_0520_0713103129_850_ca0_scam05520_hogback_mountain_____01p__2.0.zip,scam_0520_0713103129_850_ca0_scam05520_hogback_mountain_____01p02.fits,scam_0520_0713103129_850_ca0_scam05520_hogback_mountain_____01p02.wav,OK,29,6000,174000,1.74,
Delta,urn_nasa_pds_mars2020_supercam_data_calibrated_audio_scam_0521_0713193045_560_ca0_scam07521_mill_prong_521_______01p__2.0.zip,scam_0521_0713193045_560_ca0_scam07521_mill_prong_521_______01p02.fits,scam_0521_0713193045_560_ca0_scam07521_mill_prong_521_______01p02.wav,OK,124,6000,744000,7.44,
Delta,urn_nasa_pds_mars2020_supercam_data_calibrated_audio_scam_0523_0713369148_542_ca0_scam01523_patterson_ridge______01p__2.0.zip,scam_0523_0713369148_542_ca0_scam01523_patterson_ridge______01p02.fits,scam_0523_0713369148_542_ca0_scam01523_patterson_ridge______01p02.wav,OK,29,6000,174000,1.74,
Delta,urn_nasa_pds_mars2020_supercam_data_calibrated_audio_scam_0531_0714070745_902_ca0_scam02531_hogback_mountain_531_01p__2.0.zip,scam_0531_0714070745_902_ca0_scam02531_hogback_mountain_531_01p02.fits,scam_0531_0714070745_902_ca0_scam02531_hogback_mountain_531_01p02.wav,OK,124,6000,744000,7.44,
Delta,urn_nasa_pds_mars2020_supercam_data_calibrated_audio_scam_0532_0714154700_858_ca0_scam01532_loft_mountain________01p__2.0.zip,scam_0532_0714154700_858_ca0_scam01532_loft_mountain________01p02.fits,scam_0532_0714154700_858_ca0_scam01532_loft_mountain________01p02.wav,OK,29,6000,174000,1.74,
Delta,urn_nasa_pds_mars2020_supercam_data_calibrated_audio_scam_0532_0714157416_056_ca0_scam02532_upper_pocosin________01p__2.0.zip,scam_0532_0714157416_056_ca0_scam02532_upper_pocosin________01p02.fits,scam_0532_0714157416_056_ca0_scam02532_upper_pocosin________01p02.wav,OK,29,6000,174000,1.74,
Delta,urn_nasa_pds_mars2020_supercam_data_calibrated_audio_scam_0533_0714247728_852_ca0_scam01533_corbin_mountain_533__01p__2.0.zip,scam_0533_0714247728_852_ca0_scam01533_corbin_mountain_533__01p02.fits,scam_0533_0714247728_852_ca0_scam01533_corbin_mountain_533__01p02.wav,OK,29,6000,174000,1.74,
Delta,urn_nasa_pds_mars2020_supercam_data_calibrated_audio_scam_0538_0714691742_619_ca0_scam15011_aegis_0538a__________01p__2.0.zip,scam_0538_0714691742_619_ca0_scam15011_aegis_0538a__________01p02.fits,scam_0538_0714691742_619_ca0_scam15011_aegis_0538a__________01p02.wav,OK,29,6000,174000,1.74,
Delta,urn_nasa_pds_mars2020_supercam_data_calibrated_audio_scam_0544_0715236424_245_ca0_scam15012_aegis_0544a__________01p__2.0.zip,scam_0544_0715236424_245_ca0_scam15012_aegis_0544a__________01p02.fits,scam_0544_0715236424_245_ca0_scam15012_aegis_0544a__________01p02.wav,OK,29,6000,174000,1.74,
Delta,urn_nasa_pds_mars2020_supercam_data_calibrated_audio_scam_0544_0715236424_245_ca0_scam15012_aegis_0544a__________01p__2.0.zip,scam_0544_0715237522_243_ca0_scam15012_aegis_0544b__________01p02.fits,scam_0544_0715237522_243_ca0_scam15012_aegis_0544b__________01p02.wav,OK,29,6000,174000,1.74,
Delta,urn_nasa_pds_mars2020_supercam_data_calibrated_audio_scam_0550_0715772566_733_ca0_scam15011_aegis_0550a__________01p__2.0.zip,scam_0550_0715772566_733_ca0_scam15011_aegis_0550a__________01p02.fits,scam_0550_0715772566_733_ca0_scam15011_aegis_0550a__________01p02.wav,OK,29,6000,174000,1.74,
Delta,urn_nasa_pds_mars2020_supercam_data_calibrated_audio_scam_0554_0716124210_576_ca0_scam02554_barrier_range________01p__2.0.zip,scam_0554_0716124210_576_ca0_scam02554_barrier_range________01p02.fits,scam_0554_0716124210_576_ca0_scam02554_barrier_range________01p02.wav,OK,29,6000,174000,1.74,
Delta,urn_nasa_pds_mars2020_supercam_data_calibrated_audio_scam_0556_0716301226_744_ca0_scam04556_alagogshak___________01p__2.0.zip,scam_0556_0716301226_744_ca0_scam04556_alagogshak___________01p02.fits,scam_0556_0716301226_744_ca0_scam04556_alagogshak___________01p02.wav,OK,29,6000,174000,1.74,
Delta,urn_nasa_pds_mars2020_supercam_data_calibrated_audio_scam_0557_0716380241_716_ca0_scam15011_aegis_0557a__________01p__2.0.zip,scam_0557_0716380241_716_ca0_scam15011_aegis_0557a__________01p02.fits,scam_0557_0716380241_716_ca0_scam15011_aegis_0557a__________01p02.wav,OK,29,6000,174000,1.74,
Delta,urn_nasa_pds_mars2020_supercam_data_calibrated_audio_scam_0558_0716481090_725_ca0_scam01558_chiniak_scam_________01p__2.0.zip,scam_0558_0716481090_725_ca0_scam01558_chiniak_scam_________01p02.fits,scam_0558_0716481090_725_ca0_scam01558_chiniak_scam_________01p02.wav,OK,29,6000,174000,1.74,
Delta,urn_nasa_pds_mars2020_supercam_data_calibrated_audio_scam_0561_0716743179_468_ca0_scam01561_walatka______________01p__2.0.zip,scam_0561_0716743179_468_ca0_scam01561_walatka______________01p02.fits,scam_0561_0716743179_468_ca0_scam01561_walatka______________01p02.wav,OK,29,6000,174000,1.74,
Delta,urn_nasa_pds_mars2020_supercam_data_calibrated_audio_scam_0561_0716747598_035_ca0_scam04561_becharof_____________01p__2.0.zip,scam_0561_0716747598_035_ca0_scam04561_becharof_____________01p02.fits,scam_0561_0716747598_035_ca0_scam04561_becharof_____________01p02.wav,OK,124,6000,744000,7.44,
Delta,urn_nasa_pds_mars2020_supercam_data_calibrated_audio_scam_0563_0716919971_591_ca0_scam01563_swikshak_____________01p__2.0.zip,scam_0563_0716919971_591_ca0_scam01563_swikshak_____________01p02.fits,scam_0563_0716919971_591_ca0_scam01563_swikshak_____________01p02.wav,OK,29,6000,174000,1.74,
Delta,urn_nasa_pds_mars2020_supercam_data_calibrated_audio_scam_0565_0717087207_245_ca0_scam01565_raspberry_island_____01p__2.0.zip,scam_0565_0717087207_245_ca0_scam01565_raspberry_island_____01p02.fits,scam_0565_0717087207_245_ca0_scam01565_raspberry_island_____01p02.wav,OK,29,6000,174000,1.74,
Delta,urn_nasa_pds_mars2020_supercam_data_calibrated_audio_scam_0565_0717097821_583_ca0_scam04565_chiniak_565_scam_____01p__2.0.zip,scam_0565_0717097821_583_ca0_scam04565_chiniak_565_scam_____01p02.fits,scam_0565_0717097821_583_ca0_scam04565_chiniak_565_scam_____01p02.wav,OK,29,6000,174000,1.74,
Delta,urn_nasa_pds_mars2020_supercam_data_calibrated_audio_scam_0566_0717186509_791_ca0_scam04566_kelez________________01p__2.0.zip,scam_0566_0717186509_791_ca0_scam04566_kelez________________01p02.fits,scam_0566_0717186509_791_ca0_scam04566_kelez________________01p02.wav,OK,29,6000,174000,1.74,
Delta,urn_nasa_pds_mars2020_supercam_data_calibrated_audio_scam_0567_0717275341_463_ca0_scam01567_novarupta_scam_______01p__2.0.zip,scam_0567_0717275341_463_ca0_scam01567_novarupta_scam_______01p02.fits,scam_0567_0717275341_463_ca0_scam01567_novarupta_scam_______01p02.wav,OK,29,6000,174000,1.74,
Delta,urn_nasa_pds_mars2020_supercam_data_calibrated_audio_scam_0582_0718608852_983_ca0_scam01582_bruin_bay____________01p__2.0.zip,scam_0582_0718608852_983_ca0_scam01582_bruin_bay____________01p02.fits,scam_0582_0718608852_983_ca0_scam01582_bruin_bay____________01p02.wav,OK,29,6000,174000,1.74,
Delta,urn_nasa_pds_mars2020_supercam_data_calibrated_audio_scam_0588_0719141924_952_ca0_scam03588_iliamna______________01p__2.0.zip,scam_0588_0719141924_952_ca0_scam03588_iliamna______________01p02.fits,scam_0588_0719141924_952_ca0_scam03588_iliamna______________01p02.wav,OK,29,6000,174000,1.74,
Delta,urn_nasa_pds_mars2020_supercam_data_calibrated_audio_scam_0593_0719582709_653_ca0_scam01593_knife_creek__________01p__2.0.zip,scam_0593_0719582709_653_ca0_scam01593_knife_creek__________01p02.fits,scam_0593_0719582709_653_ca0_scam01593_knife_creek__________01p02.wav,OK,29,6000,174000,1.74,
Delta,urn_nasa_pds_mars2020_supercam_data_calibrated_audio_scam_0604_0720557976_589_ca0_scam01604_kejulik______________01p__2.0.zip,scam_0604_0720557976_589_ca0_scam01604_kejulik______________01p02.fits,scam_0604_0720557976_589_ca0_scam01604_kejulik______________01p02.wav,OK,29,6000,174000,1.74,
Delta,urn_nasa_pds_mars2020_supercam_data_calibrated_audio_scam_0607_0720824559_854_ca0_scam01607_gibraltar_lake_scam__01p__2.0.zip,scam_0607_0720824559_854_ca0_scam01607_gibraltar_lake_scam__01p02.fits,scam_0607_0720824559_854_ca0_scam01607_gibraltar_lake_scam__01p02.wav,OK,29,6000,174000,1.74,
Delta,urn_nasa_pds_mars2020_supercam_data_calibrated_audio_scam_0607_0720827278_796_ca0_scam02607_mount_cerberus_scam__01p__2.0.zip,scam_0607_0720827278_796_ca0_scam02607_mount_cerberus_scam__01p02.fits,scam_0607_0720827278_796_ca0_scam02607_mount_cerberus_scam__01p02.wav,OK,29,6000,174000,1.74,
Delta,urn_nasa_pds_mars2020_supercam_data_calibrated_audio_scam_0608_0720913346_166_ca0_scam01608_moraine_creek_608____01p__2.0.zip,scam_0608_0720913346_166_ca0_scam01608_moraine_creek_608____01p02.fits,scam_0608_0720913346_166_ca0_scam01608_moraine_creek_608____01p02.wav,OK,29,6000,174000,1.74,
Delta,urn_nasa_pds_mars2020_supercam_data_calibrated_audio_scam_0608_0720916149_468_ca0_scam02608_mount_griggs_________01p__2.0.zip,scam_0608_0720916149_468_ca0_scam02608_mount_griggs_________01p02.fits,scam_0608_0720916149_468_ca0_scam02608_mount_griggs_________01p02.wav,OK,29,6000,174000,1.74,
Delta,urn_nasa_pds_mars2020_supercam_data_calibrated_audio_scam_0611_0721179351_588_ca0_scam01611_kupreanof_strait_____01p__2.0.zip,scam_0611_0721179351_588_ca0_scam01611_kupreanof_strait_____01p02.fits,scam_0611_0721179351_588_ca0_scam01611_kupreanof_strait_____01p02.wav,OK,29,6000,174000,1.74,
Delta,urn_nasa_pds_mars2020_supercam_data_calibrated_audio_scam_0620_0721976717_616_ca0_scam01620_kupreanof_strait_620_01p__2.0.zip,scam_0620_0721976717_616_ca0_scam01620_kupreanof_strait_620_01p02.fits,scam_0620_0721976717_616_ca0_scam01620_kupreanof_strait_620_01p02.wav,OK,29,6000,174000,1.74,
Delta,urn_nasa_pds_mars2020_supercam_data_calibrated_audio_scam_0622_0722177767_333_ca0_scam01622_hammersly_lake_______01p__2.0.zip,scam_0622_0722177767_333_ca0_scam01622_hammersly_lake_______01p02.fits,scam_0622_0722177767_333_ca0_scam01622_hammersly_lake_______01p02.wav,OK,124,6000,744000,7.44,
Delta,urn_nasa_pds_mars2020_supercam_data_calibrated_audio_scam_0632_0723044836_558_ca0_scam01632_mount_martin_________01p__2.0.zip,scam_0632_0723044836_558_ca0_scam01632_mount_martin_________01p02.fits,scam_0632_0723044836_558_ca0_scam01632_mount_martin_________01p02.wav,OK,29,6000,174000,1.74,
Delta,urn_nasa_pds_mars2020_supercam_data_calibrated_audio_scam_0642_0723934912_593_ca0_scam01642_twoheaded_island_____01p__2.0.zip,scam_0642_0723934912_593_ca0_scam01642_twoheaded_island_____01p02.fits,scam_0642_0723934912_593_ca0_scam01642_twoheaded_island_____01p02.wav,OK,29,6000,174000,1.74,
Delta,urn_nasa_pds_mars2020_supercam_data_calibrated_audio_scam_0643_0724021966_038_ca0_scam01643_levelock_____________01p__2.0.zip,scam_0643_0724021966_038_ca0_scam01643_levelock_____________01p02.fits,scam_0643_0724021966_038_ca0_scam01643_levelock_____________01p02.wav,OK,29,6000,174000,1.74,
Delta,urn_nasa_pds_mars2020_supercam_data_calibrated_audio_scam_0645_0724214436_953_ca0_scam15011_aegis_0645a__________01p__2.0.zip,scam_0645_0724214436_953_ca0_scam15011_aegis_0645a__________01p02.fits,scam_0645_0724214436_953_ca0_scam15011_aegis_0645a__________01p02.wav,OK,29,6000,174000,1.74,
Delta,urn_nasa_pds_mars2020_supercam_data_calibrated_audio_scam_0656_0725175157_396_ca0_scam01656_ban_island___________01p__2.0.zip,scam_0656_0725175157_396_ca0_scam01656_ban_island___________01p02.fits,scam_0656_0725175157_396_ca0_scam01656_ban_island___________01p02.wav,OK,29,6000,174000,1.74,
Delta,urn_nasa_pds_mars2020_supercam_data_calibrated_audio_scam_0657_0725264911_733_ca0_scam01657_dolgoi_island________01p__2.0.zip,scam_0657_0725264911_733_ca0_scam01657_dolgoi_island________01p02.fits,scam_0657_0725264911_733_ca0_scam01657_dolgoi_island________01p02.wav,OK,29,6000,174000,1.74,
Delta,urn_nasa_pds_mars2020_supercam_data_calibrated_audio_scam_0669_0726333000_865_ca0_scam02669_lake_clark___________01p__2.0.zip,scam_0669_0726333000_865_ca0_scam02669_lake_clark___________01p02.fits,scam_0669_0726333000_865_ca0_scam02669_lake_clark___________01p02.wav,OK,29,6000,174000,1.74,
Delta,urn_nasa_pds_mars2020_supercam_data_calibrated_audio_scam_0673_0726685505_155_ca0_scam01673_kubugakli____________01p__2.0.zip,scam_0673_0726685505_155_ca0_scam01673_kubugakli____________01p02.fits,scam_0673_0726685505_155_ca0_scam01673_kubugakli____________01p02.wav,OK,29,6000,174000,1.74,
Delta,urn_nasa_pds_mars2020_supercam_data_calibrated_audio_scam_0673_0726688194_151_ca0_scam02673_nondalton____________01p__2.0.zip,scam_0673_0726688194_151_ca0_scam02673_nondalton____________01p02.fits,scam_0673_0726688194_151_ca0_scam02673_nondalton____________01p02.wav,OK,29,6000,174000,1.74,
Delta,urn_nasa_pds_mars2020_supercam_data_calibrated_audio_scam_0676_0726946541_858_ca0_scam01676_unga_island__________01p__2.0.zip,scam_0676_0726946541_858_ca0_scam01676_unga_island__________01p02.fits,scam_0676_0726946541_858_ca0_scam01676_unga_island__________01p02.wav,OK,29,6000,174000,1.74,
Delta,urn_nasa_pds_mars2020_supercam_data_calibrated_audio_scam_0680_0727303084_576_ca0_scam01680_chignik______________01p__2.0.zip,scam_0680_0727303084_576_ca0_scam01680_chignik______________01p02.fits,scam_0680_0727303084_576_ca0_scam01680_chignik______________01p02.wav,OK,29,6000,174000,1.74,
Delta,urn_nasa_pds_mars2020_supercam_data_calibrated_audio_scam_0681_0727393932_667_ca0_scam01681_chignik______________01p__2.0.zip,scam_0681_0727393932_667_ca0_scam01681_chignik______________01p02.fits,scam_0681_0727393932_667_ca0_scam01681_chignik______________01p02.wav,OK,29,6000,174000,1.74,
Delta,urn_nasa_pds_mars2020_supercam_data_calibrated_audio_scam_0682_0727480556_607_ca0_scam01682_ikatan_bay___________01p__2.0.zip,scam_0682_0727480556_607_ca0_scam01682_ikatan_bay___________01p02.fits,scam_0682_0727480556_607_ca0_scam01682_ikatan_bay___________01p02.wav,OK,29,6000,174000,1.74,
Delta,urn_nasa_pds_mars2020_supercam_data_calibrated_audio_scam_0691_0728279185_537_ca0_scam01691_manokotak____________01p__2.0.zip,scam_0691_0728279185_537_ca0_scam01691_manokotak____________01p02.fits,scam_0691_0728279185_537_ca0_scam01691_manokotak____________01p02.wav,OK,29,6000,174000,1.74,
Delta,urn_nasa_pds_mars2020_supercam_data_calibrated_audio_scam_0691_0728281900_976_ca0_scam02691_ouzinkie_____________01p__2.0.zip,scam_0691_0728281900_976_ca0_scam02691_ouzinkie_____________01p02.fits,scam_0691_0728281900_976_ca0_scam02691_ouzinkie_____________01p02.wav,OK,29,6000,174000,1.74,
Delta,urn_nasa_pds_mars2020_supercam_data_calibrated_audio_scam_0695_0728634272_026_ca0_scam01695_ugak_island__________01p__2.0.zip,scam_0695_0728634272_026_ca0_scam01695_ugak_island__________01p02.fits,scam_0695_0728634272_026_ca0_scam01695_ugak_island__________01p02.wav,OK,29,6000,174000,1.74,
Delta,urn_nasa_pds_mars2020_supercam_data_calibrated_audio_scam_0697_0728812707_807_ca0_scam01697_abbott_ridge_________01p__2.0.zip,scam_0697_0728812707_807_ca0_scam01697_abbott_ridge_________01p02.fits,scam_0697_0728812707_807_ca0_scam01697_abbott_ridge_________01p02.wav,OK,124,6000,744000,7.44,
Delta,urn_nasa_pds_mars2020_supercam_data_calibrated_audio_scam_0701_0729173186_338_ca0_scam06701_aegis_0701a__________01p__2.0.zip,scam_0701_0729173186_338_ca0_scam06701_aegis_0701a__________01p02.fits,scam_0701_0729173186_338_ca0_scam06701_aegis_0701a__________01p02.wav,OK,29,6000,174000,1.74,
Delta,urn_nasa_pds_mars2020_supercam_data_calibrated_audio_scam_0702_0729255014_836_ca0_scam01702_neighbor_mountain____01p__2.0.zip,scam_0702_0729255014_836_ca0_scam01702_neighbor_mountain____01p02.fits,scam_0702_0729255014_836_ca0_scam01702_neighbor_mountain____01p02.wav,OK,29,6000,174000,1.74,
Delta,urn_nasa_pds_mars2020_supercam_data_calibrated_audio_scam_0702_0729258381_398_ca0_scam03702_dean_mountain________01p__2.0.zip,scam_0702_0729258381_398_ca0_scam03702_dean_mountain________01p02.fits,scam_0702_0729258381_398_ca0_scam03702_dean_mountain________01p02.wav,OK,29,6000,174000,1.74,
Delta,urn_nasa_pds_mars2020_supercam_data_calibrated_audio_scam_0703_0729348823_160_ca0_scam02703_aegis_0703a__________01p__2.0.zip,scam_0703_0729348823_160_ca0_scam02703_aegis_0703a__________01p02.fits,scam_0703_0729348823_160_ca0_scam02703_aegis_0703a__________01p02.wav,OK,29,6000,174000,1.74,
Delta,urn_nasa_pds_mars2020_supercam_data_calibrated_audio_scam_0704_0729440506_822_ca0_scam01704_trayfoot_mountain____01p__2.0.zip,scam_0704_0729440506_822_ca0_scam01704_trayfoot_mountain____01p02.fits,scam_0704_0729440506_822_ca0_scam01704_trayfoot_mountain____01p02.wav,OK,29,6000,174000,1.74,
Delta,urn_nasa_pds_mars2020_supercam_data_radcal_rmi_scam_0613_0721361671_354_ci__scam03613_gorge_creek__________01p__1.0.zip,,,ZIP ERROR,,,,,No file ending in 01p02.fits found
Delta,urn_nasa_pds_mars2020_supercam_data_radcal_rmi_scam_0669_0726331336_302_ci__scam01669_frazer_lake_scam_____01p__1.0.zip,,,ZIP ERROR,,,,,No file ending in 01p02.fits found
Upper Fan,urn_nasa_pds_mars2020_supercam_data_calibrated_audio_scam_0706_0729612102_778_ca0_scam02706_the_peak_____________01p__2.0.zip,scam_0706_0729612102_778_ca0_scam02706_the_peak_____________01p02.fits,scam_0706_0729612102_778_ca0_scam02706_the_peak_____________01p02.wav,OK,29,6000,174000,1.74,
Upper Fan,urn_nasa_pds_mars2020_supercam_data_calibrated_audio_scam_0707_0729698581_651_ca0_scam01707_nicholson_hollow_707_01p__2.0.zip,scam_0707_0729698581_651_ca0_scam01707_nicholson_hollow_707_01p02.fits,scam_0707_0729698581_651_ca0_scam01707_nicholson_hollow_707_01p02.wav,OK,29,6000,174000,1.74,
Upper Fan,urn_nasa_pds_mars2020_supercam_data_calibrated_audio_scam_0709_0729895267_171_ca0_scam02709_aegis_0709a__________01p__2.0.zip,scam_0709_0729895267_171_ca0_scam02709_aegis_0709a__________01p02.fits,scam_0709_0729895267_171_ca0_scam02709_aegis_0709a__________01p02.wav,OK,29,6000,174000,1.74,
Upper Fan,urn_nasa_pds_mars2020_supercam_data_calibrated_audio_scam_0711_0730057751_650_ca0_scam01711_lydia_scam___________01p__2.0.zip,scam_0711_0730057751_650_ca0_scam01711_lydia_scam___________01p02.fits,scam_0711_0730057751_650_ca0_scam01711_lydia_scam___________01p02.wav,OK,29,6000,174000,1.74,
Upper Fan,urn_nasa_pds_mars2020_supercam_data_calibrated_audio_scam_0715_0730426950_232_ca0_scam02715_aegis_0715a__________01p__2.0.zip,scam_0715_0730426950_232_ca0_scam02715_aegis_0715a__________01p02.fits,scam_0715_0730426950_232_ca0_scam02715_aegis_0715a__________01p02.wav,OK,29,6000,174000,1.74,
Upper Fan,urn_nasa_pds_mars2020_supercam_data_calibrated_audio_scam_0717_0730586200_716_ca0_scam01717_morningstar__________01p__2.0.zip,scam_0717_0730586200_716_ca0_scam01717_morningstar__________01p02.fits,scam_0717_0730586200_716_ca0_scam01717_morningstar__________01p02.wav,OK,29,6000,174000,1.74,
Upper Fan,urn_nasa_pds_mars2020_supercam_data_calibrated_audio_scam_0724_0731210509_241_ca0_scam02724_amroth_______________01p__2.0.zip,scam_0724_0731210509_241_ca0_scam02724_amroth_______________01p02.fits,scam_0724_0731210509_241_ca0_scam02724_amroth_______________01p02.wav,OK,29,6000,174000,1.74,
Upper Fan,urn_nasa_pds_mars2020_supercam_data_calibrated_audio_scam_0724_0731213478_499_ca0_scam03724_blaenffos____________01p__2.0.zip,scam_0724_0731213478_499_ca0_scam03724_blaenffos____________01p02.fits,scam_0724_0731213478_499_ca0_scam03724_blaenffos____________01p02.wav,OK,29,6000,174000,1.74,
Upper Fan,urn_nasa_pds_mars2020_supercam_data_calibrated_audio_scam_0728_0731562419_624_ca0_scam01728_stack_rocks_scam_____01p__2.0.zip,scam_0728_0731562419_624_ca0_scam01728_stack_rocks_scam_____01p02.fits,scam_0728_0731562419_624_ca0_scam01728_stack_rocks_scam_____01p02.wav,OK,29,6000,174000,1.74,
Upper Fan,urn_nasa_pds_mars2020_supercam_data_calibrated_audio_scam_0728_0731565252_873_ca0_scam02728_ramsey_island_scam___01p__2.0.zip,scam_0728_0731565252_873_ca0_scam02728_ramsey_island_scam___01p02.fits,scam_0728_0731565252_873_ca0_scam02728_ramsey_island_scam___01p02.wav,OK,29,6000,174000,1.74,
Upper Fan,urn_nasa_pds_mars2020_supercam_data_calibrated_audio_scam_0729_0731658812_779_ca0_scam02729_green_scar___________01p__2.0.zip,scam_0729_0731658812_779_ca0_scam02729_green_scar___________01p02.fits,scam_0729_0731658812_779_ca0_scam02729_green_scar___________01p02.wav,OK,29,6000,174000,1.74,
Upper Fan,urn_nasa_pds_mars2020_supercam_data_calibrated_audio_scam_0730_0731753911_545_ca0_scam03730_aegis_0730a__________01p__2.0.zip,scam_0730_0731753911_545_ca0_scam03730_aegis_0730a__________01p02.fits,scam_0730_0731753911_545_ca0_scam03730_aegis_0730a__________01p02.wav,OK,29,6000,174000,1.74,
Upper Fan,urn_nasa_pds_mars2020_supercam_data_calibrated_audio_scam_0733_0732013189_086_ca0_scam02733_aegis_0733a__________01p__2.0.zip,scam_0733_0732013189_086_ca0_scam02733_aegis_0733a__________01p02.fits,scam_0733_0732013189_086_ca0_scam02733_aegis_0733a__________01p02.wav,OK,29,6000,174000,1.74,
Upper Fan,urn_nasa_pds_mars2020_supercam_data_calibrated_audio_scam_0737_0732363077_202_ca0_scam01737_aegis_0736a__________01p__2.0.zip,scam_0737_0732363077_202_ca0_scam01737_aegis_0736a__________01p02.fits,scam_0737_0732363077_202_ca0_scam01737_aegis_0736a__________01p02.wav,OK,29,6000,174000,1.74,
Upper Fan,urn_nasa_pds_mars2020_supercam_data_calibrated_audio_scam_0738_0732450285_961_ca0_scam01738_penclegyr____________01p__2.0.zip,scam_0738_0732450285_961_ca0_scam01738_penclegyr____________01p02.fits,scam_0738_0732450285_961_ca0_scam01738_penclegyr____________01p02.wav,OK,29,6000,174000,1.74,
Upper Fan,urn_nasa_pds_mars2020_supercam_data_calibrated_audio_scam_0738_0732454628_624_ca0_scam04738_new_inn______________01p__2.0.zip,scam_0738_0732454628_624_ca0_scam04738_new_inn______________01p02.fits,scam_0738_0732454628_624_ca0_scam04738_new_inn______________01p02.wav,OK,29,6000,174000,1.74,
Upper Fan,urn_nasa_pds_mars2020_supercam_data_calibrated_audio_scam_0739_0732537655_271_ca0_scam01739_castlebythe__________01p__2.0.zip,scam_0739_0732537655_271_ca0_scam01739_castlebythe__________01p02.fits,scam_0739_0732537655_271_ca0_scam01739_castlebythe__________01p02.wav,OK,29,6000,174000,1.74,
Upper Fan,urn_nasa_pds_mars2020_supercam_data_calibrated_audio_scam_0739_0732542034_806_ca0_scam04739_glyn_gath____________01p__2.0.zip,scam_0739_0732542034_806_ca0_scam04739_glyn_gath____________01p02.fits,scam_0739_0732542034_806_ca0_scam04739_glyn_gath____________01p02.wav,OK,29,6000,174000,1.74,
Upper Fan,urn_nasa_pds_mars2020_supercam_data_calibrated_audio_scam_0741_0732716997_368_ca0_scam01741_porthgain____________01p__2.0.zip,scam_0741_0732716997_368_ca0_scam01741_porthgain____________01p02.fits,scam_0741_0732716997_368_ca0_scam01741_porthgain____________01p02.wav,OK,29,6000,174000,1.74,
Upper Fan,urn_nasa_pds_mars2020_supercam_data_calibrated_audio_scam_0741_0732719833_645_ca0_scam02741_cardigan_bay_________01p__2.0.zip,scam_0741_0732719833_645_ca0_scam02741_cardigan_bay_________01p02.fits,scam_0741_0732719833_645_ca0_scam02741_cardigan_bay_________01p02.wav,OK,29,6000,174000,1.74,
Upper Fan,urn_nasa_pds_mars2020_supercam_data_calibrated_audio_scam_0742_0732806716_115_ca0_scam02742_dinas_mawr___________01p__2.0.zip,scam_0742_0732806716_115_ca0_scam02742_dinas_mawr___________01p02.fits,scam_0742_0732806716_115_ca0_scam02742_dinas_mawr___________01p02.wav,OK,29,6000,174000,1.74,
Upper Fan,urn_nasa_pds_mars2020_supercam_data_calibrated_audio_scam_0745_0733062907_374_ca0_scam01745_melyn_scam___________01p__2.0.zip,scam_0745_0733062907_374_ca0_scam01745_melyn_scam___________01p02.fits,scam_0745_0733062907_374_ca0_scam01745_melyn_scam___________01p02.wav,OK,124,6000,744000,7.44,
Upper Fan,urn_nasa_pds_mars2020_supercam_data_calibrated_audio_scam_0745_0733070243_653_ca0_scam04745_crymych______________01p__2.0.zip,scam_0745_0733070243_653_ca0_scam04745_crymych______________01p02.fits,scam_0745_0733070243_653_ca0_scam04745_crymych______________01p02.wav,OK,29,6000,174000,1.74,
Upper Fan,urn_nasa_pds_mars2020_supercam_data_calibrated_audio_scam_0754_0733873409_990_ca0_scam02754_whitchurch___________01p__2.0.zip,scam_0754_0733873409_990_ca0_scam02754_whitchurch___________01p02.fits,scam_0754_0733873409_990_ca0_scam02754_whitchurch___________01p02.wav,OK,29,6000,174000,1.74,
Upper Fan,urn_nasa_pds_mars2020_supercam_data_calibrated_audio_scam_0755_0733974135_460_ca0_scam02755_aegis_0755a__________01p__2.0.zip,scam_0755_0733974135_460_ca0_scam02755_aegis_0755a__________01p02.fits,scam_0755_0733974135_460_ca0_scam02755_aegis_0755a__________01p02.wav,OK,29,6000,174000,1.74,
Upper Fan,urn_nasa_pds_mars2020_supercam_data_calibrated_audio_scam_0755_0733977311_695_ca0_scam03755_aegis_0755b__________01p__2.0.zip,scam_0755_0733977311_695_ca0_scam03755_aegis_0755b__________01p02.fits,scam_0755_0733977311_695_ca0_scam03755_aegis_0755b__________01p02.wav,OK,29,6000,174000,1.74,
Upper Fan,urn_nasa_pds_mars2020_supercam_data_calibrated_audio_scam_0756_0734052120_788_ca0_scam02756_waun_mawn____________01p__2.0.zip,scam_0756_0734052120_788_ca0_scam02756_waun_mawn____________01p02.fits,scam_0756_0734052120_788_ca0_scam02756_waun_mawn____________01p02.wav,OK,29,6000,174000,1.74,
Upper Fan,urn_nasa_pds_mars2020_supercam_data_calibrated_audio_scam_0756_0734054744_888_ca0_scam03756_banc_du______________01p__2.0.zip,scam_0756_0734054744_888_ca0_scam03756_banc_du______________01p02.fits,scam_0756_0734054744_888_ca0_scam03756_banc_du______________01p02.wav,OK,29,6000,174000,1.74,
Upper Fan,urn_nasa_pds_mars2020_supercam_data_calibrated_audio_scam_0756_0734064553_357_ca0_scam06756_carn_goedog__________01p__2.0.zip,scam_0756_0734064553_357_ca0_scam06756_carn_goedog__________01p02.fits,scam_0756_0734064553_357_ca0_scam06756_carn_goedog__________01p02.wav,OK,29,6000,174000,1.74,
Upper Fan,urn_nasa_pds_mars2020_supercam_data_calibrated_audio_scam_0756_0734065357_462_ca0_scam07756_frenni_fawr__________01p__2.0.zip,scam_0756_0734065357_462_ca0_scam07756_frenni_fawr__________01p02.fits,scam_0756_0734065357_462_ca0_scam07756_frenni_fawr__________01p02.wav,OK,29,6000,174000,1.74,
Upper Fan,urn_nasa_pds_mars2020_supercam_data_calibrated_audio_scam_0757_0734137704_661_ca0_scam01757_frenni_fach__________01p__2.0.zip,scam_0757_0734137704_661_ca0_scam01757_frenni_fach__________01p02.fits,scam_0757_0734137704_661_ca0_scam01757_frenni_fach__________01p02.wav,OK,29,6000,174000,1.74,
Upper Fan,urn_nasa_pds_mars2020_supercam_data_calibrated_audio_scam_0757_0734139259_744_ca0_scam02757_church_doors_cove____01p__2.0.zip,scam_0757_0734139259_744_ca0_scam02757_church_doors_cove____01p02.fits,scam_0757_0734139259_744_ca0_scam02757_church_doors_cove____01p02.wav,OK,29,6000,174000,1.74,
Upper Fan,urn_nasa_pds_mars2020_supercam_data_calibrated_audio_scam_0757_0734140812_773_ca0_scam03757_puncheston___________01p__2.0.zip,scam_0757_0734140812_773_ca0_scam03757_puncheston___________01p02.fits,scam_0757_0734140812_773_ca0_scam03757_puncheston___________01p02.wav,OK,29,6000,174000,1.74,
Upper Fan,urn_nasa_pds_mars2020_supercam_data_calibrated_audio_scam_0757_0734142505_843_ca0_scam04757_tidal_mill___________01p__2.0.zip,scam_0757_0734142505_843_ca0_scam04757_tidal_mill___________01p02.fits,scam_0757_0734142505_843_ca0_scam04757_tidal_mill___________01p02.wav,OK,29,6000,174000,1.74,
Upper Fan,urn_nasa_pds_mars2020_supercam_data_calibrated_audio_scam_0758_0734227300_921_ca0_scam01758_gors_fawr____________01p__2.0.zip,scam_0758_0734227300_921_ca0_scam01758_gors_fawr____________01p02.fits,scam_0758_0734227300_921_ca0_scam01758_gors_fawr____________01p02.wav,OK,29,6000,174000,1.74,
Upper Fan,urn_nasa_pds_mars2020_supercam_data_calibrated_audio_scam_0758_0734230564_474_ca0_scam02758_tre_fach_____________01p__2.0.zip,scam_0758_0734230564_474_ca0_scam02758_tre_fach_____________01p02.fits,scam_0758_0734230564_474_ca0_scam02758_tre_fach_____________01p02.wav,OK,29,6000,174000,1.74,
Upper Fan,urn_nasa_pds_mars2020_supercam_data_calibrated_audio_scam_0760_0734408380_788_ca0_scam05760_aegis_0760a__________01p__2.0.zip,scam_0760_0734408380_788_ca0_scam05760_aegis_0760a__________01p02.fits,scam_0760_0734408380_788_ca0_scam05760_aegis_0760a__________01p02.wav,OK,29,6000,174000,1.74,
Upper Fan,urn_nasa_pds_mars2020_supercam_data_calibrated_audio_scam_0761_0734493614_577_ca0_scam01761_st_davids____________01p__2.0.zip,scam_0761_0734493614_577_ca0_scam01761_st_davids____________01p02.fits,scam_0761_0734493614_577_ca0_scam01761_st_davids____________01p02.wav,OK,29,6000,174000,1.74,
Upper Fan,urn_nasa_pds_mars2020_supercam_data_calibrated_audio_scam_0761_0734496292_709_ca0_scam02761_mynydd_bach__________01p__2.0.zip,scam_0761_0734496292_709_ca0_scam02761_mynydd_bach__________01p02.fits,scam_0761_0734496292_709_ca0_scam02761_mynydd_bach__________01p02.wav,OK,29,6000,174000,1.74,
Upper Fan,urn_nasa_pds_mars2020_supercam_data_calibrated_audio_scam_0764_0734758885_679_ca0_scam01764_rabbit_island________01p__2.0.zip,scam_0764_0734758885_679_ca0_scam01764_rabbit_island________01p02.fits,scam_0764_0734758885_679_ca0_scam01764_rabbit_island________01p02.wav,OK,29,6000,174000,1.74,
Upper Fan,urn_nasa_pds_mars2020_supercam_data_calibrated_audio_scam_0765_0734847769_492_ca0_scam01765_blueberry_island_____01p__2.0.zip,scam_0765_0734847769_492_ca0_scam01765_blueberry_island_____01p02.fits,scam_0765_0734847769_492_ca0_scam01765_blueberry_island_____01p02.wav,OK,29,6000,174000,1.74,
Upper Fan,urn_nasa_pds_mars2020_supercam_data_calibrated_audio_scam_0767_0735026355_616_ca0_scam02767_aegis_0767a__________01p__2.0.zip,scam_0767_0735026355_616_ca0_scam02767_aegis_0767a__________01p02.fits,scam_0767_0735026355_616_ca0_scam02767_aegis_0767a__________01p02.wav,OK,29,6000,174000,1.74,
Upper Fan,urn_nasa_pds_mars2020_supercam_data_calibrated_audio_scam_0769_0735205292_084_ca0_scam02769_aegis_0769a__________01p__2.0.zip,scam_0769_0735205292_084_ca0_scam02769_aegis_0769a__________01p02.fits,scam_0769_0735205292_084_ca0_scam02769_aegis_0769a__________01p02.wav,OK,29,6000,174000,1.74,
Upper Fan,urn_nasa_pds_mars2020_supercam_data_calibrated_audio_scam_0770_0735292130_729_ca0_scam01770_holzwarth____________01p__2.0.zip,scam_0770_0735292130_729_ca0_scam01770_holzwarth____________01p02.fits,scam_0770_0735292130_729_ca0_scam01770_holzwarth____________01p02.wav,OK,29,6000,174000,1.74,
Upper Fan,urn_nasa_pds_mars2020_supercam_data_calibrated_audio_scam_0772_0735468716_494_ca0_scam01772_junco_lake___________01p__2.0.zip,scam_0772_0735468716_494_ca0_scam01772_junco_lake___________01p02.fits,scam_0772_0735468716_494_ca0_scam01772_junco_lake___________01p02.wav,OK,29,6000,174000,1.74,
Upper Fan,urn_nasa_pds_mars2020_supercam_data_calibrated_audio_scam_0773_0735557486_652_ca0_scam01773_eagle_lake___________01p__2.0.zip,scam_0773_0735557486_652_ca0_scam01773_eagle_lake___________01p02.fits,scam_0773_0735557486_652_ca0_scam01773_eagle_lake___________01p02.wav,OK,29,6000,174000,1.74,
Upper Fan,urn_nasa_pds_mars2020_supercam_data_calibrated_audio_scam_0773_0735560225_804_ca0_scam02773_ptarmigan_lake_______01p__2.0.zip,scam_0773_0735560225_804_ca0_scam02773_ptarmigan_lake_______01p02.fits,scam_0773_0735560225_804_ca0_scam02773_ptarmigan_lake_______01p02.wav,OK,29,6000,174000,1.74,
Upper Fan,urn_nasa_pds_mars2020_supercam_data_calibrated_audio_scam_0774_0735647472_561_ca0_scam01774_finch_lake___________01p__2.0.zip,scam_0774_0735647472_561_ca0_scam01774_finch_lake___________01p02.fits,scam_0774_0735647472_561_ca0_scam01774_finch_lake___________01p02.wav,OK,29,6000,174000,1.74,
Upper Fan,urn_nasa_pds_mars2020_supercam_data_calibrated_audio_scam_0775_0735740021_115_ca0_scam01775_skeleton_gulch_______01p__2.0.zip,scam_0775_0735740021_115_ca0_scam01775_skeleton_gulch_______01p02.fits,scam_0775_0735740021_115_ca0_scam01775_skeleton_gulch_______01p02.wav,OK,29,6000,174000,1.74,
Upper Fan,urn_nasa_pds_mars2020_supercam_data_calibrated_audio_scam_0777_0735912628_587_ca0_scam01777_rainbow_curve________01p__2.0.zip,scam_0777_0735912628_587_ca0_scam01777_rainbow_curve________01p02.fits,scam_0777_0735912628_587_ca0_scam01777_rainbow_curve________01p02.wav,OK,29,6000,174000,1.74,
Upper Fan,urn_nasa_pds_mars2020_supercam_data_calibrated_audio_scam_0782_0736362087_277_ca0_scam01782_finch_lake_782_______01p__2.0.zip,scam_0782_0736362087_277_ca0_scam01782_finch_lake_782_______01p02.fits,scam_0782_0736362087_277_ca0_scam01782_finch_lake_782_______01p02.wav,OK,29,6000,174000,1.74,
Upper Fan,urn_nasa_pds_mars2020_supercam_data_calibrated_audio_scam_0784_0736535004_617_ca0_scam02784_pipit_lake_784_______01p__2.0.zip,scam_0784_0736535004_617_ca0_scam02784_pipit_lake_784_______01p02.fits,scam_0784_0736535004_617_ca0_scam02784_pipit_lake_784_______01p02.wav,OK,29,6000,174000,1.74,
Upper Fan,urn_nasa_pds_mars2020_supercam_data_calibrated_audio_scam_0785_0736623545_743_ca0_scam04785_baker_gulch__________01p__2.0.zip,scam_0785_0736623545_743_ca0_scam04785_baker_gulch__________01p02.fits,scam_0785_0736623545_743_ca0_scam04785_baker_gulch__________01p02.wav,OK,29,6000,174000,1.74,
Upper Fan,urn_nasa_pds_mars2020_supercam_data_calibrated_audio_scam_0785_0736626207_089_ca0_scam05785_aspenglen____________01p__2.0.zip,scam_0785_0736626207_089_ca0_scam05785_aspenglen____________01p02.fits,scam_0785_0736626207_089_ca0_scam05785_aspenglen____________01p02.wav,OK,29,6000,174000,1.74,
Upper Fan,urn_nasa_pds_mars2020_supercam_data_calibrated_audio_scam_0786_0736709829_994_ca0_scam01786_box_lake_____________01p__2.0.zip,scam_0786_0736709829_994_ca0_scam01786_box_lake_____________01p02.fits,scam_0786_0736709829_994_ca0_scam01786_box_lake_____________01p02.wav,OK,29,6000,174000,1.74,
Upper Fan,urn_nasa_pds_mars2020_supercam_data_calibrated_audio_scam_0789_0736977911_697_ca0_scam01789_spirit_lake__________01p__2.0.zip,scam_0789_0736977911_697_ca0_scam01789_spirit_lake__________01p02.fits,scam_0789_0736977911_697_ca0_scam01789_spirit_lake__________01p02.wav,OK,29,6000,174000,1.74,
Upper Fan,urn_nasa_pds_mars2020_supercam_data_calibrated_audio_scam_0791_0737161909_605_ca0_scam01791_ouzel_falls_791_scam_01p__2.0.zip,scam_0791_0737161909_605_ca0_scam01791_ouzel_falls_791_scam_01p02.fits,scam_0791_0737161909_605_ca0_scam01791_ouzel_falls_791_scam_01p02.wav,OK,29,6000,174000,1.74,
Upper Fan,urn_nasa_pds_mars2020_supercam_data_calibrated_audio_scam_0792_0737243944_854_ca0_scam01792_mount_ida____________01p__2.0.zip,scam_0792_0737243944_854_ca0_scam01792_mount_ida____________01p02.fits,scam_0792_0737243944_854_ca0_scam01792_mount_ida____________01p02.wav,OK,29,6000,174000,1.74,
Upper Fan,urn_nasa_pds_mars2020_supercam_data_calibrated_audio_scam_0792_0737246780_980_ca0_scam02792_coyote_valley________01p__2.0.zip,scam_0792_0737246780_980_ca0_scam02792_coyote_valley________01p02.fits,scam_0792_0737246780_980_ca0_scam02792_coyote_valley________01p02.wav,OK,29,6000,174000,1.74,
Upper Fan,urn_nasa_pds_mars2020_supercam_data_calibrated_audio_scam_0795_0737511539_290_ca0_scam01795_chipmunk_lake________01p__2.0.zip,scam_0795_0737511539_290_ca0_scam01795_chipmunk_lake________01p02.fits,scam_0795_0737511539_290_ca0_scam01795_chipmunk_lake________01p02.wav,OK,29,6000,174000,1.74,
Upper Fan,urn_nasa_pds_mars2020_supercam_data_calibrated_audio_scam_0795_0737514363_873_ca0_scam02795_alberta_falls________01p__2.0.zip,scam_0795_0737514363_873_ca0_scam02795_alberta_falls________01p02.fits,scam_0795_0737514363_873_ca0_scam02795_alberta_falls________01p02.wav,OK,29,6000,174000,1.74,
Upper Fan,urn_nasa_pds_mars2020_supercam_data_calibrated_audio_scam_0856_0742928264_896_ca0_scam03856_mount_patterson______01p__2.0.zip,scam_0856_0742928264_896_ca0_scam03856_mount_patterson______01p02.fits,scam_0856_0742928264_896_ca0_scam03856_mount_patterson______01p02.wav,OK,29,6000,174000,1.74,
Upper Fan,urn_nasa_pds_mars2020_supercam_data_calibrated_audio_scam_0856_0742943473_087_ca0_scam07856_aegis_0856a__________01p__2.0.zip,scam_0856_0742943473_087_ca0_scam07856_aegis_0856a__________01p02.fits,scam_0856_0742943473_087_ca0_scam07856_aegis_0856a__________01p02.wav,OK,29,6000,174000,1.74,
Upper Fan,urn_nasa_pds_mars2020_supercam_data_calibrated_audio_scam_0857_0743015607_087_ca0_scam01857_cub_lake_____________01p__2.0.zip,scam_0857_0743015607_087_ca0_scam01857_cub_lake_____________01p02.fits,scam_0857_0743015607_087_ca0_scam01857_cub_lake_____________01p02.wav,OK,29,6000,174000,1.74,
Upper Fan,urn_nasa_pds_mars2020_supercam_data_calibrated_audio_scam_0857_0743017314_139_ca0_scam02857_hallett_peak_________01p__2.0.zip,scam_0857_0743017314_139_ca0_scam02857_hallett_peak_________01p02.fits,scam_0857_0743017314_139_ca0_scam02857_hallett_peak_________01p02.wav,OK,29,6000,174000,1.74,
Upper Fan,urn_nasa_pds_mars2020_supercam_data_calibrated_audio_scam_0857_0743018202_167_ca0_scam03857_granite_falls________01p__2.0.zip,scam_0857_0743018202_167_ca0_scam03857_granite_falls________01p02.fits,scam_0857_0743018202_167_ca0_scam03857_granite_falls________01p02.wav,OK,29,6000,174000,1.74,
Upper Fan,urn_nasa_pds_mars2020_supercam_data_calibrated_audio_scam_0858_0743103458_459_ca0_scam01858_corral_creek_________01p__2.0.zip,scam_0858_0743103458_459_ca0_scam01858_corral_creek_________01p02.fits,scam_0858_0743103458_459_ca0_scam01858_corral_creek_________01p02.wav,OK,29,6000,174000,1.74,
Upper Fan,urn_nasa_pds_mars2020_supercam_data_calibrated_audio_scam_0858_0743106427_730_ca0_scam02858_estes_cone___________01p__2.0.zip,scam_0858_0743106427_730_ca0_scam02858_estes_cone___________01p02.fits,scam_0858_0743106427_730_ca0_scam02858_estes_cone___________01p02.wav,OK,29,6000,174000,1.74,
Upper Fan,urn_nasa_pds_mars2020_supercam_data_calibrated_audio_scam_0859_0743192855_122_ca0_scam01859_fox_creek____________01p__2.0.zip,scam_0859_0743192855_122_ca0_scam01859_fox_creek____________01p02.fits,scam_0859_0743192855_122_ca0_scam01859_fox_creek____________01p02.wav,OK,29,6000,174000,1.74,
Upper Fan,urn_nasa_pds_mars2020_supercam_data_calibrated_audio_scam_0867_0743904868_325_ca0_scam01867_st_vrain_creek_______01p__2.0.zip,scam_0867_0743904868_325_ca0_scam01867_st_vrain_creek_______01p02.fits,scam_0867_0743904868_325_ca0_scam01867_st_vrain_creek_______01p02.wav,OK,29,6000,174000,1.74,
Upper Fan,urn_nasa_pds_mars2020_supercam_data_calibrated_audio_scam_0868_0744010741_092_ca0_scam02868_aegis_0868a__________01p__2.0.zip,scam_0868_0744010741_092_ca0_scam02868_aegis_0868a__________01p02.fits,scam_0868_0744010741_092_ca0_scam02868_aegis_0868a__________01p02.wav,OK,29,6000,174000,1.74,
Upper Fan,urn_nasa_pds_mars2020_supercam_data_calibrated_audio_scam_0870_0744168720_656_ca0_scam01870_lake_louise__________01p__2.0.zip,scam_0870_0744168720_656_ca0_scam01870_lake_louise__________01p02.fits,scam_0870_0744168720_656_ca0_scam01870_lake_louise__________01p02.wav,OK,29,6000,174000,1.74,
Upper Fan,urn_nasa_pds_mars2020_supercam_data_calibrated_audio_scam_0871_0744257479_682_ca0_scam01871_chickadee_pond_______01p__2.0.zip,scam_0871_0744257479_682_ca0_scam01871_chickadee_pond_______01p02.fits,scam_0871_0744257479_682_ca0_scam01871_chickadee_pond_______01p02.wav,OK,29,6000,174000,1.74,
Upper Fan,urn_nasa_pds_mars2020_supercam_data_calibrated_audio_scam_0872_0744346253_037_ca0_scam01872_hague_creek__________01p__2.0.zip,scam_0872_0744346253_037_ca0_scam01872_hague_creek__________01p02.fits,scam_0872_0744346253_037_ca0_scam01872_hague_creek__________01p02.wav,OK,29,6000,174000,1.74,
Upper Fan,urn_nasa_pds_mars2020_supercam_data_calibrated_audio_scam_0872_0744349038_166_ca0_scam02872_tent_rocks___________01p__2.0.zip,scam_0872_0744349038_166_ca0_scam02872_tent_rocks___________01p02.fits,scam_0872_0744349038_166_ca0_scam02872_tent_rocks___________01p02.wav,OK,29,6000,174000,1.74,
Upper Fan,urn_nasa_pds_mars2020_supercam_data_calibrated_audio_scam_0873_0744435707_931_ca0_scam02873_aegis_0873a__________01p__2.0.zip,scam_0873_0744435707_931_ca0_scam02873_aegis_0873a__________01p02.fits,scam_0873_0744435707_931_ca0_scam02873_aegis_0873a__________01p02.wav,OK,29,6000,174000,1.74,
Upper Fan,urn_nasa_pds_mars2020_supercam_data_calibrated_audio_scam_0875_0744613677_370_ca0_scam01875_ten_lake_park________01p__2.0.zip,scam_0875_0744613677_370_ca0_scam01875_ten_lake_park________01p02.fits,scam_0875_0744613677_370_ca0_scam01875_ten_lake_park________01p02.wav,OK,29,6000,174000,1.74,
Upper Fan,urn_nasa_pds_mars2020_supercam_data_calibrated_audio_scam_0878_0744879302_671_ca0_scam01878_devils_gulch_________01p__2.0.zip,scam_0878_0744879302_671_ca0_scam01878_devils_gulch_________01p02.fits,scam_0878_0744879302_671_ca0_scam01878_devils_gulch_________01p02.wav,OK,29,6000,174000,1.74,
Upper Fan,urn_nasa_pds_mars2020_supercam_data_calibrated_audio_scam_0879_0744967655_849_ca0_scam01879_lake_dunraven________01p__2.0.zip,scam_0879_0744967655_849_ca0_scam01879_lake_dunraven________01p02.fits,scam_0879_0744967655_849_ca0_scam01879_lake_dunraven________01p02.wav,OK,29,6000,174000,1.74,
Upper Fan,urn_nasa_pds_mars2020_supercam_data_calibrated_audio_scam_0885_0745501980_614_ca0_scam01885_marguerite_falls_____01p__2.0.zip,scam_0885_0745501980_614_ca0_scam01885_marguerite_falls_____01p02.fits,scam_0885_0745501980_614_ca0_scam01885_marguerite_falls_____01p02.wav,OK,29,6000,174000,1.74,
Upper Fan,urn_nasa_pds_mars2020_supercam_data_calibrated_audio_scam_0886_0745592128_664_ca0_scam02886_mount_tileston_______03p__2.0.zip,,,ZIP ERROR,,,,,No file ending in 01p02.fits found
Upper Fan,urn_nasa_pds_mars2020_supercam_data_calibrated_audio_scam_0886_0745610048_933_ca0_scam06886_aegis_0886a__________01p__2.0.zip,scam_0886_0745610048_933_ca0_scam06886_aegis_0886a__________01p02.fits,scam_0886_0745610048_933_ca0_scam06886_aegis_0886a__________01p02.wav,OK,29,6000,174000,1.74,
Upper Fan,urn_nasa_pds_mars2020_supercam_data_calibrated_audio_scam_0887_0745677802_921_ca0_scam01887_fairchild_mountain___01p__2.0.zip,scam_0887_0745677802_921_ca0_scam01887_fairchild_mountain___01p02.fits,scam_0887_0745677802_921_ca0_scam01887_fairchild_mountain___01p02.wav,OK,29,6000,174000,1.74,
Upper Fan,urn_nasa_pds_mars2020_supercam_data_calibrated_audio_scam_0889_0745859414_195_ca0_scam02889_blue_river___________01p__2.0.zip,scam_0889_0745859414_195_ca0_scam02889_blue_river___________01p02.fits,scam_0889_0745859414_195_ca0_scam02889_blue_river___________01p02.wav,OK,29,6000,174000,1.74,
Upper Fan,urn_nasa_pds_mars2020_supercam_data_calibrated_audio_scam_0890_0745944396_840_ca0_scam01890_thunderbolt_peak_890_01p__2.0.zip,scam_0890_0745944396_840_ca0_scam01890_thunderbolt_peak_890_01p02.fits,scam_0890_0745944396_840_ca0_scam01890_thunderbolt_peak_890_01p02.wav,OK,29,6000,174000,1.74,
Upper Fan,urn_nasa_pds_mars2020_supercam_data_calibrated_audio_scam_0895_0746387573_576_ca0_scam01895_elk_mountain_________01p__2.0.zip,scam_0895_0746387573_576_ca0_scam01895_elk_mountain_________01p02.fits,scam_0895_0746387573_576_ca0_scam01895_elk_mountain_________01p02.wav,OK,29,6000,174000,1.74,
Upper Fan,urn_nasa_pds_mars2020_supercam_data_calibrated_audio_scam_0895_0746390265_681_ca0_scam02895_willow_creek_________01p__2.0.zip,scam_0895_0746390265_681_ca0_scam02895_willow_creek_________01p02.fits,scam_0895_0746390265_681_ca0_scam02895_willow_creek_________01p02.wav,OK,29,6000,174000,1.74,
Upper Fan,urn_nasa_pds_mars2020_supercam_data_calibrated_audio_scam_0896_0746474974_670_ca0_scam01896_thunderbolt_peak_896_01p__2.0.zip,scam_0896_0746474974_670_ca0_scam01896_thunderbolt_peak_896_01p02.fits,scam_0896_0746474974_670_ca0_scam01896_thunderbolt_peak_896_01p02.wav,OK,29,6000,174000,1.74,
Upper Fan,urn_nasa_pds_mars2020_supercam_data_calibrated_audio_scam_0897_0746565537_411_ca0_scam01897_gaskil_______________01p__2.0.zip,scam_0897_0746565537_411_ca0_scam01897_gaskil_______________01p02.fits,scam_0897_0746565537_411_ca0_scam01897_gaskil_______________01p02.wav,OK,29,6000,174000,1.74,
Upper Fan,urn_nasa_pds_mars2020_supercam_data_calibrated_audio_scam_0897_0746586271_740_ca0_scam05897_aegis_0897a__________01p__2.0.zip,scam_0897_0746586271_740_ca0_scam05897_aegis_0897a__________01p02.fits,scam_0897_0746586271_740_ca0_scam05897_aegis_0897a__________01p02.wav,OK,29,6000,174000,1.74,
Upper Fan,urn_nasa_pds_mars2020_supercam_data_calibrated_audio_scam_0898_0746652572_490_ca0_scam01898_aegis_0897b__________01p__2.0.zip,scam_0898_0746652572_490_ca0_scam01898_aegis_0897b__________01p02.fits,scam_0898_0746652572_490_ca0_scam01898_aegis_0897b__________01p02.wav,OK,29,6000,174000,1.74,
Upper Fan,urn_nasa_pds_mars2020_supercam_data_calibrated_audio_scam_0899_0746743043_561_ca0_scam01899_lake_granby__________01p__2.0.zip,scam_0899_0746743043_561_ca0_scam01899_lake_granby__________01p02.fits,scam_0899_0746743043_561_ca0_scam01899_lake_granby__________01p02.wav,OK,29,6000,174000,1.74,
Upper Fan,urn_nasa_pds_mars2020_supercam_data_calibrated_audio_scam_0901_0746919132_651_ca0_scam02901_aegis_0901a__________01p__2.0.zip,scam_0901_0746919132_651_ca0_scam02901_aegis_0901a__________01p02.fits,scam_0901_0746919132_651_ca0_scam02901_aegis_0901a__________01p02.wav,OK,29,6000,174000,1.74,
Upper Fan,urn_nasa_pds_mars2020_supercam_data_calibrated_audio_scam_0902_0747009719_834_ca0_scam01902_meadow_mountain______01p__2.0.zip,scam_0902_0747009719_834_ca0_scam01902_meadow_mountain______01p02.fits,scam_0902_0747009719_834_ca0_scam01902_meadow_mountain______01p02.wav,OK,29,6000,174000,1.74,
Upper Fan,urn_nasa_pds_mars2020_supercam_data_calibrated_audio_scam_0905_0747275749_463_ca0_scam01905_radial_mountain______01p__2.0.zip,scam_0905_0747275749_463_ca0_scam01905_radial_mountain______01p02.fits,scam_0905_0747275749_463_ca0_scam01905_radial_mountain______01p02.wav,OK,29,6000,174000,1.74,
Upper Fan,urn_nasa_pds_mars2020_supercam_data_calibrated_audio_scam_0906_0747363657_170_ca0_scam02906_aegis_0906a__________01p__2.0.zip,scam_0906_0747363657_170_ca0_scam02906_aegis_0906a__________01p02.fits,scam_0906_0747363657_170_ca0_scam02906_aegis_0906a__________01p02.wav,OK,29,6000,174000,1.74,
Upper Fan,urn_nasa_pds_mars2020_supercam_data_calibrated_audio_scam_0907_0747453509_526_ca0_scam01907_middle_mountain______01p__2.0.zip,scam_0907_0747453509_526_ca0_scam01907_middle_mountain______01p02.fits,scam_0907_0747453509_526_ca0_scam01907_middle_mountain______01p02.wav,OK,29,6000,174000,1.74,
Upper Fan,urn_nasa_pds_mars2020_supercam_data_calibrated_audio_scam_0907_0747456207_795_ca0_scam02907_sprague_glacier______01p__2.0.zip,scam_0907_0747456207_795_ca0_scam02907_sprague_glacier______01p02.fits,scam_0907_0747456207_795_ca0_scam02907_sprague_glacier______01p02.wav,OK,29,6000,174000,1.74,
Upper Fan,urn_nasa_pds_mars2020_supercam_data_calibrated_audio_scam_0907_0747473615_494_ca0_scam08907_aegis_0907a__________01p__2.0.zip,scam_0907_0747473615_494_ca0_scam08907_aegis_0907a__________01p02.fits,scam_0907_0747473615_494_ca0_scam08907_aegis_0907a__________01p02.wav,OK,29,6000,174000,1.74,
Upper Fan,urn_nasa_pds_mars2020_supercam_data_radcal_rmi_scam_0708_0729787783_602_ci__scam04708_fleeburg_____________01p__1.0.zip,,,ZIP ERROR,,,,,No file ending in 01p02.fits found
