Unit,File Name,Path,Status,Flagged,Sample Rate (Hz),Samples,Duration (s),Number of Shots,Observation Type,Search Start (s),Search End (s),Onset Sample,Onset (s),Onset Within Shot1 (ms),Peak Sample,Peak Time (s),Peak-Onset Lag (ms),Response Stop (s),Response Duration (ms),Slope (dB/s),Decay Rate (-Slope) (dB/s),R^2,Drop Time (s),C2 (dB),Spectral Centroid (Hz),Spectral Bandwidth (Hz),Peak Frequency (Hz),Rolloff 85% (Hz),Low Power 1-10 kHz,High Power 10-30 kHz,High/Low Ratio,High Frequency Fraction,Total FFT Power
Delta,scam_0422_0704402454_571_ca0_scam04422_kaguyak______________01p02.wav,C:\Users\cmkua\Downloads\Concatenated Multishot WAVs\Delta\scam_0422_0704402454_571_ca0_scam04422_kaguyak______________01p02.wav,NO PEAK,True,100000,174000,1.74,29,29-shot,0.06899999999999999,0.079,,,,,,,,,,,,,,,,,,,,,,
Delta,scam_0424_0704579883_996_ca0_scam06424_cape_gull____________01p02.wav,C:\Users\cmkua\Downloads\Concatenated Multishot WAVs\Delta\scam_0424_0704579883_996_ca0_scam06424_cape_gull____________01p02.wav,LONG PEAK-ONSET LAG,True,100000,174000,1.74,29,29-shot,0.06899999999999999,0.079,7255.0,0.07255,12.550000000000006,7301.0,0.07301,0.46,0.08255,9.999999999999995,-4867.96937053898,4867.96937053898,0.9630989070352266,0.0016433957141177005,15.093647199232805,5852.193848929588,2973.8126348732503,4600.0,9400.0,1.2235133884871918,0.16081247418285255,0.1314349934345128,0.11616562572193886,1.3843378640062
Delta,scam_0424_0704582132_115_ca0_scam07424_hook_glacier_________01p02.wav,C:\Users\cmkua\Downloads\Concatenated Multishot WAVs\Delta\scam_0424_0704582132_115_ca0_scam07424_hook_glacier_________01p02.wav,NO PEAK,True,100000,174000,1.74,29,29-shot,0.06899999999999999,0.079,,,,,,,,,,,,,,,,,,,,,,
Delta,scam_0425_0704655931_247_ca0_scam01425_angle_creek__________01p02.wav,C:\Users\cmkua\Downloads\Concatenated Multishot WAVs\Delta\scam_0425_0704655931_247_ca0_scam01425_angle_creek__________01p02.wav,LONG PEAK-ONSET LAG,True,100000,174000,1.74,29,29-shot,0.06899999999999999,0.079,6929.0,0.06929,9.290000000000006,6980.0,0.0698,0.51,0.07929,9.999999999999995,-7570.608491289896,7570.608491289896,0.9356591527404422,0.001056718229347631,16.15596475764962,6220.467267158828,2533.948510001615,4900.0,8400.0,14.054168053145597,0.9307236903419778,0.06622403309982221,0.06211045051425405,14.984977288618785
Delta,scam_0442_0706165848_775_ca0_scam15012_aegis_0442a__________01p02.wav,C:\Users\cmkua\Downloads\Concatenated Multishot WAVs\Delta\scam_0442_0706165848_775_ca0_scam15012_aegis_0442a__________01p02.wav,NO CLEAN ONSET BEFORE PEAK,True,100000,174000,1.74,29,29-shot,0.06899999999999999,0.079,7811.0,0.07811,18.11,7811.0,0.07811,0.0,0.08811,9.999999999999995,-5778.32904106436,5778.32904106436,0.5895670526836164,0.0013844832897446787,14.694003536296393,7176.180150266347,2606.0866875143306,8800.0,9200.0,1.0955830148868697,0.11994565274278582,0.10948111746253336,0.09867740126317026,1.2155331535626241
Delta,scam_0442_0706167034_662_ca0_scam15012_aegis_0442b__________01p02.wav,C:\Users\cmkua\Downloads\Concatenated Multishot WAVs\Delta\scam_0442_0706167034_662_ca0_scam15012_aegis_0442b__________01p02.wav,NO PEAK,True,100000,174000,1.74,29,29-shot,0.06899999999999999,0.079,,,,,,,,,,,,,,,,,,,,,,
Delta,scam_0448_0706711828_368_ca0_scam04448_buzzard_rocks_scam_4_01p02.wav,C:\Users\cmkua\Downloads\Concatenated Multishot WAVs\Delta\scam_0448_0706711828_368_ca0_scam04448_buzzard_rocks_scam_4_01p02.wav,LONG PEAK-ONSET LAG,True,100000,174000,1.74,29,29-shot,0.06899999999999999,0.079,6999.0,0.06999,9.989999999999998,7048.0,0.07048,0.49,0.07998999999999999,9.999999999999995,-11458.822480240216,11458.822480240216,0.9039181482332167,0.0006981520146415857,18.713052042977267,6709.626352421618,3581.5876003310245,4500.0,9400.0,2.7513002295085984,0.3989653323302804,0.14500974050423368,0.126642849978647,3.150318651211254
Delta,scam_0449_0706783132_983_ca0_scam15012_aegis_0449a__________01p02.wav,C:\Users\cmkua\Downloads\Concatenated Multishot WAVs\Delta\scam_0449_0706783132_983_ca0_scam15012_aegis_0449a__________01p02.wav,LONG PEAK-ONSET LAG,True,100000,174000,1.74,29,29-shot,0.06899999999999999,0.079,7450.0,0.0745,14.499999999999998,7513.0,0.07513,0.63,0.08449999999999999,9.999999999999995,-4418.415379003076,4418.415379003076,0.7792617113255991,0.0018106038735101982,14.05599915287805,6749.762111152893,2903.4675183085064,3800.0,9700.0,1.6657228667913138,0.25735199391169067,0.15449868585128357,0.13381977736629144,1.9231237637413408
Delta,scam_0450_0706879712_991_ca0_scam15012_aegis_0450b__________01p02.wav,C:\Users\cmkua\Downloads\Concatenated Multishot WAVs\Delta\scam_0450_0706879712_991_ca0_scam15012_aegis_0450b__________01p02.wav,LONG PEAK-ONSET LAG,True,100000,174000,1.74,29,29-shot,0.06899999999999999,0.079,7402.0,0.07402,14.020000000000005,7453.0,0.07453,0.51,0.08402,9.999999999999995,-6636.9775361899365,6636.9775361899365,0.786723767035139,0.0012053679489463104,16.66989824139381,6103.282095816509,2593.6422601541776,4000.0,8300.0,1.4587113904848619,0.10498362289760521,0.07197011251328451,0.06713771370803044,1.5637056595963286
Delta,scam_0451_0706979740_413_ca0_scam02451_marys_rock___________01p02.wav,C:\Users\cmkua\Downloads\Concatenated Multishot WAVs\Delta\scam_0451_0706979740_413_ca0_scam02451_marys_rock___________01p02.wav,LONG PEAK-ONSET LAG,True,100000,174000,1.74,29,29-shot,0.06899999999999999,0.079,7007.0,0.07007,10.069999999999995,7271.0,0.07271,2.64,0.08006999999999999,9.999999999999995,-4746.24963429748,4746.24963429748,0.9378080296766278,0.001685541346622432,-34.93901846881522,5741.693912588885,2484.539070653961,3900.0,8000.0,43.65966770915588,3.4450912831153246,0.07890786769302079,0.07313678293037741,47.10476924306174
Delta,scam_0452_0707066669_695_ca0_scam07452_big_river____________01p02.wav,C:\Users\cmkua\Downloads\Concatenated Multishot WAVs\Delta\scam_0452_0707066669_695_ca0_scam07452_big_river____________01p02.wav,LONG PEAK-ONSET LAG,True,100000,174000,1.74,29,29-shot,0.06899999999999999,0.079,7135.0,0.07135,11.35,7182.0,0.07182,0.47,0.08134999999999999,9.999999999999995,-10499.314526108821,10499.314526108821,0.8566406887525517,0.0007619545047542166,16.284507634280708,6011.083613449877,2990.6428208735797,5300.0,7700.0,4.4822386902027835,0.31926658867505786,0.07122926973365039,0.066491905898248,4.8015857623878135
Delta,scam_0454_0707245904_310_ca0_scam04454_steller______________01p02.wav,C:\Users\cmkua\Downloads\Concatenated Multishot WAVs\Delta\scam_0454_0707245904_310_ca0_scam04454_steller______________01p02.wav,LONG PEAK-ONSET LAG,True,100000,174000,1.74,29,29-shot,0.06899999999999999,0.079,7089.0,0.07089,10.889999999999997,7145.0,0.07145,0.5599999999999999,0.08088999999999999,9.999999999999995,-12737.38190064782,12737.38190064782,0.7836247982990425,0.0006280725554435266,19.971722424465423,6676.621912079641,2913.5780593317404,7000.0,9100.0,6.49927700015397,0.5040776679537511,0.0775590374039773,0.07197583679080083,7.0034290732716675
Delta,scam_0456_0707412461_711_ca0_scam15012_aegis_0456b__________01p02.wav,C:\Users\cmkua\Downloads\Concatenated Multishot WAVs\Delta\scam_0456_0707412461_711_ca0_scam15012_aegis_0456b__________01p02.wav,NO PEAK,True,100000,174000,1.74,29,29-shot,0.06899999999999999,0.079,,,,,,,,,,,,,,,,,,,,,,
Delta,scam_0456_0707423442_336_ca0_scam04456_three_sisters________01p02.wav,C:\Users\cmkua\Downloads\Concatenated Multishot WAVs\Delta\scam_0456_0707423442_336_ca0_scam04456_three_sisters________01p02.wav,LONG PEAK-ONSET LAG,True,100000,174000,1.74,29,29-shot,0.06899999999999999,0.079,6954.0,0.06954,9.540000000000006,7000.0,0.07,0.46,0.07954,9.999999999999995,-6036.485312388234,6036.485312388234,0.8306700819296446,0.0013252744910324207,17.783815563857537,7706.110906478015,3250.5065671176726,7500.0,9600.0,1.8728379435560718,0.299807082944148,0.16008170059545354,0.13798736653454566,2.172713998923156
Delta,scam_0457_0707500136_341_ca0_scam15012_aegis_0457a__________01p02.wav,C:\Users\cmkua\Downloads\Concatenated Multishot WAVs\Delta\scam_0457_0707500136_341_ca0_scam15012_aegis_0457a__________01p02.wav,LONG PEAK-ONSET LAG,True,100000,174000,1.74,29,29-shot,0.06899999999999999,0.079,7529.0,0.07529,15.289999999999997,7578.0,0.07578,0.49,0.08528999999999999,9.999999999999995,-10048.809791477754,10048.809791477754,0.8383077807948057,0.0007961141832722002,17.487626519659216,6559.209455183773,2369.2434408946706,6000.0,8600.0,1.2433453783761335,0.07070245930827425,0.0568646978851644,0.053804798570996466,1.31405490190584
Delta,scam_0457_0707510928_622_ca0_scam04457_chimney_rock_________01p02.wav,C:\Users\cmkua\Downloads\Concatenated Multishot WAVs\Delta\scam_0457_0707510928_622_ca0_scam04457_chimney_rock_________01p02.wav,NO PEAK,True,100000,174000,1.74,29,29-shot,0.06899999999999999,0.079,,,,,,,,,,,,,,,,,,,,,,
Delta,scam_0458_0707588160_822_ca0_scam15012_aegis_0458a__________01p02.wav,C:\Users\cmkua\Downloads\Concatenated Multishot WAVs\Delta\scam_0458_0707588160_822_ca0_scam15012_aegis_0458a__________01p02.wav,LONG PEAK-ONSET LAG,True,100000,174000,1.74,29,29-shot,0.06899999999999999,0.079,7242.0,0.07242,12.42,7301.0,0.07301,0.5900000000000001,0.08242,9.999999999999995,-13684.990881449516,13684.990881449516,0.7248923710565603,0.0005845820482675133,18.273076977406497,6203.70499916297,2571.581943938241,4000.0,8500.0,4.216871710054454,0.37500138913703635,0.08892881143215851,0.0816659482977163,4.591894136463764
Delta,scam_0458_0707589319_822_ca0_scam15012_aegis_0458b__________01p02.wav,C:\Users\cmkua\Downloads\Concatenated Multishot WAVs\Delta\scam_0458_0707589319_822_ca0_scam15012_aegis_0458b__________01p02.wav,LONG PEAK-ONSET LAG,True,100000,174000,1.74,29,29-shot,0.06899999999999999,0.079,7219.0,0.07219,12.190000000000007,7273.0,0.07273,0.54,0.08219,9.999999999999995,-9604.153825902291,9604.153825902291,0.7459476561210854,0.0008329729141180656,17.93651549318581,6249.649007126636,2572.59744511484,5000.0,9200.0,3.3075326525908184,0.3048004489352218,0.09215342097876766,0.0843763706324548,3.6123910835527493
Delta,scam_0458_0707601840_708_ca0_scam04458_limberlost___________01p02.wav,C:\Users\cmkua\Downloads\Concatenated Multishot WAVs\Delta\scam_0458_0707601840_708_ca0_scam04458_limberlost___________01p02.wav,LONG PEAK-ONSET LAG,True,100000,174000,1.74,29,29-shot,0.06899999999999999,0.079,7403.0,0.07403,14.030000000000001,7464.0,0.07464,0.61,0.08403,9.999999999999995,-17108.533757410783,17108.533757410783,0.9148225343166416,0.0004676029000167648,18.411128568108587,5916.750242996485,3161.328636060695,3700.0,9400.0,0.7377688710350029,0.10068916980495465,0.1364779319893229,0.12008761255707696,0.8384642484011218
Delta,scam_0459_0707689244_288_ca0_scam01459_elder_ridge__________01p02.wav,C:\Users\cmkua\Downloads\Concatenated Multishot WAVs\Delta\scam_0459_0707689244_288_ca0_scam01459_elder_ridge__________01p02.wav,NO CLEAN ONSET BEFORE PEAK,True,100000,174000,1.74,29,29-shot,0.06899999999999999,0.079,7793.0,0.07793,17.93,7793.0,0.07793,0.0,0.08793,9.999999999999995,-2664.622421492912,2664.622421492912,0.9116493197313407,0.0030023015401626127,-17.01698801606142,6791.5902811192755,2845.7546235211025,3900.0,9600.0,1.9784890349925923,0.22630484073020213,0.11438266107502053,0.10264186410327782,2.204800572430126
Delta,scam_0461_0707845662_028_ca0_scam15012_aegis_0461b__________01p02.wav,C:\Users\cmkua\Downloads\Concatenated Multishot WAVs\Delta\scam_0461_0707845662_028_ca0_scam15012_aegis_0461b__________01p02.wav,LONG PEAK-ONSET LAG,True,100000,174000,1.74,29,29-shot,0.06899999999999999,0.079,7363.0,0.07363,13.630000000000003,7416.0,0.07416,0.53,0.08363,9.999999999999995,-7058.6676287006885,7058.6676287006885,0.9722146466473586,0.0011333583646114507,14.926738532199824,6026.611360169481,2672.703467580706,3500.0,8600.0,6.098312398942238,0.5212724963881162,0.08547815564163813,0.07874698008430209,6.619587136294893
Delta,scam_0461_0707860215_216_ca0_scam03461_smith_mountain_______01p02.wav,C:\Users\cmkua\Downloads\Concatenated Multishot WAVs\Delta\scam_0461_0707860215_216_ca0_scam03461_smith_mountain_______01p02.wav,NO CLEAN ONSET BEFORE PEAK,True,100000,174000,1.74,29,29-shot,0.06899999999999999,0.079,7436.0,0.07436,14.359999999999998,7436.0,0.07436,0.0,0.08435999999999999,9.999999999999995,-2690.6181582511595,2690.6181582511595,0.947565678964834,0.002973294436249482,0.5108548429209979,8482.66809811687,5060.492919332384,6900.0,14300.0,0.03082119796453203,0.01336798989368667,0.433727135105848,0.30248670721860454,0.044193644132684944
Delta,scam_0462_0707944902_794_ca0_scam15012_aegis_0462a__________01p02.wav,C:\Users\cmkua\Downloads\Concatenated Multishot WAVs\Delta\scam_0462_0707944902_794_ca0_scam15012_aegis_0462a__________01p02.wav,LONG PEAK-ONSET LAG,True,100000,174000,1.74,29,29-shot,0.06899999999999999,0.079,7597.0,0.07597,15.969999999999999,7649.0,0.07649,0.5199999999999999,0.08596999999999999,9.999999999999995,-7458.377309685018,7458.377309685018,0.8793602838577108,0.001072619373869925,15.605732935880807,5299.164543263192,1817.1959444167514,5800.0,6400.0,3.1784742623315743,0.05809164094516507,0.018276580569997085,0.017948452072825197,3.236582224999701
Delta,scam_0465_0708221048_464_ca0_scam01465_calvary_rocks________01p02.wav,C:\Users\cmkua\Downloads\Concatenated Multishot WAVs\Delta\scam_0465_0708221048_464_ca0_scam01465_calvary_rocks________01p02.wav,NO CLEAN ONSET BEFORE PEAK,True,100000,174000,1.74,29,29-shot,0.06899999999999999,0.079,7089.0,0.07089,10.889999999999997,7089.0,0.07089,0.0,0.08088999999999999,9.999999999999995,-2744.46723552169,2744.46723552169,0.9723979593853723,0.0029149555500083417,-1.368694536492023,7520.838628389397,4061.0250862266616,6800.0,10800.0,0.020095319536319513,0.004859570410775707,0.24182598350788626,0.1947113509787708,0.024957817745846475
Delta,scam_0465_0708223515_853_ca0_scam02465_lighted_top__________01p02.wav,C:\Users\cmkua\Downloads\Concatenated Multishot WAVs\Delta\scam_0465_0708223515_853_ca0_scam02465_lighted_top__________01p02.wav,LONG PEAK-ONSET LAG,True,100000,174000,1.74,29,29-shot,0.06899999999999999,0.079,7024.0,0.07024,10.239999999999998,7076.0,0.07076,0.5199999999999999,0.08023999999999999,9.999999999999995,-7684.8847114935415,7684.8847114935415,0.7718127254462168,0.0010410045563904388,17.187410599378868,6262.457496833263,2881.6304363327345,3900.0,8700.0,4.9258871447196855,0.35786954600942106,0.0726507805589984,0.06772935544194593,5.283817388697404
Delta,scam_0471_0708740988_825_ca0_scam01471_pinefield_gap________01p02.wav,C:\Users\cmkua\Downloads\Concatenated Multishot WAVs\Delta\scam_0471_0708740988_825_ca0_scam01471_pinefield_gap________01p02.wav,LONG PEAK-ONSET LAG,True,100000,744000,7.44,124,124-shot,0.06899999999999999,0.079,7028.0,0.07028,10.279999999999998,7072.0,0.07072,0.44,0.08027999999999999,9.999999999999995,-6906.000673302383,6906.000673302383,0.9045567818308718,0.0011584128612855285,16.504902969277467,6711.425262933562,2871.886179968018,5300.0,9500.0,10.962612763749343,1.2039344486415238,0.10982185310992996,0.09895325100694637,12.16669928870765
Delta,scam_0472_0708829531_841_ca0_scam01472_lefthand_hollow______01p02.wav,C:\Users\cmkua\Downloads\Concatenated Multishot WAVs\Delta\scam_0472_0708829531_841_ca0_scam01472_lefthand_hollow______01p02.wav,LONG PEAK-ONSET LAG,True,100000,174000,1.74,29,29-shot,0.06899999999999999,0.079,7303.0,0.07303,13.03,7360.0,0.0736,0.57,0.08302999999999999,9.999999999999995,-14801.622872366328,14801.622872366328,0.7268589330145012,0.0005404812748563863,17.45100751713609,6282.13180719203,2341.572576992782,4200.0,8700.0,5.738114168913934,0.33674609679362194,0.05868584815163388,0.055432560941249764,6.074878935334099
Delta,scam_0473_0708931198_901_ca0_scam05473_elkwallow_gap_473_sc_01p02.wav,C:\Users\cmkua\Downloads\Concatenated Multishot WAVs\Delta\scam_0473_0708931198_901_ca0_scam05473_elkwallow_gap_473_sc_01p02.wav,LONG PEAK-ONSET LAG,True,100000,174000,1.74,29,29-shot,0.06899999999999999,0.079,7000.0,0.07,10.000000000000009,7056.0,0.07056,0.5599999999999999,0.08,9.999999999999995,-11541.41733790783,11541.41733790783,0.9541240107995842,0.0006931557681155823,17.80365983758575,6353.375489950343,2955.9665881062188,4800.0,9700.0,5.048667974579885,0.82385251243336,0.16318215350691886,0.140285979231404,5.872664659341344
Delta,scam_0473_0708938254_591_ca0_scam08473_fox_hollow___________01p02.wav,C:\Users\cmkua\Downloads\Concatenated Multishot WAVs\Delta\scam_0473_0708938254_591_ca0_scam08473_fox_hollow___________01p02.wav,LONG PEAK-ONSET LAG,True,100000,174000,1.74,29,29-shot,0.06899999999999999,0.079,6951.0,0.06951,9.510000000000005,7004.0,0.07004,0.53,0.07951,9.999999999999995,-4008.241203970902,4008.241203970902,0.9331813768385907,0.0019958878702395766,12.297632629235157,6867.635687822869,2680.8738300597224,4300.0,8800.0,8.59888332264882,0.7285516979535529,0.08472631510589308,0.07810752378800286,9.327548264504793
Delta,scam_0476_0709196462_557_ca0_scam01476_fourway_476_scam_____01p02.wav,C:\Users\cmkua\Downloads\Concatenated Multishot WAVs\Delta\scam_0476_0709196462_557_ca0_scam01476_fourway_476_scam_____01p02.wav,LONG PEAK-ONSET LAG,True,100000,174000,1.74,29,29-shot,0.06899999999999999,0.079,6942.0,0.06942,9.419999999999998,6988.0,0.06988,0.46,0.07941999999999999,9.999999999999995,-6308.406272634352,6308.406272634352,0.9838783153469918,0.0012681491416784178,17.394366994370092,6597.523113508318,2859.7715980188073,4900.0,9200.0,7.749098849570811,0.8695980818592888,0.1122192526821944,0.10089594778515526,8.618761218349267
Delta,scam_0477_0709285254_248_ca0_scam04477_oventop_mountain_____01p02.wav,C:\Users\cmkua\Downloads\Concatenated Multishot WAVs\Delta\scam_0477_0709285254_248_ca0_scam04477_oventop_mountain_____01p02.wav,NO CLEAN ONSET BEFORE PEAK,True,100000,174000,1.74,29,29-shot,0.06899999999999999,0.079,6968.0,0.06968,9.680000000000009,6968.0,0.06968,0.0,0.07968,9.999999999999995,-3704.8214415549264,3704.8214415549264,0.9444700727433809,0.002159348331951559,-3.1371532169708756,9190.570838850133,5030.655647193196,4100.0,14000.0,0.04668487874255959,0.028398567840564902,0.6083033437264936,0.3782188299111648,0.07508501849903955
Delta,scam_0482_0709729164_771_ca0_scam01482_goat_hollow__________01p02.wav,C:\Users\cmkua\Downloads\Concatenated Multishot WAVs\Delta\scam_0482_0709729164_771_ca0_scam01482_goat_hollow__________01p02.wav,NO CLEAN ONSET BEFORE PEAK,True,100000,174000,1.74,29,29-shot,0.06899999999999999,0.079,7270.0,0.0727,12.700000000000003,7270.0,0.0727,0.0,0.0827,9.999999999999995,-6250.599732196747,6250.599732196747,0.9828426277231535,0.0012798771866309273,-4.096785117048091,6442.331982794112,4237.014505649022,3800.0,10400.0,0.02387077792036633,0.0044609588904439374,0.18687949363551692,0.15744158734451993,0.028334056875851298
Delta,scam_0482_0709743942_179_ca0_scam04482_otter_lake___________01p02.wav,C:\Users\cmkua\Downloads\Concatenated Multishot WAVs\Delta\scam_0482_0709743942_179_ca0_scam04482_otter_lake___________01p02.wav,NO PEAK,True,100000,174000,1.74,29,29-shot,0.06899999999999999,0.079,,,,,,,,,,,,,,,,,,,,,,
Delta,scam_0489_0710352197_772_ca0_scam01489_shop_hollow_489______01p02.wav,C:\Users\cmkua\Downloads\Concatenated Multishot WAVs\Delta\scam_0489_0710352197_772_ca0_scam01489_shop_hollow_489______01p02.wav,NO PEAK,True,100000,174000,1.74,29,29-shot,0.06899999999999999,0.079,,,,,,,,,,,,,,,,,,,,,,
Delta,scam_0489_0710354497_865_ca0_scam02489_sawlog_ridge_489_____01p02.wav,C:\Users\cmkua\Downloads\Concatenated Multishot WAVs\Delta\scam_0489_0710354497_865_ca0_scam02489_sawlog_ridge_489_____01p02.wav,LONG PEAK-ONSET LAG,True,100000,174000,1.74,29,29-shot,0.06899999999999999,0.079,6990.0,0.0699,9.900000000000006,7062.0,0.07062,0.7200000000000001,0.0799,9.999999999999995,-23657.879412278784,23657.879412278784,0.9268739131922334,0.0003381537229346043,18.408266872089552,6434.221581522523,2875.1794216027447,4500.0,8900.0,10.862315813747156,1.2569324128321437,0.11571495750854456,0.10371167851945845,12.119487706452627
Delta,scam_0507_0711949371_709_ca0_scam07507_spitler_hill_________01p02.wav,C:\Users\cmkua\Downloads\Concatenated Multishot WAVs\Delta\scam_0507_0711949371_709_ca0_scam07507_spitler_hill_________01p02.wav,NO PEAK,True,100000,54000,0.54,9,9-shot,0.06899999999999999,0.079,,,,,,,,,,,,,,,,,,,,,,
Delta,scam_0511_0712312219_740_ca0_scam01511_bearwallow_511_scam__01p02.wav,C:\Users\cmkua\Downloads\Concatenated Multishot WAVs\Delta\scam_0511_0712312219_740_ca0_scam01511_bearwallow_511_scam__01p02.wav,LONG PEAK-ONSET LAG,True,100000,744000,7.44,124,124-shot,0.06899999999999999,0.079,6899.0,0.06899,8.989999999999998,6953.0,0.06953,0.54,0.07898999999999999,9.999999999999995,-8291.766675734247,8291.766675734247,0.8969309867510649,0.0009648124836184672,16.479218767281488,6135.244153900343,2738.3722757883775,6800.0,8700.0,12.659897288007851,1.0260944877170115,0.08105077508717108,0.0749738213287751,13.68603693304338
Delta,scam_0517_0712836568_577_ca0_scam01517_mill_prong_517_______01p02.wav,C:\Users\cmkua\Downloads\Concatenated Multishot WAVs\Delta\scam_0517_0712836568_577_ca0_scam01517_mill_prong_517_______01p02.wav,LONG PEAK-ONSET LAG,True,100000,174000,1.74,29,29-shot,0.06899999999999999,0.079,7410.0,0.0741,14.100000000000001,7513.0,0.07513,1.03,0.0841,9.999999999999995,-7987.211288609928,7987.211288609928,0.9907484617004166,0.0010016011485020197,13.62714090358049,6745.214370415884,2914.055155294727,7500.0,9200.0,0.873237107553203,0.10957569722711176,0.1254821815052514,0.11149006266472054,0.9828292729248366
Delta,scam_0523_0713369148_542_ca0_scam01523_patterson_ridge______01p02.wav,C:\Users\cmkua\Downloads\Concatenated Multishot WAVs\Delta\scam_0523_0713369148_542_ca0_scam01523_patterson_ridge______01p02.wav,LONG PEAK-ONSET LAG,True,100000,174000,1.74,29,29-shot,0.06899999999999999,0.079,7434.0,0.07434,14.340000000000005,7490.0,0.0749,0.5599999999999999,0.08434,9.999999999999995,-41426.61027610994,41426.61027610994,0.9678197652275061,0.00019311258987109238,21.292469125901277,6846.91308345046,2685.3978287203327,5000.0,9300.0,1.7695091556539049,0.17672962289142533,0.09987494120996318,0.09080520639760105,1.9462498892144393
Delta,scam_0531_0714070745_902_ca0_scam02531_hogback_mountain_531_01p02.wav,C:\Users\cmkua\Downloads\Concatenated Multishot WAVs\Delta\scam_0531_0714070745_902_ca0_scam02531_hogback_mountain_531_01p02.wav,LONG PEAK-ONSET LAG,True,100000,744000,7.44,124,124-shot,0.06899999999999999,0.079,7159.0,0.07159,11.590000000000003,7209.0,0.07209,0.5,0.08159,9.999999999999995,-5232.215422330848,5232.215422330848,0.9140055358056713,0.001528989033183989,15.76801889844933,5928.25368783238,2294.2722927234886,4600.0,7800.0,10.74886282424745,0.43234307133780653,0.040222214982827804,0.03866614489366598,11.181437211461699
Delta,scam_0532_0714157416_056_ca0_scam02532_upper_pocosin________01p02.wav,C:\Users\cmkua\Downloads\Concatenated Multishot WAVs\Delta\scam_0532_0714157416_056_ca0_scam02532_upper_pocosin________01p02.wav,NO CLEAN ONSET BEFORE PEAK,True,100000,174000,1.74,29,29-shot,0.06899999999999999,0.079,6979.0,0.06979,9.790000000000006,6979.0,0.06979,0.0,0.07979,9.999999999999995,-3200.8604210400026,3200.8604210400026,0.970095641919895,0.002499327976757166,-4.881541311566701,8449.284172467924,4685.14005326661,7600.0,13200.0,0.10914233933167024,0.04328653951926522,0.39660630131559405,0.2839613519435368,0.15243813717252752
Delta,scam_0533_0714247728_852_ca0_scam01533_corbin_mountain_533__01p02.wav,C:\Users\cmkua\Downloads\Concatenated Multishot WAVs\Delta\scam_0533_0714247728_852_ca0_scam01533_corbin_mountain_533__01p02.wav,LONG PEAK-ONSET LAG,True,100000,174000,1.74,29,29-shot,0.06899999999999999,0.079,7635.0,0.07635,16.350000000000005,7834.0,0.07834,1.99,0.08635,9.999999999999995,-7773.035050878172,7773.035050878172,0.9506019171420688,0.0010291990126940424,-1.6705475820365387,5653.15560608225,2324.743357466564,3300.0,8000.0,8.682949235398826,0.4049616113379251,0.046638716910490416,0.044560450534454975,9.087915550243398
Delta,scam_0538_0714691742_619_ca0_scam15011_aegis_0538a__________01p02.wav,C:\Users\cmkua\Downloads\Concatenated Multishot WAVs\Delta\scam_0538_0714691742_619_ca0_scam15011_aegis_0538a__________01p02.wav,LONG PEAK-ONSET LAG,True,100000,174000,1.74,29,29-shot,0.06899999999999999,0.079,7501.0,0.07501,15.009999999999996,7556.0,0.07556,0.55,0.08500999999999999,9.999999999999995,-6043.92598288065,6043.92598288065,0.8696218375146353,0.0013236429470943072,15.915020928321535,5913.457453489313,2115.299934361526,4200.0,7900.0,2.7628581367948746,0.07382298901504655,0.026719789927646023,0.02602439793242071,2.83668383824854
Delta,scam_0544_0715236424_245_ca0_scam15012_aegis_0544a__________01p02.wav,C:\Users\cmkua\Downloads\Concatenated Multishot WAVs\Delta\scam_0544_0715236424_245_ca0_scam15012_aegis_0544a__________01p02.wav,LONG PEAK-ONSET LAG,True,100000,174000,1.74,29,29-shot,0.06899999999999999,0.079,7215.0,0.07215,12.150000000000007,7269.0,0.07269,0.54,0.08215,9.999999999999995,-3655.4878484692426,3655.4878484692426,0.9493403910688327,0.0021884903825764453,13.620037231513153,6180.845191525376,2375.8153759642287,4800.0,8300.0,2.6170445793718073,0.17274815412400507,0.06600886950327432,0.061921354548761375,2.7897993411621935
Delta,scam_0556_0716301226_744_ca0_scam04556_alagogshak___________01p02.wav,C:\Users\cmkua\Downloads\Concatenated Multishot WAVs\Delta\scam_0556_0716301226_744_ca0_scam04556_alagogshak___________01p02.wav,NO CLEAN ONSET BEFORE PEAK,True,100000,174000,1.74,29,29-shot,0.06899999999999999,0.079,7037.0,0.07037,10.370000000000005,7037.0,0.07037,0.0,0.08037,9.999999999999995,-3328.9898536810356,3328.9898536810356,0.7981625592932015,0.002403131385682653,-3.8512980182752425,8372.067503768318,5073.950470074197,3800.0,14500.0,0.05085461119001255,0.019356498212960142,0.3806242494045773,0.2756818235798591,0.07021318257985544
Delta,scam_0557_0716380241_716_ca0_scam15011_aegis_0557a__________01p02.wav,C:\Users\cmkua\Downloads\Concatenated Multishot WAVs\Delta\scam_0557_0716380241_716_ca0_scam15011_aegis_0557a__________01p02.wav,LONG PEAK-ONSET LAG,True,100000,174000,1.74,29,29-shot,0.06899999999999999,0.079,7509.0,0.07509,15.090000000000007,7578.0,0.07578,0.69,0.08509,9.999999999999995,-2344.464544509458,2344.464544509458,0.9614417953369956,0.003412293019630149,11.336148012752208,5738.020894819416,2182.9871344439603,3600.0,7600.0,2.4570440618808562,0.07566091020715382,0.030793469022788192,0.02987308102360739,2.5327454555946978
Delta,scam_0558_0716481090_725_ca0_scam01558_chiniak_scam_________01p02.wav,C:\Users\cmkua\Downloads\Concatenated Multishot WAVs\Delta\scam_0558_0716481090_725_ca0_scam01558_chiniak_scam_________01p02.wav,LONG PEAK-ONSET LAG,True,100000,174000,1.74,29,29-shot,0.06899999999999999,0.079,6912.0,0.06912,9.120000000000003,6960.0,0.0696,0.48000000000000004,0.07912,9.999999999999995,-7386.426421900387,7386.426421900387,0.8822199451099751,0.0010830677167893257,16.781186315561165,6581.879383339497,2642.501166196493,7600.0,8500.0,6.49468437450046,0.48007254431286767,0.0739177636095353,0.06882968623991381,6.9747890850398395
Delta,scam_0561_0716743179_468_ca0_scam01561_walatka______________01p02.wav,C:\Users\cmkua\Downloads\Concatenated Multishot WAVs\Delta\scam_0561_0716743179_468_ca0_scam01561_walatka______________01p02.wav,LONG PEAK-ONSET LAG,True,100000,174000,1.74,29,29-shot,0.06899999999999999,0.079,6897.0,0.06897,8.970000000000006,6948.0,0.06948,0.51,0.07897,9.999999999999995,-1489.4807411288473,1489.4807411288473,0.9118903371524069,0.00537099928793773,10.192137033641831,5968.1065391024795,1811.750618225786,6800.0,7000.0,41.5915340852728,1.7274008963358571,0.04153251218852047,0.039876302929136825,43.31898319173615
Delta,scam_0563_0716919971_591_ca0_scam01563_swikshak_____________01p02.wav,C:\Users\cmkua\Downloads\Concatenated Multishot WAVs\Delta\scam_0563_0716919971_591_ca0_scam01563_swikshak_____________01p02.wav,LONG PEAK-ONSET LAG,True,100000,174000,1.74,29,29-shot,0.06899999999999999,0.079,7028.0,0.07028,10.279999999999998,7315.0,0.07315,2.87,0.08027999999999999,9.999999999999995,-4791.2641281674405,4791.2641281674405,0.8696656143890102,0.001669705486067585,-32.77186814194756,7240.1895210925295,3012.260819494257,7800.0,10100.0,54.00425930181649,11.300609821346123,0.20925404713339,0.17304386165405944,65.30488694211952
Delta,scam_0565_0717087207_245_ca0_scam01565_raspberry_island_____01p02.wav,C:\Users\cmkua\Downloads\Concatenated Multishot WAVs\Delta\scam_0565_0717087207_245_ca0_scam01565_raspberry_island_____01p02.wav,LONG PEAK-ONSET LAG,True,100000,174000,1.74,29,29-shot,0.06899999999999999,0.079,7094.0,0.07094,10.940000000000005,7311.0,0.07311,2.17,0.08094,9.999999999999995,-7870.256970858146,7870.256970858146,0.9232173141331399,0.001016485234169896,-28.289107434817794,6686.40176725049,2566.613639644831,4500.0,8900.0,99.11226641915866,8.419984010527704,0.08495400533894057,0.07830190670588877,107.53229857038043
Delta,scam_0565_0717097821_583_ca0_scam04565_chiniak_565_scam_____01p02.wav,C:\Users\cmkua\Downloads\Concatenated Multishot WAVs\Delta\scam_0565_0717097821_583_ca0_scam04565_chiniak_565_scam_____01p02.wav,LONG PEAK-ONSET LAG,True,100000,174000,1.74,29,29-shot,0.06899999999999999,0.079,6924.0,0.06924,9.239999999999998,6981.0,0.06981,0.57,0.07923999999999999,9.999999999999995,-5038.657966324345,5038.657966324345,0.7353451680068769,0.0015877243610238397,15.209937287924744,6350.6213429618065,2824.142435693945,4300.0,9600.0,15.506478157027376,2.1903160640811596,0.1412516782921808,0.12376851698117948,17.696875728213048
Delta,scam_0566_0717186509_791_ca0_scam04566_kelez________________01p02.wav,C:\Users\cmkua\Downloads\Concatenated Multishot WAVs\Delta\scam_0566_0717186509_791_ca0_scam04566_kelez________________01p02.wav,LONG PEAK-ONSET LAG,True,100000,174000,1.74,29,29-shot,0.06899999999999999,0.079,6917.0,0.06917,9.169999999999998,6970.0,0.0697,0.53,0.07916999999999999,9.999999999999995,-5523.507525051037,5523.507525051037,0.9833740830929708,0.0014483550468098764,13.035683471876457,6045.628332311461,2766.488540907584,3800.0,8900.0,8.408057463249607,0.6870344309258697,0.08171143381557476,0.07553882762643836,9.095116412495257
Delta,scam_0567_0717275341_463_ca0_scam01567_novarupta_scam_______01p02.wav,C:\Users\cmkua\Downloads\Concatenated Multishot WAVs\Delta\scam_0567_0717275341_463_ca0_scam01567_novarupta_scam_______01p02.wav,LONG PEAK-ONSET LAG,True,100000,174000,1.74,29,29-shot,0.06899999999999999,0.079,6919.0,0.06919,9.190000000000003,6972.0,0.06972,0.53,0.07919,9.999999999999995,-3109.240701817307,3109.240701817307,0.9665679688012204,0.002572975451956522,12.40577304984567,7081.81130576329,2652.090039459762,9300.0,9700.0,24.454947541721324,3.187475435451582,0.13034071858112126,0.1153108124803609,27.642467925498792
Delta,scam_0582_0718608852_983_ca0_scam01582_bruin_bay____________01p02.wav,C:\Users\cmkua\Downloads\Concatenated Multishot WAVs\Delta\scam_0582_0718608852_983_ca0_scam01582_bruin_bay____________01p02.wav,LONG PEAK-ONSET LAG,True,100000,174000,1.74,29,29-shot,0.06899999999999999,0.079,6967.0,0.06967,9.669999999999998,7018.0,0.07018,0.51,0.07966999999999999,9.999999999999995,-3603.772905653592,3603.772905653592,0.9566624805584515,0.002219895706371957,13.564650848831674,6468.247315854481,3226.0036020409125,5100.0,10700.0,13.276268382779447,3.112085129222221,0.23440962772783988,0.1898828152483121,16.389503837682778
Delta,scam_0588_0719141924_952_ca0_scam03588_iliamna______________01p02.wav,C:\Users\cmkua\Downloads\Concatenated Multishot WAVs\Delta\scam_0588_0719141924_952_ca0_scam03588_iliamna______________01p02.wav,NO CLEAN ONSET BEFORE PEAK,True,100000,174000,1.74,29,29-shot,0.06899999999999999,0.079,7475.0,0.07475,14.75,7475.0,0.07475,0.0,0.08474999999999999,9.999999999999995,-3872.6867333880377,3872.6867333880377,0.9897273057088596,0.002065749323597151,-8.341270825432563,7664.482131411797,5067.57930769251,2900.0,12800.0,0.08492747143095575,0.023932540501242428,0.2817997533424633,0.21977053565663118,0.10889785762107144
Delta,scam_0604_0720557976_589_ca0_scam01604_kejulik______________01p02.wav,C:\Users\cmkua\Downloads\Concatenated Multishot WAVs\Delta\scam_0604_0720557976_589_ca0_scam01604_kejulik______________01p02.wav,NO PEAK,True,100000,174000,1.74,29,29-shot,0.06899999999999999,0.079,,,,,,,,,,,,,,,,,,,,,,
Delta,scam_0607_0720824559_854_ca0_scam01607_gibraltar_lake_scam__01p02.wav,C:\Users\cmkua\Downloads\Concatenated Multishot WAVs\Delta\scam_0607_0720824559_854_ca0_scam01607_gibraltar_lake_scam__01p02.wav,NO PEAK,True,100000,174000,1.74,29,29-shot,0.06899999999999999,0.079,,,,,,,,,,,,,,,,,,,,,,
Delta,scam_0611_0721179351_588_ca0_scam01611_kupreanof_strait_____01p02.wav,C:\Users\cmkua\Downloads\Concatenated Multishot WAVs\Delta\scam_0611_0721179351_588_ca0_scam01611_kupreanof_strait_____01p02.wav,LONG PEAK-ONSET LAG,True,100000,174000,1.74,29,29-shot,0.06899999999999999,0.079,6874.0,0.06874,8.739999999999998,6918.0,0.06918,0.44,0.07873999999999999,9.999999999999995,-3331.70350737202,3331.70350737202,0.9448811830132819,0.002401174048740681,11.09306085012042,6363.850691634147,2400.3093460107543,5800.0,8300.0,12.060288241002468,0.6917217899005867,0.05735532817108606,0.05424402421900612,12.752036742477156
Delta,scam_0622_0722177767_333_ca0_scam01622_hammersly_lake_______01p02.wav,C:\Users\cmkua\Downloads\Concatenated Multishot WAVs\Delta\scam_0622_0722177767_333_ca0_scam01622_hammersly_lake_______01p02.wav,LONG PEAK-ONSET LAG,True,100000,744000,7.44,124,124-shot,0.06899999999999999,0.079,6978.0,0.06978,9.779999999999998,7033.0,0.07033,0.55,0.07977999999999999,9.999999999999995,-5251.182738000165,5251.182738000165,0.9740182973590334,0.001523466312095374,13.610236999895102,6330.216954551692,2268.9279415448004,6200.0,8100.0,18.40225061623708,0.9018400329692716,0.04900705091873601,0.04671745522495481,19.304134367480287
Delta,scam_0632_0723044836_558_ca0_scam01632_mount_martin_________01p02.wav,C:\Users\cmkua\Downloads\Concatenated Multishot WAVs\Delta\scam_0632_0723044836_558_ca0_scam01632_mount_martin_________01p02.wav,NO PEAK,True,100000,174000,1.74,29,29-shot,0.06899999999999999,0.079,,,,,,,,,,,,,,,,,,,,,,
Delta,scam_0642_0723934912_593_ca0_scam01642_twoheaded_island_____01p02.wav,C:\Users\cmkua\Downloads\Concatenated Multishot WAVs\Delta\scam_0642_0723934912_593_ca0_scam01642_twoheaded_island_____01p02.wav,NO PEAK,True,100000,174000,1.74,29,29-shot,0.06899999999999999,0.079,,,,,,,,,,,,,,,,,,,,,,
Delta,scam_0645_0724214436_953_ca0_scam15011_aegis_0645a__________01p02.wav,C:\Users\cmkua\Downloads\Concatenated Multishot WAVs\Delta\scam_0645_0724214436_953_ca0_scam15011_aegis_0645a__________01p02.wav,NO CLEAN ONSET BEFORE PEAK,True,100000,174000,1.74,29,29-shot,0.06899999999999999,0.079,7327.0,0.07327,13.270000000000003,7327.0,0.07327,0.0,0.08327,9.999999999999995,-6165.840389150714,6165.840389150714,0.7119000382158766,0.001297471146686936,-15.575675180596013,6799.836259787193,4384.79838578829,3700.0,10200.0,0.09977251081437252,0.020448432558105432,0.20495056595448308,0.17007536592675604,0.12023159525002386
Delta,scam_0656_0725175157_396_ca0_scam01656_ban_island___________01p02.wav,C:\Users\cmkua\Downloads\Concatenated Multishot WAVs\Delta\scam_0656_0725175157_396_ca0_scam01656_ban_island___________01p02.wav,LONG PEAK-ONSET LAG,True,100000,174000,1.74,29,29-shot,0.06899999999999999,0.079,7331.0,0.07331,13.310000000000002,7382.0,0.07382,0.51,0.08331,9.999999999999995,-22392.50039781721,22392.50039781721,0.8530360314222573,0.0003572624699285404,19.10897164845895,6023.252650834397,2890.6593539009355,3800.0,8100.0,0.5465806162447998,0.03833544062223133,0.07013684620872439,0.06553225554672279,0.5849858257190486
Delta,scam_0673_0726688194_151_ca0_scam02673_nondalton____________01p02.wav,C:\Users\cmkua\Downloads\Concatenated Multishot WAVs\Delta\scam_0673_0726688194_151_ca0_scam02673_nondalton____________01p02.wav,LONG PEAK-ONSET LAG,True,100000,174000,1.74,29,29-shot,0.06899999999999999,0.079,7292.0,0.07292,12.920000000000002,7372.0,0.07372,0.8,0.08292,9.999999999999995,-40987.130815950644,40987.130815950644,0.971840496576925,0.00019518321582262846,21.497346569576884,6456.215771269811,2825.7337899627396,4700.0,8700.0,1.251066438048336,0.1392618240921329,0.11131449126665197,0.10016431574385636,1.39033370375392
Delta,scam_0680_0727303084_576_ca0_scam01680_chignik______________01p02.wav,C:\Users\cmkua\Downloads\Concatenated Multishot WAVs\Delta\scam_0680_0727303084_576_ca0_scam01680_chignik______________01p02.wav,LONG PEAK-ONSET LAG,True,100000,174000,1.74,29,29-shot,0.06899999999999999,0.079,7418.0,0.07418,14.179999999999998,7608.0,0.07608,1.9,0.08417999999999999,9.999999999999995,-7146.05408245552,7146.05408245552,0.9740587659257531,0.001119498944129324,4.002873568853847,7451.409659606078,2469.617493380725,7600.0,9500.0,2.4774579395234175,0.30279890350788247,0.12222161219258929,0.10891026642592425,2.780260423968684
Delta,scam_0682_0727480556_607_ca0_scam01682_ikatan_bay___________01p02.wav,C:\Users\cmkua\Downloads\Concatenated Multishot WAVs\Delta\scam_0682_0727480556_607_ca0_scam01682_ikatan_bay___________01p02.wav,LONG PEAK-ONSET LAG,True,100000,174000,1.74,29,29-shot,0.06899999999999999,0.079,6884.0,0.06884,8.84,6941.0,0.06941,0.57,0.07884,9.999999999999995,-6457.268847692751,6457.268847692751,0.9612021639809893,0.0012389138796440981,14.958194320153204,6845.2816462182955,2424.889412717722,6600.0,8800.0,9.94034163327762,0.8972227208502822,0.09026075299531146,0.08278757149279276,10.837649959672893
Delta,scam_0691_0728281900_976_ca0_scam02691_ouzinkie_____________01p02.wav,C:\Users\cmkua\Downloads\Concatenated Multishot WAVs\Delta\scam_0691_0728281900_976_ca0_scam02691_ouzinkie_____________01p02.wav,LONG PEAK-ONSET LAG,True,100000,174000,1.74,29,29-shot,0.06899999999999999,0.079,7182.0,0.07182,11.819999999999997,7233.0,0.07233,0.51,0.08181999999999999,9.999999999999995,-25543.87722356464,25543.87722356464,0.6660563701222757,0.0003131865977111678,20.36379033353997,6987.457420568309,4029.6716692437344,4300.0,12100.0,1.6619530685946193,0.41064285694484315,0.24708450840437446,0.19812206018459216,2.072676089488689
Delta,scam_0701_0729173186_338_ca0_scam06701_aegis_0701a__________01p02.wav,C:\Users\cmkua\Downloads\Concatenated Multishot WAVs\Delta\scam_0701_0729173186_338_ca0_scam06701_aegis_0701a__________01p02.wav,NO CLEAN ONSET BEFORE PEAK,True,100000,174000,1.74,29,29-shot,0.06899999999999999,0.079,7548.0,0.07548,15.480000000000008,7548.0,0.07548,0.0,0.08548,9.999999999999995,-42443.890388684245,42443.890388684245,0.9352369987214466,0.0001884841358023307,-25.464378039966945,7117.148730855915,1838.365996138162,7300.0,8800.0,16.691848835607562,0.4819386628480402,0.028872695145666184,0.028062446366584875,17.17379363696191
Delta,scam_0702_0729258381_398_ca0_scam03702_dean_mountain________01p02.wav,C:\Users\cmkua\Downloads\Concatenated Multishot WAVs\Delta\scam_0702_0729258381_398_ca0_scam03702_dean_mountain________01p02.wav,LONG PEAK-ONSET LAG,True,100000,174000,1.74,29,29-shot,0.06899999999999999,0.079,7192.0,0.07192,11.92,7249.0,0.07249,0.57,0.08191999999999999,9.999999999999995,-3970.7119532285515,3970.7119532285515,0.8156252695994287,0.0020147520379803097,14.910017165758997,7308.276835929939,3567.4696999551647,4100.0,10000.0,2.0902982606390053,0.37672941478985755,0.18022758851394308,0.15270277034681537,2.4670764907161638
Delta,scam_0704_0729440506_822_ca0_scam01704_trayfoot_mountain____01p02.wav,C:\Users\cmkua\Downloads\Concatenated Multishot WAVs\Delta\scam_0704_0729440506_822_ca0_scam01704_trayfoot_mountain____01p02.wav,NO PEAK,True,100000,174000,1.74,29,29-shot,0.06899999999999999,0.079,,,,,,,,,,,,,,,,,,,,,,
Upper Fan,scam_0709_0729895267_171_ca0_scam02709_aegis_0709a__________01p02.wav,C:\Users\cmkua\Downloads\Concatenated Multishot WAVs\Upper Fan\scam_0709_0729895267_171_ca0_scam02709_aegis_0709a__________01p02.wav,NO CLEAN ONSET BEFORE PEAK,True,100000,174000,1.74,29,29-shot,0.06899999999999999,0.079,7053.0,0.07053,10.529999999999998,7053.0,0.07053,0.0,0.08052999999999999,9.999999999999995,-3167.8300467646586,3167.8300467646586,0.9299682098895051,0.0025253880043755797,-2.4227011315796156,9961.529858375756,5717.101720092748,9600.0,17300.0,0.016563089758536743,0.010403446232607057,0.628110236934811,0.385725640165155,0.026971103679165963
Upper Fan,scam_0724_0731210509_241_ca0_scam02724_amroth_______________01p02.wav,C:\Users\cmkua\Downloads\Concatenated Multishot WAVs\Upper Fan\scam_0724_0731210509_241_ca0_scam02724_amroth_______________01p02.wav,LONG PEAK-ONSET LAG,True,100000,174000,1.74,29,29-shot,0.06899999999999999,0.079,7147.0,0.07147,11.470000000000008,7195.0,0.07195,0.48000000000000004,0.08147,9.999999999999995,-7992.725051919206,7992.725051919206,0.9521196752243991,0.0010009101962138742,16.245664673620976,6575.769062796995,2917.1091636429264,5600.0,8000.0,3.398422331816302,0.3585954517148116,0.10551821307128671,0.0954445726293107,3.7571067881201676
Upper Fan,scam_0724_0731213478_499_ca0_scam03724_blaenffos____________01p02.wav,C:\Users\cmkua\Downloads\Concatenated Multishot WAVs\Upper Fan\scam_0724_0731213478_499_ca0_scam03724_blaenffos____________01p02.wav,LONG PEAK-ONSET LAG,True,100000,174000,1.74,29,29-shot,0.06899999999999999,0.079,6833.0,0.06833,8.330000000000004,6996.0,0.06996,1.63,0.07833,9.999999999999995,-8426.4110035929,8426.4110035929,0.9513709739428763,0.0009493958930544587,7.439926508974645,6179.732922147092,3379.4668295670426,3700.0,10200.0,61.58482234082267,12.521468427806727,0.20332068766084,0.16896620734482146,74.1063472073636
Upper Fan,scam_0728_0731565252_873_ca0_scam02728_ramsey_island_scam___01p02.wav,C:\Users\cmkua\Downloads\Concatenated Multishot WAVs\Upper Fan\scam_0728_0731565252_873_ca0_scam02728_ramsey_island_scam___01p02.wav,NO CLEAN ONSET BEFORE PEAK,True,100000,174000,1.74,29,29-shot,0.06899999999999999,0.079,7166.0,0.07166,11.660000000000004,7166.0,0.07166,0.0,0.08166,9.999999999999995,-9532.625755783665,9532.625755783665,0.8916528756172447,0.0008392231274941444,-27.87252138050425,6858.760593146102,3119.0421264477063,8700.0,9100.0,0.5562830989467571,0.046489032258871514,0.08357081555576987,0.07711307679327033,0.6028683355937449
Upper Fan,scam_0730_0731753911_545_ca0_scam03730_aegis_0730a__________01p02.wav,C:\Users\cmkua\Downloads\Concatenated Multishot WAVs\Upper Fan\scam_0730_0731753911_545_ca0_scam03730_aegis_0730a__________01p02.wav,NO CLEAN ONSET BEFORE PEAK,True,100000,174000,1.74,29,29-shot,0.06899999999999999,0.079,7841.0,0.07841,18.409999999999997,7841.0,0.07841,0.0,0.08840999999999999,9.999999999999995,-3386.7688192919964,3386.7688192919964,0.9087241325069946,0.002362133474959888,10.825470886462691,5253.125918878618,3068.4161916052753,3600.0,8100.0,0.47388082600879256,0.028752131783618604,0.06067376058613759,0.05720244006897053,0.5026382047505558
Upper Fan,scam_0737_0732363077_202_ca0_scam01737_aegis_0736a__________01p02.wav,C:\Users\cmkua\Downloads\Concatenated Multishot WAVs\Upper Fan\scam_0737_0732363077_202_ca0_scam01737_aegis_0736a__________01p02.wav,NO PEAK,True,100000,174000,1.74,29,29-shot,0.06899999999999999,0.079,,,,,,,,,,,,,,,,,,,,,,
Upper Fan,scam_0738_0732450285_961_ca0_scam01738_penclegyr____________01p02.wav,C:\Users\cmkua\Downloads\Concatenated Multishot WAVs\Upper Fan\scam_0738_0732450285_961_ca0_scam01738_penclegyr____________01p02.wav,LONG PEAK-ONSET LAG,True,100000,174000,1.74,29,29-shot,0.06899999999999999,0.079,7054.0,0.07054,10.540000000000008,7102.0,0.07102,0.48000000000000004,0.08054,9.999999999999995,-5690.016006263358,5690.016006263358,0.8964389526363308,0.001405971440360431,14.578718324872689,6765.788387669383,2976.266428896177,5500.0,9500.0,3.187070550680556,0.39187232684590373,0.12295690371906723,0.10949060136451122,3.5790499089625043
Upper Fan,scam_0738_0732454628_624_ca0_scam04738_new_inn______________01p02.wav,C:\Users\cmkua\Downloads\Concatenated Multishot WAVs\Upper Fan\scam_0738_0732454628_624_ca0_scam04738_new_inn______________01p02.wav,LONG PEAK-ONSET LAG,True,100000,174000,1.74,29,29-shot,0.06899999999999999,0.079,7015.0,0.07015,10.150000000000006,7065.0,0.07065,0.5,0.08015,9.999999999999995,-12775.039212863545,12775.039212863545,0.9104532742217598,0.0006262211697905847,18.389565553701054,7131.040614820047,2918.208703684193,4100.0,9700.0,4.556862070203561,0.6878457252578379,0.1509472340090186,0.1311495978588155,5.244741398279499
Upper Fan,scam_0742_0732806716_115_ca0_scam02742_dinas_mawr___________01p02.wav,C:\Users\cmkua\Downloads\Concatenated Multishot WAVs\Upper Fan\scam_0742_0732806716_115_ca0_scam02742_dinas_mawr___________01p02.wav,LONG PEAK-ONSET LAG,True,100000,174000,1.74,29,29-shot,0.06899999999999999,0.079,7004.0,0.07004,10.040000000000008,7054.0,0.07054,0.5,0.08004,9.999999999999995,-6311.188269733564,6311.188269733564,0.8636760256736241,0.0012675901364510762,15.66093259985719,6516.868302635789,3239.8275165323416,5000.0,10100.0,5.151542271059338,0.9276634552810542,0.1800748992185391,0.1525955989796713,6.079228113286787
Upper Fan,scam_0745_0733062907_374_ca0_scam01745_melyn_scam___________01p02.wav,C:\Users\cmkua\Downloads\Concatenated Multishot WAVs\Upper Fan\scam_0745_0733062907_374_ca0_scam01745_melyn_scam___________01p02.wav,LONG PEAK-ONSET LAG,True,100000,744000,7.44,124,124-shot,0.06899999999999999,0.079,6995.0,0.06995,9.950000000000001,7044.0,0.07044,0.49,0.07995,9.999999999999995,-2221.0287679232324,2221.0287679232324,0.914706453153661,0.003601934434861184,11.836487796170783,6635.852525217433,2367.0016644063244,6400.0,8700.0,11.907666143517652,0.8456525228752518,0.07101748677557708,0.06630816515813356,12.753369375528882
Upper Fan,scam_0745_0733070243_653_ca0_scam04745_crymych______________01p02.wav,C:\Users\cmkua\Downloads\Concatenated Multishot WAVs\Upper Fan\scam_0745_0733070243_653_ca0_scam04745_crymych______________01p02.wav,LONG PEAK-ONSET LAG,True,100000,174000,1.74,29,29-shot,0.06899999999999999,0.079,6879.0,0.06879,8.790000000000006,7069.0,0.07069,1.9,0.07879,9.999999999999995,-6163.569949468932,6163.569949468932,0.9330501134656296,0.0012979490888538224,-0.614695658606707,6464.324267229871,3166.4617003425374,4300.0,10800.0,53.20950251815849,13.34677638972884,0.2508344517067053,0.20053351259503474,66.55633872370173
Upper Fan,scam_0754_0733873409_990_ca0_scam02754_whitchurch___________01p02.wav,C:\Users\cmkua\Downloads\Concatenated Multishot WAVs\Upper Fan\scam_0754_0733873409_990_ca0_scam02754_whitchurch___________01p02.wav,LONG PEAK-ONSET LAG,True,100000,174000,1.74,29,29-shot,0.06899999999999999,0.079,7215.0,0.07215,12.150000000000007,7263.0,0.07263,0.48000000000000004,0.08215,9.999999999999995,-17559.99591301638,17559.99591301638,0.7168809825859754,0.00045558097163735583,18.615206825574088,6228.697369700436,2459.19473224887,4700.0,8700.0,1.8652870622968667,0.18699302475789034,0.10024892604338977,0.091114059786416,2.052296047352384
Upper Fan,scam_0755_0733974135_460_ca0_scam02755_aegis_0755a__________01p02.wav,C:\Users\cmkua\Downloads\Concatenated Multishot WAVs\Upper Fan\scam_0755_0733974135_460_ca0_scam02755_aegis_0755a__________01p02.wav,LONG PEAK-ONSET LAG,True,100000,174000,1.74,29,29-shot,0.06899999999999999,0.079,7576.0,0.07576,15.759999999999996,7624.0,0.07624,0.48000000000000004,0.08575999999999999,9.999999999999995,-12463.83115800129,12463.83115800129,0.9384275529949451,0.0006418572185859814,17.823502459211884,5543.280875193066,2936.9448895111655,3200.0,8100.0,0.31991260094230983,0.018077584963306637,0.056507886560450256,0.05348323330067998,0.3380047137703023
Upper Fan,scam_0755_0733977311_695_ca0_scam03755_aegis_0755b__________01p02.wav,C:\Users\cmkua\Downloads\Concatenated Multishot WAVs\Upper Fan\scam_0755_0733977311_695_ca0_scam03755_aegis_0755b__________01p02.wav,NO CLEAN ONSET BEFORE PEAK,True,100000,174000,1.74,29,29-shot,0.06899999999999999,0.079,7207.0,0.07207,12.069999999999997,7207.0,0.07207,0.0,0.08206999999999999,9.999999999999995,-6724.198497091625,6724.198497091625,0.9400435343526524,0.001189732873510529,-18.779235719749817,7724.159608614159,3771.0113383928788,7800.0,10800.0,0.19353643240535467,0.04428625593149597,0.22882645598602383,0.18618655001622889,0.23785958721312453
Upper Fan,scam_0756_0734052120_788_ca0_scam02756_waun_mawn____________01p02.wav,C:\Users\cmkua\Downloads\Concatenated Multishot WAVs\Upper Fan\scam_0756_0734052120_788_ca0_scam02756_waun_mawn____________01p02.wav,NO CLEAN ONSET BEFORE PEAK,True,100000,174000,1.74,29,29-shot,0.06899999999999999,0.079,7170.0,0.0717,11.700000000000003,7170.0,0.0717,0.0,0.0817,9.999999999999995,-7472.40415034588,7472.40415034588,0.8488065568450115,0.0010706059039418657,-5.624268985617493,9311.574900114807,5811.903163423967,5700.0,16700.0,0.028158369073282435,0.012713805529367173,0.4515107212452315,0.3110351295267432,0.04087578643837407
Upper Fan,scam_0756_0734054744_888_ca0_scam03756_banc_du______________01p02.wav,C:\Users\cmkua\Downloads\Concatenated Multishot WAVs\Upper Fan\scam_0756_0734054744_888_ca0_scam03756_banc_du______________01p02.wav,LONG PEAK-ONSET LAG,True,100000,174000,1.74,29,29-shot,0.06899999999999999,0.079,7006.0,0.07006,10.059999999999999,7054.0,0.07054,0.48000000000000004,0.08005999999999999,9.999999999999995,-8265.480397622483,8265.480397622483,0.9503260503749492,0.0009678808266608621,15.324256615962435,5846.270692595301,2931.317803823821,4000.0,8200.0,6.92661021874658,0.6857855457865554,0.09900738227343954,0.09008744399276428,7.612443148477349
Upper Fan,scam_0757_0734137704_661_ca0_scam01757_frenni_fach__________01p02.wav,C:\Users\cmkua\Downloads\Concatenated Multishot WAVs\Upper Fan\scam_0757_0734137704_661_ca0_scam01757_frenni_fach__________01p02.wav,NO PEAK,True,100000,174000,1.74,29,29-shot,0.06899999999999999,0.079,,,,,,,,,,,,,,,,,,,,,,
Upper Fan,scam_0757_0734142505_843_ca0_scam04757_tidal_mill___________01p02.wav,C:\Users\cmkua\Downloads\Concatenated Multishot WAVs\Upper Fan\scam_0757_0734142505_843_ca0_scam04757_tidal_mill___________01p02.wav,LONG PEAK-ONSET LAG,True,100000,174000,1.74,29,29-shot,0.06899999999999999,0.079,6968.0,0.06968,9.680000000000009,7094.0,0.07094,1.26,0.07968,9.999999999999995,-3680.9154124125794,3680.9154124125794,0.9173301529579023,0.0021733724097605838,7.467208867413868,5821.5078619060105,2210.9625059580744,4700.0,7800.0,21.150272780450862,1.268439687276369,0.05997273417904966,0.05657938455811031,22.418760776261323
Upper Fan,scam_0758_0734227300_921_ca0_scam01758_gors_fawr____________01p02.wav,C:\Users\cmkua\Downloads\Concatenated Multishot WAVs\Upper Fan\scam_0758_0734227300_921_ca0_scam01758_gors_fawr____________01p02.wav,NO PEAK,True,100000,174000,1.74,29,29-shot,0.06899999999999999,0.079,,,,,,,,,,,,,,,,,,,,,,
Upper Fan,scam_0758_0734230564_474_ca0_scam02758_tre_fach_____________01p02.wav,C:\Users\cmkua\Downloads\Concatenated Multishot WAVs\Upper Fan\scam_0758_0734230564_474_ca0_scam02758_tre_fach_____________01p02.wav,LONG PEAK-ONSET LAG,True,100000,174000,1.74,29,29-shot,0.06899999999999999,0.079,7369.0,0.07369,13.690000000000008,7415.0,0.07415,0.46,0.08369,9.999999999999995,-3083.1117212996487,3083.1117212996487,0.887404590371069,0.002594781092339948,13.321968287729645,5946.185265807549,2430.128717125558,4700.0,8000.0,1.3746458723031054,0.06060092613721726,0.04408475474173244,0.04222305686695374,1.4352567207100329
Upper Fan,scam_0761_0734496292_709_ca0_scam02761_mynydd_bach__________01p02.wav,C:\Users\cmkua\Downloads\Concatenated Multishot WAVs\Upper Fan\scam_0761_0734496292_709_ca0_scam02761_mynydd_bach__________01p02.wav,LONG PEAK-ONSET LAG,True,100000,174000,1.74,29,29-shot,0.06899999999999999,0.079,7088.0,0.07088,10.88,7289.0,0.07289,2.0100000000000002,0.08088,9.999999999999995,-7586.756379705986,7586.756379705986,0.7631793405702875,0.0010544690773779703,-3.572442941559743,6271.129209999898,2648.5917536916363,3900.0,9100.0,15.704122149174697,1.4875501531435575,0.0947235470415475,0.08652735058577105,17.191675731120526
Upper Fan,scam_0764_0734758885_679_ca0_scam01764_rabbit_island________01p02.wav,C:\Users\cmkua\Downloads\Concatenated Multishot WAVs\Upper Fan\scam_0764_0734758885_679_ca0_scam01764_rabbit_island________01p02.wav,LONG PEAK-ONSET LAG,True,100000,174000,1.74,29,29-shot,0.06899999999999999,0.079,6999.0,0.06999,9.989999999999998,7048.0,0.07048,0.49,0.07998999999999999,9.999999999999995,-7693.548822601246,7693.548822601246,0.9760435610704038,0.0010398322262540917,16.931677176691686,6803.995487250654,2914.2801218146656,4400.0,9400.0,4.879682422136747,0.5808264213329642,0.11902955378777053,0.10636686489294367,5.4605954769613225
Upper Fan,scam_0765_0734847769_492_ca0_scam01765_blueberry_island_____01p02.wav,C:\Users\cmkua\Downloads\Concatenated Multishot WAVs\Upper Fan\scam_0765_0734847769_492_ca0_scam01765_blueberry_island_____01p02.wav,NO PEAK,True,100000,174000,1.74,29,29-shot,0.06899999999999999,0.079,,,,,,,,,,,,,,,,,,,,,,
Upper Fan,scam_0767_0735026355_616_ca0_scam02767_aegis_0767a__________01p02.wav,C:\Users\cmkua\Downloads\Concatenated Multishot WAVs\Upper Fan\scam_0767_0735026355_616_ca0_scam02767_aegis_0767a__________01p02.wav,NO CLEAN ONSET BEFORE PEAK,True,100000,174000,1.74,29,29-shot,0.06899999999999999,0.079,7558.0,0.07558,15.579999999999997,7558.0,0.07558,0.0,0.08557999999999999,9.999999999999995,-4770.51333069585,4770.51333069585,0.963830049631481,0.0016769683774959878,-10.051350771475809,8377.704691359293,3773.9762417003594,6700.0,12100.0,0.17160411672187445,0.07980818598505654,0.4650715117423716,0.31743374923829426,0.2514168269018722
Upper Fan,scam_0769_0735205292_084_ca0_scam02769_aegis_0769a__________01p02.wav,C:\Users\cmkua\Downloads\Concatenated Multishot WAVs\Upper Fan\scam_0769_0735205292_084_ca0_scam02769_aegis_0769a__________01p02.wav,NO PEAK,True,100000,174000,1.74,29,29-shot,0.06899999999999999,0.079,,,,,,,,,,,,,,,,,,,,,,
Upper Fan,scam_0770_0735292130_729_ca0_scam01770_holzwarth____________01p02.wav,C:\Users\cmkua\Downloads\Concatenated Multishot WAVs\Upper Fan\scam_0770_0735292130_729_ca0_scam01770_holzwarth____________01p02.wav,LONG PEAK-ONSET LAG,True,100000,174000,1.74,29,29-shot,0.06899999999999999,0.079,7304.0,0.07304,13.039999999999996,7371.0,0.07371,0.67,0.08303999999999999,9.999999999999995,-4795.721796439631,4795.721796439631,0.754171431930778,0.0016681534791987394,15.32931510524175,6235.766869422094,2538.747926405421,3400.0,8700.0,2.533080352325041,0.17552092294525337,0.0692914943594852,0.06480117873323857,2.7086069478428043
Upper Fan,scam_0773_0735560225_804_ca0_scam02773_ptarmigan_lake_______01p02.wav,C:\Users\cmkua\Downloads\Concatenated Multishot WAVs\Upper Fan\scam_0773_0735560225_804_ca0_scam02773_ptarmigan_lake_______01p02.wav,NO PEAK,True,100000,174000,1.74,29,29-shot,0.06899999999999999,0.079,,,,,,,,,,,,,,,,,,,,,,
Upper Fan,scam_0774_0735647472_561_ca0_scam01774_finch_lake___________01p02.wav,C:\Users\cmkua\Downloads\Concatenated Multishot WAVs\Upper Fan\scam_0774_0735647472_561_ca0_scam01774_finch_lake___________01p02.wav,LONG PEAK-ONSET LAG,True,100000,174000,1.74,29,29-shot,0.06899999999999999,0.079,6887.0,0.06887,8.870000000000003,7179.0,0.07179,2.92,0.07887,9.999999999999995,-11477.972318124406,11477.972318124406,0.9284015580060976,0.0006969872184974275,-29.98728156888319,5887.876102751423,2761.048622887849,4200.0,8200.0,62.98902680077063,6.820655854666493,0.10828323917814596,0.09770338122061735,69.80982407625417
Upper Fan,scam_0777_0735912628_587_ca0_scam01777_rainbow_curve________01p02.wav,C:\Users\cmkua\Downloads\Concatenated Multishot WAVs\Upper Fan\scam_0777_0735912628_587_ca0_scam01777_rainbow_curve________01p02.wav,LONG PEAK-ONSET LAG,True,100000,174000,1.74,29,29-shot,0.06899999999999999,0.079,7500.0,0.075,15.0,7549.0,0.07549,0.49,0.08499999999999999,9.999999999999995,-13286.339464578505,13286.339464578505,0.9320494822265114,0.0006021222038867868,17.27421940705022,5767.9605606275045,3161.7943589988763,3500.0,8100.0,0.5615907255914975,0.04521237491490834,0.08050769511424578,0.07450563866650399,0.6068315864962148
Upper Fan,scam_0782_0736362087_277_ca0_scam01782_finch_lake_782_______01p02.wav,C:\Users\cmkua\Downloads\Concatenated Multishot WAVs\Upper Fan\scam_0782_0736362087_277_ca0_scam01782_finch_lake_782_______01p02.wav,LONG PEAK-ONSET LAG,True,100000,174000,1.74,29,29-shot,0.06899999999999999,0.079,7313.0,0.07313,13.130000000000003,7478.0,0.07478,1.65,0.08313,9.999999999999995,-5331.138035134143,5331.138035134143,0.7530089940350945,0.001500617681867752,9.601319389427106,5358.496034254965,2004.6574600208432,4200.0,7500.0,5.720087537586324,0.10296860436652136,0.0180012287731475,0.017682810891599322,5.823090287949596
Upper Fan,scam_0786_0736709829_994_ca0_scam01786_box_lake_____________01p02.wav,C:\Users\cmkua\Downloads\Concatenated Multishot WAVs\Upper Fan\scam_0786_0736709829_994_ca0_scam01786_box_lake_____________01p02.wav,NO CLEAN ONSET BEFORE PEAK,True,100000,174000,1.74,29,29-shot,0.06899999999999999,0.079,6907.0,0.06907,9.07000000000001,6907.0,0.06907,0.0,0.07907,9.999999999999995,-7795.377674970104,7795.377674970104,0.9476331200762047,0.0010262491868337452,-3.7977090589972553,9178.18871971484,5519.408878030223,4100.0,15500.0,0.028501223927974616,0.016996208267235788,0.5963325754075288,0.3735378068097329,0.045500637304681346
Upper Fan,scam_0789_0736977911_697_ca0_scam01789_spirit_lake__________01p02.wav,C:\Users\cmkua\Downloads\Concatenated Multishot WAVs\Upper Fan\scam_0789_0736977911_697_ca0_scam01789_spirit_lake__________01p02.wav,LONG PEAK-ONSET LAG,True,100000,174000,1.74,29,29-shot,0.06899999999999999,0.079,7581.0,0.07581,15.810000000000004,7622.0,0.07622,0.41,0.08581,9.999999999999995,-2360.2582989543375,2360.2582989543375,0.8216983261249531,0.003389459536502522,14.005523374095926,6310.162934641985,2801.241636208304,7400.0,8000.0,0.8614637386135373,0.07140326937038549,0.08288598366926485,0.07654134435057264,0.9328719004900949
Upper Fan,scam_0857_0743018202_167_ca0_scam03857_granite_falls________01p02.wav,C:\Users\cmkua\Downloads\Concatenated Multishot WAVs\Upper Fan\scam_0857_0743018202_167_ca0_scam03857_granite_falls________01p02.wav,NO PEAK,True,100000,174000,1.74,29,29-shot,0.06899999999999999,0.079,,,,,,,,,,,,,,,,,,,,,,
Upper Fan,scam_0858_0743103458_459_ca0_scam01858_corral_creek_________01p02.wav,C:\Users\cmkua\Downloads\Concatenated Multishot WAVs\Upper Fan\scam_0858_0743103458_459_ca0_scam01858_corral_creek_________01p02.wav,LONG PEAK-ONSET LAG,True,100000,174000,1.74,29,29-shot,0.06899999999999999,0.079,7028.0,0.07028,10.279999999999998,7078.0,0.07078,0.5,0.08027999999999999,9.999999999999995,-5398.176225159844,5398.176225159844,0.9633905364895752,0.0014819820002751234,13.512493465104336,6417.21867168531,2844.161666898774,6800.0,8000.0,5.382066217756794,0.43680479809987377,0.08115931325013144,0.07506426397991726,5.8190778799448
Upper Fan,scam_0868_0744010741_092_ca0_scam02868_aegis_0868a__________01p02.wav,C:\Users\cmkua\Downloads\Concatenated Multishot WAVs\Upper Fan\scam_0868_0744010741_092_ca0_scam02868_aegis_0868a__________01p02.wav,NO CLEAN ONSET BEFORE PEAK,True,100000,174000,1.74,29,29-shot,0.06899999999999999,0.079,7163.0,0.07163,11.63,7163.0,0.07163,0.0,0.08163,9.999999999999995,-4150.933046276645,4150.933046276645,0.9238975791870349,0.0019272775327407266,-3.674123954445024,8745.32939297179,4781.507775533207,5600.0,14800.0,0.04903895105971047,0.019576850272969116,0.3992102165711515,0.28529399601284844,0.06861991681061334
Upper Fan,scam_0870_0744168720_656_ca0_scam01870_lake_louise__________01p02.wav,C:\Users\cmkua\Downloads\Concatenated Multishot WAVs\Upper Fan\scam_0870_0744168720_656_ca0_scam01870_lake_louise__________01p02.wav,NO PEAK,True,100000,174000,1.74,29,29-shot,0.06899999999999999,0.079,,,,,,,,,,,,,,,,,,,,,,
Upper Fan,scam_0871_0744257479_682_ca0_scam01871_chickadee_pond_______01p02.wav,C:\Users\cmkua\Downloads\Concatenated Multishot WAVs\Upper Fan\scam_0871_0744257479_682_ca0_scam01871_chickadee_pond_______01p02.wav,NO CLEAN ONSET BEFORE PEAK,True,100000,174000,1.74,29,29-shot,0.06899999999999999,0.079,7885.0,0.07885,18.850000000000005,7885.0,0.07885,0.0,0.08885,9.999999999999995,-2446.7554053362383,2446.7554053362383,0.8945062758250255,0.00326963618126783,13.5295183374354,11153.17260174876,6901.823015357897,19500.0,19600.0,0.27167056065811857,0.19340539114262784,0.7119114808542585,0.4158416006560406,0.4650938983437621
Upper Fan,scam_0873_0744435707_931_ca0_scam02873_aegis_0873a__________01p02.wav,C:\Users\cmkua\Downloads\Concatenated Multishot WAVs\Upper Fan\scam_0873_0744435707_931_ca0_scam02873_aegis_0873a__________01p02.wav,LONG PEAK-ONSET LAG,True,100000,174000,1.74,29,29-shot,0.06899999999999999,0.079,7499.0,0.07499,14.990000000000004,7611.0,0.07611,1.1199999999999999,0.08499,9.999999999999995,-8158.67281568674,8158.67281568674,0.8355125670575775,0.0009805516388178162,14.666842444335712,6041.720759658421,2938.135851347442,4500.0,9200.0,0.6429128288352465,0.06670643125426505,0.10375657206143465,0.09400264940109566,0.7096228848788972
Upper Fan,scam_0889_0745859414_195_ca0_scam02889_blue_river___________01p02.wav,C:\Users\cmkua\Downloads\Concatenated Multishot WAVs\Upper Fan\scam_0889_0745859414_195_ca0_scam02889_blue_river___________01p02.wav,LONG PEAK-ONSET LAG,True,100000,174000,1.74,29,29-shot,0.06899999999999999,0.079,7469.0,0.07469,14.690000000000008,7517.0,0.07517,0.48000000000000004,0.08469,9.999999999999995,-8524.299414932055,8524.299414932055,0.8378156514539321,0.0009384935477496677,16.52763165862812,5931.820820617871,2436.4403585197083,6100.0,7700.0,0.732834484175844,0.035662122098774424,0.04866326963158748,0.046404487846064484,0.7685058871261499
Upper Fan,scam_0890_0745944396_840_ca0_scam01890_thunderbolt_peak_890_01p02.wav,C:\Users\cmkua\Downloads\Concatenated Multishot WAVs\Upper Fan\scam_0890_0745944396_840_ca0_scam01890_thunderbolt_peak_890_01p02.wav,LONG PEAK-ONSET LAG,True,100000,174000,1.74,29,29-shot,0.06899999999999999,0.079,6913.0,0.06913,9.129999999999999,6958.0,0.06958,0.45,0.07912999999999999,9.999999999999995,-3958.917303460214,3958.917303460214,0.8040188003540208,0.00202075451109013,14.873041035992694,6408.463588432298,2924.568389191682,5100.0,9200.0,6.371862361232433,0.7874781188390395,0.12358680621072408,0.10999136518150468,7.159453994771
Upper Fan,scam_0895_0746390265_681_ca0_scam02895_willow_creek_________01p02.wav,C:\Users\cmkua\Downloads\Concatenated Multishot WAVs\Upper Fan\scam_0895_0746390265_681_ca0_scam02895_willow_creek_________01p02.wav,LONG PEAK-ONSET LAG,True,100000,174000,1.74,29,29-shot,0.06899999999999999,0.079,7188.0,0.07188,11.880000000000003,7233.0,0.07233,0.45,0.08188,9.999999999999995,-9379.377899091995,9379.377899091995,0.8885690174084908,0.0008529350332258678,17.6910338969211,5833.449116250002,2363.1823691978575,4800.0,7700.0,0.9552101516860922,0.041776303686641245,0.04373519650403596,0.041902456877729144,0.9969893605175464
Upper Fan,scam_0898_0746652572_490_ca0_scam01898_aegis_0897b__________01p02.wav,C:\Users\cmkua\Downloads\Concatenated Multishot WAVs\Upper Fan\scam_0898_0746652572_490_ca0_scam01898_aegis_0897b__________01p02.wav,NO PEAK,True,100000,174000,1.74,29,29-shot,0.06899999999999999,0.079,,,,,,,,,,,,,,,,,,,,,,
Upper Fan,scam_0907_0747456207_795_ca0_scam02907_sprague_glacier______01p02.wav,C:\Users\cmkua\Downloads\Concatenated Multishot WAVs\Upper Fan\scam_0907_0747456207_795_ca0_scam02907_sprague_glacier______01p02.wav,LONG PEAK-ONSET LAG,True,100000,174000,1.74,29,29-shot,0.06899999999999999,0.079,6968.0,0.06968,9.680000000000009,7021.0,0.07021,0.53,0.07968,9.999999999999995,-3648.474299499931,3648.474299499931,0.8611265382810992,0.0021926973697187616,14.73608160691313,6468.2270591896595,2797.4820362879505,4900.0,9000.0,11.781020682347082,1.6505180434537439,0.14009974924557372,0.12288335498081127,13.431583502187737
