File Name,Setting,Found,Flagged,Onset (s),Peak Time (s),Peak-Onset Lag (ms),Forced Peak,Truncated
scam_0037_0670224376_725_ca0_scam01037_hedgehog_____________02p01.wav,original,True,True,0.06829,0.07073,2.44,False,False
scam_0037_0670224376_725_ca0_scam01037_hedgehog_____________02p01.wav,wider_3p5sigma,True,False,0.07063,0.07073,0.1,False,False
scam_0037_0670224376_725_ca0_scam01037_hedgehog_____________02p01.wav,wider_3sigma,True,False,0.07064,0.07073,0.09000000000000001,False,False
scam_0037_0670224376_725_ca0_scam01037_hedgehog_____________02p01.wav,very_wide_soft,True,False,0.07063,0.07071,0.08,False,False
scam_0071_0673238158_718_ca0_scam05071_hadahastsaa__________01p01.wav,original,True,True,0.06956,0.07141,1.85,False,False
scam_0071_0673238158_718_ca0_scam05071_hadahastsaa__________01p01.wav,wider_3p5sigma,True,True,0.06955,0.07141,1.86,False,False
scam_0071_0673238158_718_ca0_scam05071_hadahastsaa__________01p01.wav,wider_3sigma,True,True,0.07141,0.07141,0.0,True,False
scam_0071_0673238158_718_ca0_scam05071_hadahastsaa__________01p01.wav,very_wide_soft,True,True,0.06005,0.06005,0.0,True,False
scam_0071_0673238205_695_ca0_scam05071_hadahastsaa__________02p01.wav,original,True,True,0.07146,0.07146,0.0,True,False
scam_0071_0673238205_695_ca0_scam05071_hadahastsaa__________02p01.wav,wider_3p5sigma,True,True,0.07146,0.07146,0.0,True,False
scam_0071_0673238205_695_ca0_scam05071_hadahastsaa__________02p01.wav,wider_3sigma,True,True,0.07146,0.07146,0.0,True,False
scam_0071_0673238205_695_ca0_scam05071_hadahastsaa__________02p01.wav,very_wide_soft,True,False,0.06002,0.06074,0.7200000000000001,False,False
scam_0086_0674573256_865_ca0_scam05086_naatsiilid___________02p01.wav,original,True,True,0.07446,0.07446,0.0,True,False
scam_0086_0674573256_865_ca0_scam05086_naatsiilid___________02p01.wav,wider_3p5sigma,True,True,0.07446,0.07446,0.0,True,False
scam_0086_0674573256_865_ca0_scam05086_naatsiilid___________02p01.wav,wider_3sigma,True,True,0.07446,0.07446,0.0,True,False
scam_0086_0674573256_865_ca0_scam05086_naatsiilid___________02p01.wav,very_wide_soft,True,False,0.05846,0.05852,0.060000000000000005,False,False
scam_0088_0674752882_228_ca0_scam01088_tsostid_tsaadah______01p01.wav,original,True,True,0.06869,0.07021,1.52,False,False
scam_0088_0674752882_228_ca0_scam01088_tsostid_tsaadah______01p01.wav,wider_3p5sigma,True,False,0.07011,0.07021,0.1,False,False
scam_0088_0674752882_228_ca0_scam01088_tsostid_tsaadah______01p01.wav,wider_3sigma,True,False,0.07011,0.07021,0.1,False,False
scam_0088_0674752882_228_ca0_scam01088_tsostid_tsaadah______01p01.wav,very_wide_soft,True,True,0.05868,0.06009,1.41,False,False
scam_0089_0674854082_617_ca0_scam01089_taa-ihaaih___________01p01.wav,original,True,True,0.07292,0.07457,1.65,False,False
scam_0089_0674854082_617_ca0_scam01089_taa-ihaaih___________01p01.wav,wider_3p5sigma,True,True,0.07299,0.07457,1.58,False,False
scam_0089_0674854082_617_ca0_scam01089_taa-ihaaih___________01p01.wav,wider_3sigma,True,True,0.07301,0.07457,1.56,False,False
scam_0089_0674854082_617_ca0_scam01089_taa-ihaaih___________01p01.wav,very_wide_soft,True,True,0.07304,0.07454,1.5,False,False
scam_0104_0676170543_585_ca0_scam05104_ad_ees_eez___________01p01.wav,original,True,True,0.07466,0.07711,2.4499999999999997,False,False
scam_0104_0676170543_585_ca0_scam05104_ad_ees_eez___________01p01.wav,wider_3p5sigma,True,True,0.07471,0.07711,2.4,False,False
scam_0104_0676170543_585_ca0_scam05104_ad_ees_eez___________01p01.wav,wider_3sigma,True,True,0.07473,0.07711,2.3800000000000003,False,False
scam_0104_0676170543_585_ca0_scam05104_ad_ees_eez___________01p01.wav,very_wide_soft,True,False,0.06167,0.06191,0.24000000000000002,False,False
scam_0107_0676443644_665_ca0_scam02107_ad_ilidi_____________02p01.wav,original,True,True,0.06948,0.07067,1.1900000000000002,False,False
scam_0107_0676443644_665_ca0_scam02107_ad_ilidi_____________02p01.wav,wider_3p5sigma,True,True,0.07067,0.07067,0.0,True,False
scam_0107_0676443644_665_ca0_scam02107_ad_ilidi_____________02p01.wav,wider_3sigma,True,True,0.07067,0.07067,0.0,True,False
scam_0107_0676443644_665_ca0_scam02107_ad_ilidi_____________02p01.wav,very_wide_soft,True,False,0.07063,0.0707,0.06999999999999999,False,False
scam_0108_0676523575_279_ca0_scam01108_jih__________________01p01.wav,original,True,True,0.07057,0.07057,0.0,True,False
scam_0108_0676523575_279_ca0_scam01108_jih__________________01p01.wav,wider_3p5sigma,True,False,0.08246,0.08252,0.060000000000000005,False,False
scam_0108_0676523575_279_ca0_scam01108_jih__________________01p01.wav,wider_3sigma,True,False,0.08247,0.08252,0.05,False,False
scam_0108_0676523575_279_ca0_scam01108_jih__________________01p01.wav,very_wide_soft,False,True,,,,,
scam_0110_0676703142_539_ca0_scam03110_naakih_tsaadah_______02p01.wav,original,True,True,0.07651,0.07651,0.0,True,False
scam_0110_0676703142_539_ca0_scam03110_naakih_tsaadah_______02p01.wav,wider_3p5sigma,False,True,,,,,
scam_0110_0676703142_539_ca0_scam03110_naakih_tsaadah_______02p01.wav,wider_3sigma,False,True,,,,,
scam_0110_0676703142_539_ca0_scam03110_naakih_tsaadah_______02p01.wav,very_wide_soft,True,False,0.05801,0.05806,0.05,False,False
scam_0112_0676881366_146_ca0_scam02112_tseebii______________01p01.wav,original,True,True,0.07165,0.07165,0.0,True,False
scam_0112_0676881366_146_ca0_scam02112_tseebii______________01p01.wav,wider_3p5sigma,True,True,0.07165,0.07165,0.0,True,False
scam_0112_0676881366_146_ca0_scam02112_tseebii______________01p01.wav,wider_3sigma,True,True,0.07165,0.07165,0.0,True,False
scam_0112_0676881366_146_ca0_scam02112_tseebii______________01p01.wav,very_wide_soft,True,False,0.07161,0.07169,0.08,False,False
scam_0112_0676881514_104_ca0_scam02112_tseebii______________02p01.wav,original,True,True,0.07155,0.07155,0.0,True,False
scam_0112_0676881514_104_ca0_scam02112_tseebii______________02p01.wav,wider_3p5sigma,True,True,0.07155,0.07155,0.0,True,False
scam_0112_0676881514_104_ca0_scam02112_tseebii______________02p01.wav,wider_3sigma,True,True,0.07155,0.07155,0.0,True,False
scam_0112_0676881514_104_ca0_scam02112_tseebii______________02p01.wav,very_wide_soft,True,True,0.06138,0.06138,0.0,True,False
scam_0133_0678742642_430_ca0_scam04133_pierrefeu____________01p01.wav,original,True,True,0.07146,0.07187,0.41,False,False
scam_0133_0678742642_430_ca0_scam04133_pierrefeu____________01p01.wav,wider_3p5sigma,True,False,0.07146,0.07187,0.41,False,False
scam_0133_0678742642_430_ca0_scam04133_pierrefeu____________01p01.wav,wider_3sigma,True,False,0.07146,0.07187,0.41,False,False
scam_0133_0678742642_430_ca0_scam04133_pierrefeu____________01p01.wav,very_wide_soft,True,False,0.07146,0.07154,0.08,False,False
scam_0133_0678742847_415_ca0_scam04133_pierrefeu____________02p01.wav,original,True,True,0.0715,0.07192,0.42000000000000004,False,False
scam_0133_0678742847_415_ca0_scam04133_pierrefeu____________02p01.wav,wider_3p5sigma,True,False,0.0715,0.07192,0.42000000000000004,False,False
scam_0133_0678742847_415_ca0_scam04133_pierrefeu____________02p01.wav,wider_3sigma,True,False,0.07151,0.07192,0.41,False,False
scam_0133_0678742847_415_ca0_scam04133_pierrefeu____________02p01.wav,very_wide_soft,True,True,0.05895,0.05895,0.0,True,False
scam_0151_0680342349_851_ca0_scam01151_charamel_____________02p01.wav,original,True,True,0.07527,0.07527,0.0,True,False
scam_0151_0680342349_851_ca0_scam01151_charamel_____________02p01.wav,wider_3p5sigma,True,True,0.07527,0.07527,0.0,True,False
scam_0151_0680342349_851_ca0_scam01151_charamel_____________02p01.wav,wider_3sigma,True,True,0.07527,0.07527,0.0,True,False
scam_0151_0680342349_851_ca0_scam01151_charamel_____________02p01.wav,very_wide_soft,True,True,0.06857,0.0753,6.7299999999999995,False,False
scam_0159_0681050219_854_ca0_scam01159_castillon____________01p01.wav,original,True,True,0.07274,0.07274,0.0,True,False
scam_0159_0681050219_854_ca0_scam01159_castillon____________01p01.wav,wider_3p5sigma,True,True,0.06875,0.07274,3.9899999999999998,False,False
scam_0159_0681050219_854_ca0_scam01159_castillon____________01p01.wav,wider_3sigma,True,True,0.06875,0.07274,3.9899999999999998,False,False
scam_0159_0681050219_854_ca0_scam01159_castillon____________01p01.wav,very_wide_soft,True,True,0.06885,0.07277,3.92,False,False
scam_0159_0681050437_858_ca0_scam01159_castillon____________02p01.wav,original,True,True,0.07266,0.07266,0.0,True,False
scam_0159_0681050437_858_ca0_scam01159_castillon____________02p01.wav,wider_3p5sigma,True,True,0.07266,0.07266,0.0,True,False
scam_0159_0681050437_858_ca0_scam01159_castillon____________02p01.wav,wider_3sigma,True,True,0.07266,0.07266,0.0,True,False
scam_0159_0681050437_858_ca0_scam01159_castillon____________02p01.wav,very_wide_soft,True,True,0.05888,0.06087,1.99,False,False
scam_0159_0681062056_835_ca0_scam04159_grand_coyer__________02p01.wav,original,True,True,0.07299,0.07299,0.0,True,False
scam_0159_0681062056_835_ca0_scam04159_grand_coyer__________02p01.wav,wider_3p5sigma,True,True,0.07299,0.07299,0.0,True,False
scam_0159_0681062056_835_ca0_scam04159_grand_coyer__________02p01.wav,wider_3sigma,True,True,0.07299,0.07299,0.0,True,False
scam_0159_0681062056_835_ca0_scam04159_grand_coyer__________02p01.wav,very_wide_soft,True,False,0.06077,0.06086,0.09000000000000001,False,False
scam_0170_0682026345_821_ca0_scam01170_lattes_______________02p01.wav,original,True,True,0.07477,0.07555,0.78,False,False
scam_0170_0682026345_821_ca0_scam01170_lattes_______________02p01.wav,wider_3p5sigma,True,False,0.07483,0.07555,0.7200000000000001,False,False
scam_0170_0682026345_821_ca0_scam01170_lattes_______________02p01.wav,wider_3sigma,True,False,0.07485,0.07555,0.7,False,False
scam_0170_0682026345_821_ca0_scam01170_lattes_______________02p01.wav,very_wide_soft,True,True,0.05939,0.05939,0.0,True,False
scam_0193_0684066469_854_ca0_scam01193_pont_________________01p01.wav,original,True,True,0.07404,0.07445,0.41,False,False
scam_0193_0684066469_854_ca0_scam01193_pont_________________01p01.wav,wider_3p5sigma,True,False,0.07405,0.07445,0.4,False,False
scam_0193_0684066469_854_ca0_scam01193_pont_________________01p01.wav,wider_3sigma,True,False,0.07404,0.07445,0.41,False,False
scam_0193_0684066469_854_ca0_scam01193_pont_________________01p01.wav,very_wide_soft,True,False,0.07404,0.07445,0.41,False,False
scam_0200_0684689393_585_ca0_scam01200_ondres_______________01p01.wav,original,True,True,0.06951,0.07074,1.23,False,False
scam_0200_0684689393_585_ca0_scam01200_ondres_______________01p01.wav,wider_3p5sigma,True,False,0.07065,0.07074,0.09000000000000001,False,False
scam_0200_0684689393_585_ca0_scam01200_ondres_______________01p01.wav,wider_3sigma,True,False,0.07066,0.07074,0.08,False,False
scam_0200_0684689393_585_ca0_scam01200_ondres_______________01p01.wav,very_wide_soft,True,False,0.0594,0.06005,0.65,False,False
scam_0201_0684779800_791_ca0_scam01201_digne________________02p01.wav,original,True,True,0.07663,0.07663,0.0,True,False
scam_0201_0684779800_791_ca0_scam01201_digne________________02p01.wav,wider_3p5sigma,True,True,0.07323,0.07663,3.4,False,False
scam_0201_0684779800_791_ca0_scam01201_digne________________02p01.wav,wider_3sigma,True,True,0.07302,0.07663,3.61,False,False
scam_0201_0684779800_791_ca0_scam01201_digne________________02p01.wav,very_wide_soft,True,True,0.073,0.07666,3.66,False,False
scam_0211_0685666540_589_ca0_scam04211_penne________________02p01.wav,original,True,True,0.06886,0.06991,1.05,False,False
scam_0211_0685666540_589_ca0_scam04211_penne________________02p01.wav,wider_3p5sigma,True,True,0.06887,0.06991,1.0399999999999998,False,False
scam_0211_0685666540_589_ca0_scam04211_penne________________02p01.wav,wider_3sigma,True,True,0.06884,0.06991,1.07,False,False
scam_0211_0685666540_589_ca0_scam04211_penne________________02p01.wav,very_wide_soft,True,True,0.05938,0.05938,0.0,True,False
scam_0239_0688151857_681_ca0_scam01239_cheiron______________01p01.wav,original,True,True,0.06906,0.07198,2.92,False,False
scam_0239_0688151857_681_ca0_scam01239_cheiron______________01p01.wav,wider_3p5sigma,True,True,0.06907,0.07198,2.9099999999999997,False,False
scam_0239_0688151857_681_ca0_scam01239_cheiron______________01p01.wav,wider_3sigma,True,True,0.06915,0.07198,2.83,False,False
scam_0239_0688151857_681_ca0_scam01239_cheiron______________01p01.wav,very_wide_soft,True,True,0.05894,0.05894,0.0,True,False
scam_0239_0688152051_670_ca0_scam01239_cheiron______________02p01.wav,original,True,True,0.07177,0.07177,0.0,True,False
scam_0239_0688152051_670_ca0_scam01239_cheiron______________02p01.wav,wider_3p5sigma,True,True,0.07177,0.07177,0.0,True,False
scam_0239_0688152051_670_ca0_scam01239_cheiron______________02p01.wav,wider_3sigma,True,True,0.07177,0.07177,0.0,True,False
scam_0239_0688152051_670_ca0_scam01239_cheiron______________02p01.wav,very_wide_soft,True,False,0.07173,0.0718,0.06999999999999999,False,False
scam_0239_0688154484_917_ca0_scam02239_content______________01p01.wav,original,True,True,0.07339,0.0738,0.41,False,False
scam_0239_0688154484_917_ca0_scam02239_content______________01p01.wav,wider_3p5sigma,True,False,0.07339,0.0738,0.41,False,False
scam_0239_0688154484_917_ca0_scam02239_content______________01p01.wav,wider_3sigma,True,False,0.07339,0.0738,0.41,False,False
scam_0239_0688154484_917_ca0_scam02239_content______________01p01.wav,very_wide_soft,True,False,0.07339,0.0738,0.41,False,False
scam_0242_0688417845_578_ca0_scam04242_pal__________________01p01.wav,original,True,True,0.07372,0.07372,0.0,True,False
scam_0242_0688417845_578_ca0_scam04242_pal__________________01p01.wav,wider_3p5sigma,False,True,,,,,
scam_0242_0688417845_578_ca0_scam04242_pal__________________01p01.wav,wider_3sigma,False,True,,,,,
scam_0242_0688417845_578_ca0_scam04242_pal__________________01p01.wav,very_wide_soft,True,False,0.05866,0.05892,0.25999999999999995,False,False
scam_0247_0688865095_185_ca0_scam01247_brac_247_____________02p01.wav,original,True,True,0.07444,0.07444,0.0,True,False
scam_0247_0688865095_185_ca0_scam01247_brac_247_____________02p01.wav,wider_3p5sigma,True,True,0.07444,0.07444,0.0,True,False
scam_0247_0688865095_185_ca0_scam01247_brac_247_____________02p01.wav,wider_3sigma,True,True,0.07444,0.07444,0.0,True,False
scam_0247_0688865095_185_ca0_scam01247_brac_247_____________02p01.wav,very_wide_soft,True,True,0.05935,0.06086,1.51,False,False
scam_0253_0689397372_279_ca0_scam02253_valette______________01p01.wav,original,True,True,0.07121,0.07256,1.35,False,False
scam_0253_0689397372_279_ca0_scam02253_valette______________01p01.wav,wider_3p5sigma,True,True,0.07122,0.07256,1.34,False,False
scam_0253_0689397372_279_ca0_scam02253_valette______________01p01.wav,wider_3sigma,True,False,0.07223,0.07256,0.33,False,False
scam_0253_0689397372_279_ca0_scam02253_valette______________01p01.wav,very_wide_soft,True,False,0.07223,0.07254,0.31,False,False
scam_0253_0689397541_091_ca0_scam02253_valette______________02p01.wav,original,True,True,0.07028,0.07237,2.09,False,False
scam_0253_0689397541_091_ca0_scam02253_valette______________02p01.wav,wider_3p5sigma,True,True,0.07028,0.07237,2.09,False,False
scam_0253_0689397541_091_ca0_scam02253_valette______________02p01.wav,wider_3sigma,True,True,0.07028,0.07237,2.09,False,False
scam_0253_0689397541_091_ca0_scam02253_valette______________02p01.wav,very_wide_soft,True,False,0.07226,0.07238,0.12000000000000001,False,False
scam_0255_0689572368_351_ca0_scam01255_ubraye_255___________01p01.wav,original,True,True,0.07211,0.07252,0.41,False,False
scam_0255_0689572368_351_ca0_scam01255_ubraye_255___________01p01.wav,wider_3p5sigma,True,False,0.07211,0.07252,0.41,False,False
scam_0255_0689572368_351_ca0_scam01255_ubraye_255___________01p01.wav,wider_3sigma,True,False,0.07246,0.07252,0.060000000000000005,False,False
scam_0255_0689572368_351_ca0_scam01255_ubraye_255___________01p01.wav,very_wide_soft,True,False,0.07247,0.07255,0.08,False,False
scam_0274_0691261499_530_ca0_scam01274_melle________________02p01.wav,original,True,True,0.07503,0.07709,2.06,False,False
scam_0274_0691261499_530_ca0_scam01274_melle________________02p01.wav,wider_3p5sigma,True,False,0.07658,0.07709,0.51,False,False
scam_0274_0691261499_530_ca0_scam01274_melle________________02p01.wav,wider_3sigma,True,False,0.07661,0.07709,0.48000000000000004,False,False
scam_0274_0691261499_530_ca0_scam01274_melle________________02p01.wav,very_wide_soft,True,True,0.06081,0.06081,0.0,True,False
scam_0279_0691717551_834_ca0_scam02279_rent_________________01p01.wav,original,True,True,0.06907,0.06953,0.46,False,False
scam_0279_0691717551_834_ca0_scam02279_rent_________________01p01.wav,wider_3p5sigma,True,True,0.06953,0.06953,0.0,True,False
scam_0279_0691717551_834_ca0_scam02279_rent_________________01p01.wav,wider_3sigma,True,True,0.06953,0.06953,0.0,True,False
scam_0279_0691717551_834_ca0_scam02279_rent_________________01p01.wav,very_wide_soft,True,False,0.06949,0.06956,0.06999999999999999,False,False
scam_0286_0692324948_436_ca0_scam01286_bezaudun_____________01p01.wav,original,True,True,0.07623,0.07793,1.7,False,False
scam_0286_0692324948_436_ca0_scam01286_bezaudun_____________01p01.wav,wider_3p5sigma,True,True,0.07624,0.07793,1.6900000000000002,False,False
scam_0286_0692324948_436_ca0_scam01286_bezaudun_____________01p01.wav,wider_3sigma,True,True,0.07625,0.07793,1.6800000000000002,False,False
scam_0286_0692324948_436_ca0_scam01286_bezaudun_____________01p01.wav,very_wide_soft,True,True,0.06081,0.06081,0.0,True,False
scam_0287_0692411661_044_ca0_scam04287_aurent_______________01p01.wav,original,True,True,0.07037,0.07037,0.0,True,False
scam_0287_0692411661_044_ca0_scam04287_aurent_______________01p01.wav,wider_3p5sigma,True,True,0.07037,0.07037,0.0,True,False
scam_0287_0692411661_044_ca0_scam04287_aurent_______________01p01.wav,wider_3sigma,True,True,0.07037,0.07037,0.0,True,False
scam_0287_0692411661_044_ca0_scam04287_aurent_______________01p01.wav,very_wide_soft,True,True,0.06005,0.06005,0.0,True,False
scam_0287_0692411853_962_ca0_scam04287_aurent_______________02p01.wav,original,True,True,0.07035,0.07035,0.0,True,False
scam_0287_0692411853_962_ca0_scam04287_aurent_______________02p01.wav,wider_3p5sigma,True,True,0.07035,0.07035,0.0,True,False
scam_0287_0692411853_962_ca0_scam04287_aurent_______________02p01.wav,wider_3sigma,True,True,0.07035,0.07035,0.0,True,False
scam_0287_0692411853_962_ca0_scam04287_aurent_______________02p01.wav,very_wide_soft,True,False,0.07031,0.07037,0.060000000000000005,False,False
scam_0287_0692414330_040_ca0_scam05287_castiglione__________01p01.wav,original,True,True,0.06951,0.07016,0.65,False,False
scam_0287_0692414330_040_ca0_scam05287_castiglione__________01p01.wav,wider_3p5sigma,True,True,0.07016,0.07016,0.0,True,False
scam_0287_0692414330_040_ca0_scam05287_castiglione__________01p01.wav,wider_3sigma,True,True,0.07016,0.07016,0.0,True,False
scam_0287_0692414330_040_ca0_scam05287_castiglione__________01p01.wav,very_wide_soft,True,False,0.07012,0.0702,0.08,False,False
scam_0302_0693766635_842_ca0_scam07302_monts_du_cheval_blan_01p01.wav,original,True,True,0.07046,0.07046,0.0,True,False
scam_0302_0693766635_842_ca0_scam07302_monts_du_cheval_blan_01p01.wav,wider_3p5sigma,True,True,0.07046,0.07046,0.0,True,False
scam_0302_0693766635_842_ca0_scam07302_monts_du_cheval_blan_01p01.wav,wider_3sigma,True,True,0.07046,0.07046,0.0,True,False
scam_0302_0693766635_842_ca0_scam07302_monts_du_cheval_blan_01p01.wav,very_wide_soft,True,True,0.06023,0.06023,0.0,True,False
scam_0302_0693766731_810_ca0_scam07302_monts_du_cheval_blan_02p01.wav,original,True,True,0.07047,0.07047,0.0,True,False
scam_0302_0693766731_810_ca0_scam07302_monts_du_cheval_blan_02p01.wav,wider_3p5sigma,True,True,0.07047,0.07047,0.0,True,False
scam_0302_0693766731_810_ca0_scam07302_monts_du_cheval_blan_02p01.wav,wider_3sigma,True,True,0.07047,0.07047,0.0,True,False
scam_0302_0693766731_810_ca0_scam07302_monts_du_cheval_blan_02p01.wav,very_wide_soft,True,False,0.05997,0.06002,0.05,False,False
scam_0309_0694365855_967_ca0_scam04309_riez_________________01p01.wav,original,True,True,0.07505,0.07546,0.41,False,False
scam_0309_0694365855_967_ca0_scam04309_riez_________________01p01.wav,wider_3p5sigma,False,True,,,,,
scam_0309_0694365855_967_ca0_scam04309_riez_________________01p01.wav,wider_3sigma,False,True,,,,,
scam_0309_0694365855_967_ca0_scam04309_riez_________________01p01.wav,very_wide_soft,True,False,0.06217,0.06223,0.060000000000000005,False,False
scam_0313_0694724321_603_ca0_scam01313_bessons______________01p01.wav,original,True,True,0.07205,0.07205,0.0,True,False
scam_0313_0694724321_603_ca0_scam01313_bessons______________01p01.wav,wider_3p5sigma,False,True,,,,,
scam_0313_0694724321_603_ca0_scam01313_bessons______________01p01.wav,wider_3sigma,False,True,,,,,
scam_0313_0694724321_603_ca0_scam01313_bessons______________01p01.wav,very_wide_soft,True,False,0.06023,0.06032,0.09000000000000001,False,False
scam_0324_0695701995_789_ca0_scam01324_tourtour_____________02p01.wav,original,True,True,0.07346,0.07387,0.41,False,False
scam_0324_0695701995_789_ca0_scam01324_tourtour_____________02p01.wav,wider_3p5sigma,True,False,0.07347,0.07387,0.4,False,False
scam_0324_0695701995_789_ca0_scam01324_tourtour_____________02p01.wav,wider_3sigma,True,False,0.07347,0.07387,0.4,False,False
scam_0324_0695701995_789_ca0_scam01324_tourtour_____________02p01.wav,very_wide_soft,True,True,0.05914,0.06142,2.28,False,False
scam_0324_0695706092_522_ca0_scam04324_gourdon______________01p01.wav,original,True,True,0.07167,0.07167,0.0,True,False
scam_0324_0695706092_522_ca0_scam04324_gourdon______________01p01.wav,wider_3p5sigma,False,True,,,,,
scam_0324_0695706092_522_ca0_scam04324_gourdon______________01p01.wav,wider_3sigma,True,True,0.07167,0.07167,0.0,True,False
scam_0324_0695706092_522_ca0_scam04324_gourdon______________01p01.wav,very_wide_soft,True,False,0.06114,0.06126,0.12000000000000001,False,False
scam_0338_0696944487_786_ca0_scam05338_calandre_338_________01p01.wav,original,True,True,0.07743,0.07743,0.0,True,False
scam_0338_0696944487_786_ca0_scam05338_calandre_338_________01p01.wav,wider_3p5sigma,True,True,0.07743,0.07743,0.0,True,False
scam_0338_0696944487_786_ca0_scam05338_calandre_338_________01p01.wav,wider_3sigma,True,True,0.07743,0.07743,0.0,True,False
scam_0338_0696944487_786_ca0_scam05338_calandre_338_________01p01.wav,very_wide_soft,True,True,0.06005,0.06005,0.0,True,False
scam_0338_0696944536_824_ca0_scam05338_calandre_338_________02p01.wav,original,True,True,0.07743,0.07743,0.0,True,False
scam_0338_0696944536_824_ca0_scam05338_calandre_338_________02p01.wav,wider_3p5sigma,True,True,0.07353,0.07743,3.9,False,False
scam_0338_0696944536_824_ca0_scam05338_calandre_338_________02p01.wav,wider_3sigma,True,True,0.07353,0.07743,3.9,False,False
scam_0338_0696944536_824_ca0_scam05338_calandre_338_________02p01.wav,very_wide_soft,True,False,0.07739,0.07746,0.06999999999999999,False,False
scam_0349_0697921615_569_ca0_scam01349_blache_______________02p01.wav,original,True,True,0.07069,0.07069,0.0,True,False
scam_0349_0697921615_569_ca0_scam01349_blache_______________02p01.wav,wider_3p5sigma,True,True,0.07069,0.07069,0.0,True,False
scam_0349_0697921615_569_ca0_scam01349_blache_______________02p01.wav,wider_3sigma,True,True,0.07069,0.07069,0.0,True,False
scam_0349_0697921615_569_ca0_scam01349_blache_______________02p01.wav,very_wide_soft,True,False,0.06075,0.0608,0.05,False,False
scam_0361_0698983318_603_ca0_scam01361_naanazwod____________01p01.wav,original,True,True,0.07427,0.07591,1.64,False,False
scam_0361_0698983318_603_ca0_scam01361_naanazwod____________01p01.wav,wider_3p5sigma,True,True,0.0743,0.07591,1.61,False,False
scam_0361_0698983318_603_ca0_scam01361_naanazwod____________01p01.wav,wider_3sigma,True,True,0.0743,0.07591,1.61,False,False
scam_0361_0698983318_603_ca0_scam01361_naanazwod____________01p01.wav,very_wide_soft,True,False,0.05929,0.05934,0.05,False,False
scam_0361_0698983364_602_ca0_scam01361_naanazwod____________02p01.wav,original,True,True,0.07403,0.07592,1.89,False,False
scam_0361_0698983364_602_ca0_scam01361_naanazwod____________02p01.wav,wider_3p5sigma,True,True,0.07438,0.07592,1.5399999999999998,False,False
scam_0361_0698983364_602_ca0_scam01361_naanazwod____________02p01.wav,wider_3sigma,True,True,0.07447,0.07592,1.45,False,False
scam_0361_0698983364_602_ca0_scam01361_naanazwod____________02p01.wav,very_wide_soft,True,True,0.05901,0.05901,0.0,True,False
scam_0108_0676523622_180_ca0_scam01108_jih__________________02p01.wav,original,False,True,,,,,
scam_0108_0676523622_180_ca0_scam01108_jih__________________02p01.wav,wider_3p5sigma,True,False,0.08256,0.08296,0.4,False,False
scam_0108_0676523622_180_ca0_scam01108_jih__________________02p01.wav,wider_3sigma,True,False,0.08255,0.08296,0.41,False,False
scam_0108_0676523622_180_ca0_scam01108_jih__________________02p01.wav,very_wide_soft,True,True,0.06081,0.06081,0.0,True,False
scam_0110_0676702998_588_ca0_scam03110_naakih_tsaadah_______01p01.wav,original,False,True,,,,,
scam_0110_0676702998_588_ca0_scam03110_naakih_tsaadah_______01p01.wav,wider_3p5sigma,True,True,0.0798,0.08151,1.71,False,False
scam_0110_0676702998_588_ca0_scam03110_naakih_tsaadah_______01p01.wav,wider_3sigma,True,True,0.0798,0.08151,1.71,False,False
scam_0110_0676702998_588_ca0_scam03110_naakih_tsaadah_______01p01.wav,very_wide_soft,True,False,0.0814,0.0815,0.1,False,False
scam_0113_0676966786_559_ca0_scam01113_mussih_______________01p01.wav,original,False,True,,,,,
scam_0113_0676966786_559_ca0_scam01113_mussih_______________01p01.wav,wider_3p5sigma,False,True,,,,,
scam_0113_0676966786_559_ca0_scam01113_mussih_______________01p01.wav,wider_3sigma,False,True,,,,,
scam_0113_0676966786_559_ca0_scam01113_mussih_______________01p01.wav,very_wide_soft,False,True,,,,,
scam_0113_0676966938_600_ca0_scam01113_mussih_______________02p01.wav,original,False,True,,,,,
scam_0113_0676966938_600_ca0_scam01113_mussih_______________02p01.wav,wider_3p5sigma,False,True,,,,,
scam_0113_0676966938_600_ca0_scam01113_mussih_______________02p01.wav,wider_3sigma,False,True,,,,,
scam_0113_0676966938_600_ca0_scam01113_mussih_______________02p01.wav,very_wide_soft,False,True,,,,,
scam_0127_0678209085_589_ca0_scam01127_kad__________________01p01.wav,original,False,True,,,,,
scam_0127_0678209085_589_ca0_scam01127_kad__________________01p01.wav,wider_3p5sigma,True,False,0.07819,0.07825,0.060000000000000005,False,False
scam_0127_0678209085_589_ca0_scam01127_kad__________________01p01.wav,wider_3sigma,True,False,0.0782,0.07825,0.05,False,False
scam_0127_0678209085_589_ca0_scam01127_kad__________________01p01.wav,very_wide_soft,True,False,0.0782,0.07828,0.08,False,False
scam_0131_0678564491_671_ca0_scam04131_cheval_blanc_________01p01.wav,original,False,True,,,,,
scam_0131_0678564491_671_ca0_scam04131_cheval_blanc_________01p01.wav,wider_3p5sigma,True,True,0.07911,0.07911,0.0,True,False
scam_0131_0678564491_671_ca0_scam04131_cheval_blanc_________01p01.wav,wider_3sigma,True,False,0.07906,0.07911,0.05,False,False
scam_0131_0678564491_671_ca0_scam04131_cheval_blanc_________01p01.wav,very_wide_soft,True,False,0.05948,0.05953,0.05,False,False
scam_0131_0678564646_684_ca0_scam04131_cheval_blanc_________02p01.wav,original,False,True,,,,,
scam_0131_0678564646_684_ca0_scam04131_cheval_blanc_________02p01.wav,wider_3p5sigma,True,True,0.07815,0.07905,0.9,False,False
scam_0131_0678564646_684_ca0_scam04131_cheval_blanc_________02p01.wav,wider_3sigma,True,False,0.07816,0.07905,0.8899999999999999,False,False
scam_0131_0678564646_684_ca0_scam04131_cheval_blanc_________02p01.wav,very_wide_soft,True,False,0.07829,0.07909,0.8,False,False
scam_0147_0679984828_603_ca0_scam04147_pepin________________01p01.wav,original,False,True,,,,,
scam_0147_0679984828_603_ca0_scam04147_pepin________________01p01.wav,wider_3p5sigma,False,True,,,,,
scam_0147_0679984828_603_ca0_scam04147_pepin________________01p01.wav,wider_3sigma,False,True,,,,,
scam_0147_0679984828_603_ca0_scam04147_pepin________________01p01.wav,very_wide_soft,True,True,0.06082,0.06082,0.0,True,False
scam_0181_0683003225_821_ca0_scam01181_manior_______________02p01.wav,original,False,True,,,,,
scam_0181_0683003225_821_ca0_scam01181_manior_______________02p01.wav,wider_3p5sigma,True,True,0.06965,0.06965,0.0,True,False
scam_0181_0683003225_821_ca0_scam01181_manior_______________02p01.wav,wider_3sigma,True,True,0.06965,0.06965,0.0,True,False
scam_0181_0683003225_821_ca0_scam01181_manior_______________02p01.wav,very_wide_soft,True,True,0.05853,0.05853,0.0,True,False
scam_0183_0683183544_821_ca0_scam01183_sauzeries_hautes_____01p01.wav,original,False,True,,,,,
scam_0183_0683183544_821_ca0_scam01183_sauzeries_hautes_____01p01.wav,wider_3p5sigma,False,True,,,,,
scam_0183_0683183544_821_ca0_scam01183_sauzeries_hautes_____01p01.wav,wider_3sigma,False,True,,,,,
scam_0183_0683183544_821_ca0_scam01183_sauzeries_hautes_____01p01.wav,very_wide_soft,True,True,0.0588,0.0588,0.0,True,False
scam_0183_0683183736_826_ca0_scam01183_sauzeries_hautes_____02p01.wav,original,False,True,,,,,
scam_0183_0683183736_826_ca0_scam01183_sauzeries_hautes_____02p01.wav,wider_3p5sigma,False,True,,,,,
scam_0183_0683183736_826_ca0_scam01183_sauzeries_hautes_____02p01.wav,wider_3sigma,False,True,,,,,
scam_0183_0683183736_826_ca0_scam01183_sauzeries_hautes_____02p01.wav,very_wide_soft,True,True,0.06081,0.06081,0.0,True,False
scam_0183_0683186320_932_ca0_scam02183_sauzeries_basses_____01p01.wav,original,False,True,,,,,
scam_0183_0683186320_932_ca0_scam02183_sauzeries_basses_____01p01.wav,wider_3p5sigma,False,True,,,,,
scam_0183_0683186320_932_ca0_scam02183_sauzeries_basses_____01p01.wav,wider_3sigma,False,True,,,,,
scam_0183_0683186320_932_ca0_scam02183_sauzeries_basses_____01p01.wav,very_wide_soft,True,False,0.05842,0.0589,0.48000000000000004,False,False
scam_0183_0683186485_901_ca0_scam02183_sauzeries_basses_____02p01.wav,original,False,True,,,,,
scam_0183_0683186485_901_ca0_scam02183_sauzeries_basses_____02p01.wav,wider_3p5sigma,False,True,,,,,
scam_0183_0683186485_901_ca0_scam02183_sauzeries_basses_____02p01.wav,wider_3sigma,False,True,,,,,
scam_0183_0683186485_901_ca0_scam02183_sauzeries_basses_____02p01.wav,very_wide_soft,True,False,0.06119,0.06126,0.06999999999999999,False,False
scam_0184_0683272998_853_ca0_scam03184_sauze________________02p01.wav,original,False,True,,,,,
scam_0184_0683272998_853_ca0_scam03184_sauze________________02p01.wav,wider_3p5sigma,False,True,,,,,
scam_0184_0683272998_853_ca0_scam03184_sauze________________02p01.wav,wider_3sigma,False,True,,,,,
scam_0184_0683272998_853_ca0_scam03184_sauze________________02p01.wav,very_wide_soft,False,True,,,,,
scam_0201_0684779623_772_ca0_scam01201_digne________________01p01.wav,original,False,True,,,,,
scam_0201_0684779623_772_ca0_scam01201_digne________________01p01.wav,wider_3p5sigma,True,True,0.07715,0.07937,2.22,False,False
scam_0201_0684779623_772_ca0_scam01201_digne________________01p01.wav,wider_3sigma,True,True,0.07716,0.07937,2.21,False,False
scam_0201_0684779623_772_ca0_scam01201_digne________________01p01.wav,very_wide_soft,False,True,,,,,
scam_0213_0685844643_151_ca0_scam04213_moustiers_sainte_mar_01p01.wav,original,False,True,,,,,
scam_0213_0685844643_151_ca0_scam04213_moustiers_sainte_mar_01p01.wav,wider_3p5sigma,False,True,,,,,
scam_0213_0685844643_151_ca0_scam04213_moustiers_sainte_mar_01p01.wav,wider_3sigma,False,True,,,,,
scam_0213_0685844643_151_ca0_scam04213_moustiers_sainte_mar_01p01.wav,very_wide_soft,True,True,0.07575,0.08323,7.4799999999999995,False,False
scam_0242_0688418039_588_ca0_scam04242_pal__________________02p01.wav,original,False,True,,,,,
scam_0242_0688418039_588_ca0_scam04242_pal__________________02p01.wav,wider_3p5sigma,False,True,,,,,
scam_0242_0688418039_588_ca0_scam04242_pal__________________02p01.wav,wider_3sigma,False,True,,,,,
scam_0242_0688418039_588_ca0_scam04242_pal__________________02p01.wav,very_wide_soft,True,True,0.06004,0.06137,1.33,False,False
scam_0242_0688420559_670_ca0_scam05242_nans_________________01p01.wav,original,False,True,,,,,
scam_0242_0688420559_670_ca0_scam05242_nans_________________01p01.wav,wider_3p5sigma,False,True,,,,,
scam_0242_0688420559_670_ca0_scam05242_nans_________________01p01.wav,wider_3sigma,False,True,,,,,
scam_0242_0688420559_670_ca0_scam05242_nans_________________01p01.wav,very_wide_soft,True,True,0.05821,0.06071,2.5,False,False
scam_0242_0688420722_703_ca0_scam05242_nans_________________02p01.wav,original,False,True,,,,,
scam_0242_0688420722_703_ca0_scam05242_nans_________________02p01.wav,wider_3p5sigma,False,True,,,,,
scam_0242_0688420722_703_ca0_scam05242_nans_________________02p01.wav,wider_3sigma,False,True,,,,,
scam_0242_0688420722_703_ca0_scam05242_nans_________________02p01.wav,very_wide_soft,False,True,,,,,
scam_0246_0688773232_591_ca0_scam01246_amignon______________01p01.wav,original,False,True,,,,,
scam_0246_0688773232_591_ca0_scam01246_amignon______________01p01.wav,wider_3p5sigma,False,True,,,,,
scam_0246_0688773232_591_ca0_scam01246_amignon______________01p01.wav,wider_3sigma,False,True,,,,,
scam_0246_0688773232_591_ca0_scam01246_amignon______________01p01.wav,very_wide_soft,False,True,,,,,
scam_0250_0689128711_062_ca0_scam01250_hotel________________01p01.wav,original,False,True,,,,,
scam_0250_0689128711_062_ca0_scam01250_hotel________________01p01.wav,wider_3p5sigma,True,False,0.07795,0.07843,0.48000000000000004,False,False
scam_0250_0689128711_062_ca0_scam01250_hotel________________01p01.wav,wider_3sigma,True,False,0.06648,0.06665,0.17,False,False
scam_0250_0689128711_062_ca0_scam01250_hotel________________01p01.wav,very_wide_soft,True,False,0.07838,0.07843,0.05,False,False
scam_0250_0689128907_101_ca0_scam01250_hotel________________02p01.wav,original,False,True,,,,,
scam_0250_0689128907_101_ca0_scam01250_hotel________________02p01.wav,wider_3p5sigma,True,True,0.07594,0.0787,2.76,False,False
scam_0250_0689128907_101_ca0_scam01250_hotel________________02p01.wav,wider_3sigma,True,True,0.07596,0.0787,2.7399999999999998,False,False
scam_0250_0689128907_101_ca0_scam01250_hotel________________02p01.wav,very_wide_soft,True,False,0.05985,0.05996,0.11,False,False
scam_0250_0689145560_077_ca0_scam04250_villeneuve___________01p01.wav,original,False,True,,,,,
scam_0250_0689145560_077_ca0_scam04250_villeneuve___________01p01.wav,wider_3p5sigma,False,True,,,,,
scam_0250_0689145560_077_ca0_scam04250_villeneuve___________01p01.wav,wider_3sigma,False,True,,,,,
scam_0250_0689145560_077_ca0_scam04250_villeneuve___________01p01.wav,very_wide_soft,True,True,0.06363,0.06363,0.0,True,False
scam_0250_0689145702_059_ca0_scam04250_villeneuve___________02p01.wav,original,False,True,,,,,
scam_0250_0689145702_059_ca0_scam04250_villeneuve___________02p01.wav,wider_3p5sigma,True,False,0.0665,0.06706,0.5599999999999999,False,False
scam_0250_0689145702_059_ca0_scam04250_villeneuve___________02p01.wav,wider_3sigma,True,False,0.06643,0.06706,0.63,False,False
scam_0250_0689145702_059_ca0_scam04250_villeneuve___________02p01.wav,very_wide_soft,True,False,0.06636,0.06708,0.7200000000000001,False,False
scam_0274_0691261308_479_ca0_scam01274_melle________________01p01.wav,original,False,True,,,,,
scam_0274_0691261308_479_ca0_scam01274_melle________________01p01.wav,wider_3p5sigma,False,True,,,,,
scam_0274_0691261308_479_ca0_scam01274_melle________________01p01.wav,wider_3sigma,True,False,0.07977,0.08008,0.31,False,False
scam_0274_0691261308_479_ca0_scam01274_melle________________01p01.wav,very_wide_soft,False,True,,,,,
scam_0274_0691263225_224_ca0_scam03274_chasteuil____________01p01.wav,original,False,True,,,,,
scam_0274_0691263225_224_ca0_scam03274_chasteuil____________01p01.wav,wider_3p5sigma,False,True,,,,,
scam_0274_0691263225_224_ca0_scam03274_chasteuil____________01p01.wav,wider_3sigma,False,True,,,,,
scam_0274_0691263225_224_ca0_scam03274_chasteuil____________01p01.wav,very_wide_soft,False,True,,,,,
scam_0274_0691263402_243_ca0_scam03274_chasteuil____________02p01.wav,original,False,True,,,,,
scam_0274_0691263402_243_ca0_scam03274_chasteuil____________02p01.wav,wider_3p5sigma,False,True,,,,,
scam_0274_0691263402_243_ca0_scam03274_chasteuil____________02p01.wav,wider_3sigma,False,True,,,,,
scam_0274_0691263402_243_ca0_scam03274_chasteuil____________02p01.wav,very_wide_soft,True,False,0.0608,0.06127,0.47,False,False
scam_0312_0694632787_748_ca0_scam01312_riolan_312___________02p01.wav,original,False,True,,,,,
scam_0312_0694632787_748_ca0_scam01312_riolan_312___________02p01.wav,wider_3p5sigma,False,True,,,,,
scam_0312_0694632787_748_ca0_scam01312_riolan_312___________02p01.wav,wider_3sigma,True,False,0.07929,0.07958,0.29,False,False
scam_0312_0694632787_748_ca0_scam01312_riolan_312___________02p01.wav,very_wide_soft,True,True,0.06081,0.06081,0.0,True,False
scam_0328_0696057994_287_ca0_scam05328_brusquet_____________01p01.wav,original,False,True,,,,,
scam_0328_0696057994_287_ca0_scam05328_brusquet_____________01p01.wav,wider_3p5sigma,False,True,,,,,
scam_0328_0696057994_287_ca0_scam05328_brusquet_____________01p01.wav,wider_3sigma,False,True,,,,,
scam_0328_0696057994_287_ca0_scam05328_brusquet_____________01p01.wav,very_wide_soft,True,False,0.06079,0.06126,0.47,False,False
scam_0328_0696058027_273_ca0_scam05328_brusquet_____________02p01.wav,original,False,True,,,,,
scam_0328_0696058027_273_ca0_scam05328_brusquet_____________02p01.wav,wider_3p5sigma,False,True,,,,,
scam_0328_0696058027_273_ca0_scam05328_brusquet_____________02p01.wav,wider_3sigma,False,True,,,,,
scam_0328_0696058027_273_ca0_scam05328_brusquet_____________02p01.wav,very_wide_soft,False,True,,,,,
scam_0335_0696680688_405_ca0_scam01335_chabran______________01p01.wav,original,False,True,,,,,
scam_0335_0696680688_405_ca0_scam01335_chabran______________01p01.wav,wider_3p5sigma,False,True,,,,,
scam_0335_0696680688_405_ca0_scam01335_chabran______________01p01.wav,wider_3sigma,False,True,,,,,
scam_0335_0696680688_405_ca0_scam01335_chabran______________01p01.wav,very_wide_soft,False,True,,,,,
scam_0335_0696680738_320_ca0_scam01335_chabran______________02p01.wav,original,False,True,,,,,
scam_0335_0696680738_320_ca0_scam01335_chabran______________02p01.wav,wider_3p5sigma,False,True,,,,,
scam_0335_0696680738_320_ca0_scam01335_chabran______________02p01.wav,wider_3sigma,False,True,,,,,
scam_0335_0696680738_320_ca0_scam01335_chabran______________02p01.wav,very_wide_soft,True,True,0.06082,0.06082,0.0,True,False
scam_0343_0697389227_661_ca0_scam02343_chanolles____________01p01.wav,original,False,True,,,,,
scam_0343_0697389227_661_ca0_scam02343_chanolles____________01p01.wav,wider_3p5sigma,False,True,,,,,
scam_0343_0697389227_661_ca0_scam02343_chanolles____________01p01.wav,wider_3sigma,False,True,,,,,
scam_0343_0697389227_661_ca0_scam02343_chanolles____________01p01.wav,very_wide_soft,True,False,0.05831,0.05838,0.06999999999999999,False,False
scam_0343_0697389276_654_ca0_scam02343_chanolles____________02p01.wav,original,False,True,,,,,
scam_0343_0697389276_654_ca0_scam02343_chanolles____________02p01.wav,wider_3p5sigma,False,True,,,,,
scam_0343_0697389276_654_ca0_scam02343_chanolles____________02p01.wav,wider_3sigma,False,True,,,,,
scam_0343_0697389276_654_ca0_scam02343_chanolles____________02p01.wav,very_wide_soft,False,True,,,,,
