File Name,Expected Time (s),Found,Flagged,Onset (s),Peak Time (s),Lag (ms),Forced Peak
scam_0071_0673238158_718_ca0_scam05071_hadahastsaa__________01p01.wav,0.06,True,True,0.06003,0.06003,0.0,True
scam_0071_0673238158_718_ca0_scam05071_hadahastsaa__________01p01.wav,0.065,True,True,0.06003,0.06003,0.0,True
scam_0071_0673238158_718_ca0_scam05071_hadahastsaa__________01p01.wav,0.07,True,True,0.07141,0.07141,0.0,True
scam_0071_0673238158_718_ca0_scam05071_hadahastsaa__________01p01.wav,0.073,True,True,0.07141,0.07141,0.0,True
scam_0071_0673238158_718_ca0_scam05071_hadahastsaa__________01p01.wav,0.076,True,True,0.06946,0.07141,1.95,False
scam_0071_0673238158_718_ca0_scam05071_hadahastsaa__________01p01.wav,0.08,False,True,,,,
scam_0071_0673238158_718_ca0_scam05071_hadahastsaa__________01p01.wav,0.085,True,True,0.08286,0.08286,0.0,True
scam_0089_0674854082_617_ca0_scam01089_taa-ihaaih___________01p01.wav,0.06,True,False,0.05639,0.0565,0.11,False
scam_0089_0674854082_617_ca0_scam01089_taa-ihaaih___________01p01.wav,0.065,False,True,,,,
scam_0089_0674854082_617_ca0_scam01089_taa-ihaaih___________01p01.wav,0.07,True,True,0.07301,0.07457,1.56,False
scam_0089_0674854082_617_ca0_scam01089_taa-ihaaih___________01p01.wav,0.073,True,True,0.07301,0.07457,1.56,False
scam_0089_0674854082_617_ca0_scam01089_taa-ihaaih___________01p01.wav,0.076,True,True,0.07301,0.07457,1.56,False
scam_0089_0674854082_617_ca0_scam01089_taa-ihaaih___________01p01.wav,0.08,True,True,0.07291,0.07457,1.66,False
scam_0089_0674854082_617_ca0_scam01089_taa-ihaaih___________01p01.wav,0.085,False,True,,,,
scam_0104_0676170543_585_ca0_scam05104_ad_ees_eez___________01p01.wav,0.06,True,True,0.0561,0.06194,5.84,False
scam_0104_0676170543_585_ca0_scam05104_ad_ees_eez___________01p01.wav,0.065,True,True,0.05706,0.06194,4.88,False
scam_0104_0676170543_585_ca0_scam05104_ad_ees_eez___________01p01.wav,0.07,True,True,0.07473,0.07711,2.3800000000000003,False
scam_0104_0676170543_585_ca0_scam05104_ad_ees_eez___________01p01.wav,0.073,True,True,0.07473,0.07711,2.3800000000000003,False
scam_0104_0676170543_585_ca0_scam05104_ad_ees_eez___________01p01.wav,0.076,True,True,0.07473,0.07711,2.3800000000000003,False
scam_0104_0676170543_585_ca0_scam05104_ad_ees_eez___________01p01.wav,0.08,True,True,0.07471,0.07711,2.4,False
scam_0104_0676170543_585_ca0_scam05104_ad_ees_eez___________01p01.wav,0.085,True,False,0.077,0.07711,0.11,False
scam_0110_0676703142_539_ca0_scam03110_naakih_tsaadah_______02p01.wav,0.06,True,False,0.05798,0.05806,0.08,False
scam_0110_0676703142_539_ca0_scam03110_naakih_tsaadah_______02p01.wav,0.065,True,False,0.058,0.05806,0.060000000000000005,False
scam_0110_0676703142_539_ca0_scam03110_naakih_tsaadah_______02p01.wav,0.07,False,True,,,,
scam_0110_0676703142_539_ca0_scam03110_naakih_tsaadah_______02p01.wav,0.073,False,True,,,,
scam_0110_0676703142_539_ca0_scam03110_naakih_tsaadah_______02p01.wav,0.076,True,True,0.07569,0.08169,6.0,False
scam_0110_0676703142_539_ca0_scam03110_naakih_tsaadah_______02p01.wav,0.08,True,True,0.07569,0.08169,6.0,False
scam_0110_0676703142_539_ca0_scam03110_naakih_tsaadah_______02p01.wav,0.085,False,True,,,,
scam_0113_0676966786_559_ca0_scam01113_mussih_______________01p01.wav,0.06,True,True,0.05231,0.0535,1.1900000000000002,False
scam_0113_0676966786_559_ca0_scam01113_mussih_______________01p01.wav,0.065,False,True,,,,
scam_0113_0676966786_559_ca0_scam01113_mussih_______________01p01.wav,0.07,False,True,,,,
scam_0113_0676966786_559_ca0_scam01113_mussih_______________01p01.wav,0.073,False,True,,,,
scam_0113_0676966786_559_ca0_scam01113_mussih_______________01p01.wav,0.076,True,True,0.06833,0.06833,0.0,True
scam_0113_0676966786_559_ca0_scam01113_mussih_______________01p01.wav,0.08,False,True,,,,
scam_0113_0676966786_559_ca0_scam01113_mussih_______________01p01.wav,0.085,True,False,0.08939,0.08968,0.29,False
scam_0113_0676966938_600_ca0_scam01113_mussih_______________02p01.wav,0.06,True,False,0.05536,0.05541,0.05,False
scam_0113_0676966938_600_ca0_scam01113_mussih_______________02p01.wav,0.065,False,True,,,,
scam_0113_0676966938_600_ca0_scam01113_mussih_______________02p01.wav,0.07,False,True,,,,
scam_0113_0676966938_600_ca0_scam01113_mussih_______________02p01.wav,0.073,False,True,,,,
scam_0113_0676966938_600_ca0_scam01113_mussih_______________02p01.wav,0.076,False,True,,,,
scam_0113_0676966938_600_ca0_scam01113_mussih_______________02p01.wav,0.08,True,False,0.07566,0.07598,0.32,False
scam_0113_0676966938_600_ca0_scam01113_mussih_______________02p01.wav,0.085,True,False,0.08862,0.08912,0.5,False
scam_0131_0678564646_684_ca0_scam04131_cheval_blanc_________02p01.wav,0.06,False,True,,,,
scam_0131_0678564646_684_ca0_scam04131_cheval_blanc_________02p01.wav,0.065,False,True,,,,
scam_0131_0678564646_684_ca0_scam04131_cheval_blanc_________02p01.wav,0.07,False,True,,,,
scam_0131_0678564646_684_ca0_scam04131_cheval_blanc_________02p01.wav,0.073,True,False,0.07816,0.07905,0.8899999999999999,False
scam_0131_0678564646_684_ca0_scam04131_cheval_blanc_________02p01.wav,0.076,True,False,0.07816,0.07905,0.8899999999999999,False
scam_0131_0678564646_684_ca0_scam04131_cheval_blanc_________02p01.wav,0.08,True,False,0.07816,0.07905,0.8899999999999999,False
scam_0131_0678564646_684_ca0_scam04131_cheval_blanc_________02p01.wav,0.085,True,False,0.07806,0.07905,0.99,False
scam_0147_0679984828_603_ca0_scam04147_pepin________________01p01.wav,0.06,True,False,0.05386,0.05391,0.05,False
scam_0147_0679984828_603_ca0_scam04147_pepin________________01p01.wav,0.065,False,True,,,,
scam_0147_0679984828_603_ca0_scam04147_pepin________________01p01.wav,0.07,False,True,,,,
scam_0147_0679984828_603_ca0_scam04147_pepin________________01p01.wav,0.073,False,True,,,,
scam_0147_0679984828_603_ca0_scam04147_pepin________________01p01.wav,0.076,True,True,0.07578,0.07578,0.0,True
scam_0147_0679984828_603_ca0_scam04147_pepin________________01p01.wav,0.08,True,False,0.07536,0.07578,0.42000000000000004,False
scam_0147_0679984828_603_ca0_scam04147_pepin________________01p01.wav,0.085,False,True,,,,
scam_0170_0682026345_821_ca0_scam01170_lattes_______________02p01.wav,0.06,True,True,0.05393,0.05938,5.45,False
scam_0170_0682026345_821_ca0_scam01170_lattes_______________02p01.wav,0.065,False,True,,,,
scam_0170_0682026345_821_ca0_scam01170_lattes_______________02p01.wav,0.07,True,False,0.07485,0.07555,0.7,False
scam_0170_0682026345_821_ca0_scam01170_lattes_______________02p01.wav,0.073,True,False,0.07485,0.07555,0.7,False
scam_0170_0682026345_821_ca0_scam01170_lattes_______________02p01.wav,0.076,True,False,0.07485,0.07555,0.7,False
scam_0170_0682026345_821_ca0_scam01170_lattes_______________02p01.wav,0.08,True,False,0.07477,0.07555,0.78,False
scam_0170_0682026345_821_ca0_scam01170_lattes_______________02p01.wav,0.085,False,True,,,,
scam_0183_0683183544_821_ca0_scam01183_sauzeries_hautes_____01p01.wav,0.06,True,True,0.05333,0.05879,5.46,False
scam_0183_0683183544_821_ca0_scam01183_sauzeries_hautes_____01p01.wav,0.065,True,True,0.05879,0.05879,0.0,True
scam_0183_0683183544_821_ca0_scam01183_sauzeries_hautes_____01p01.wav,0.07,False,True,,,,
scam_0183_0683183544_821_ca0_scam01183_sauzeries_hautes_____01p01.wav,0.073,False,True,,,,
scam_0183_0683183544_821_ca0_scam01183_sauzeries_hautes_____01p01.wav,0.076,True,True,0.07414,0.07414,0.0,True
scam_0183_0683183544_821_ca0_scam01183_sauzeries_hautes_____01p01.wav,0.08,True,False,0.074,0.07414,0.13999999999999999,False
scam_0183_0683183544_821_ca0_scam01183_sauzeries_hautes_____01p01.wav,0.085,True,True,0.0823,0.08618,3.8800000000000003,False
scam_0183_0683183736_826_ca0_scam01183_sauzeries_hautes_____02p01.wav,0.06,True,True,0.05405,0.05405,0.0,True
scam_0183_0683183736_826_ca0_scam01183_sauzeries_hautes_____02p01.wav,0.065,False,True,,,,
scam_0183_0683183736_826_ca0_scam01183_sauzeries_hautes_____02p01.wav,0.07,False,True,,,,
scam_0183_0683183736_826_ca0_scam01183_sauzeries_hautes_____02p01.wav,0.073,False,True,,,,
scam_0183_0683183736_826_ca0_scam01183_sauzeries_hautes_____02p01.wav,0.076,False,True,,,,
scam_0183_0683183736_826_ca0_scam01183_sauzeries_hautes_____02p01.wav,0.08,True,True,0.07559,0.07559,0.0,True
scam_0183_0683183736_826_ca0_scam01183_sauzeries_hautes_____02p01.wav,0.085,True,False,0.0865,0.08659,0.09000000000000001,False
scam_0183_0683186320_932_ca0_scam02183_sauzeries_basses_____01p01.wav,0.06,True,False,0.05814,0.05893,0.79,False
scam_0183_0683186320_932_ca0_scam02183_sauzeries_basses_____01p01.wav,0.065,True,False,0.05838,0.05893,0.55,False
scam_0183_0683186320_932_ca0_scam02183_sauzeries_basses_____01p01.wav,0.07,False,True,,,,
scam_0183_0683186320_932_ca0_scam02183_sauzeries_basses_____01p01.wav,0.073,False,True,,,,
scam_0183_0683186320_932_ca0_scam02183_sauzeries_basses_____01p01.wav,0.076,True,True,0.07065,0.07065,0.0,True
scam_0183_0683186320_932_ca0_scam02183_sauzeries_basses_____01p01.wav,0.08,True,True,0.08021,0.08601,5.8,False
scam_0183_0683186320_932_ca0_scam02183_sauzeries_basses_____01p01.wav,0.085,True,True,0.08021,0.08601,5.8,False
scam_0183_0683186485_901_ca0_scam02183_sauzeries_basses_____02p01.wav,0.06,True,True,0.05662,0.06126,4.64,False
scam_0183_0683186485_901_ca0_scam02183_sauzeries_basses_____02p01.wav,0.065,True,False,0.06118,0.06126,0.08,False
scam_0183_0683186485_901_ca0_scam02183_sauzeries_basses_____02p01.wav,0.07,False,True,,,,
scam_0183_0683186485_901_ca0_scam02183_sauzeries_basses_____02p01.wav,0.073,False,True,,,,
scam_0183_0683186485_901_ca0_scam02183_sauzeries_basses_____02p01.wav,0.076,False,True,,,,
scam_0183_0683186485_901_ca0_scam02183_sauzeries_basses_____02p01.wav,0.08,True,True,0.08621,0.08621,0.0,True
scam_0183_0683186485_901_ca0_scam02183_sauzeries_basses_____02p01.wav,0.085,True,True,0.08621,0.08621,0.0,True
scam_0184_0683272998_853_ca0_scam03184_sauze________________02p01.wav,0.06,True,True,0.05254,0.05602,3.48,False
scam_0184_0683272998_853_ca0_scam03184_sauze________________02p01.wav,0.065,False,True,,,,
scam_0184_0683272998_853_ca0_scam03184_sauze________________02p01.wav,0.07,False,True,,,,
scam_0184_0683272998_853_ca0_scam03184_sauze________________02p01.wav,0.073,True,True,0.07485,0.0807,5.8500000000000005,False
scam_0184_0683272998_853_ca0_scam03184_sauze________________02p01.wav,0.076,True,True,0.07485,0.0807,5.8500000000000005,False
scam_0184_0683272998_853_ca0_scam03184_sauze________________02p01.wav,0.08,True,True,0.07439,0.07637,1.98,False
scam_0184_0683272998_853_ca0_scam03184_sauze________________02p01.wav,0.085,True,True,0.08067,0.08648,5.8100000000000005,False
scam_0211_0685666540_589_ca0_scam04211_penne________________02p01.wav,0.06,True,False,0.06084,0.06128,0.44,False
scam_0211_0685666540_589_ca0_scam04211_penne________________02p01.wav,0.065,True,True,0.05937,0.05937,0.0,True
scam_0211_0685666540_589_ca0_scam04211_penne________________02p01.wav,0.07,True,True,0.06884,0.06991,1.07,False
scam_0211_0685666540_589_ca0_scam04211_penne________________02p01.wav,0.073,True,True,0.06883,0.06991,1.08,False
scam_0211_0685666540_589_ca0_scam04211_penne________________02p01.wav,0.076,True,True,0.06879,0.06991,1.1199999999999999,False
scam_0211_0685666540_589_ca0_scam04211_penne________________02p01.wav,0.08,False,True,,,,
scam_0211_0685666540_589_ca0_scam04211_penne________________02p01.wav,0.085,True,True,0.08702,0.08702,0.0,True
scam_0213_0685844643_151_ca0_scam04213_moustiers_sainte_mar_01p01.wav,0.06,True,True,0.05419,0.05419,0.0,True
scam_0213_0685844643_151_ca0_scam04213_moustiers_sainte_mar_01p01.wav,0.065,False,True,,,,
scam_0213_0685844643_151_ca0_scam04213_moustiers_sainte_mar_01p01.wav,0.07,False,True,,,,
scam_0213_0685844643_151_ca0_scam04213_moustiers_sainte_mar_01p01.wav,0.073,False,True,,,,
scam_0213_0685844643_151_ca0_scam04213_moustiers_sainte_mar_01p01.wav,0.076,True,False,0.08297,0.0832,0.23,False
scam_0213_0685844643_151_ca0_scam04213_moustiers_sainte_mar_01p01.wav,0.08,True,False,0.08297,0.0832,0.23,False
scam_0213_0685844643_151_ca0_scam04213_moustiers_sainte_mar_01p01.wav,0.085,True,False,0.08297,0.0832,0.23,False
scam_0239_0688151857_681_ca0_scam01239_cheiron______________01p01.wav,0.06,True,False,0.05366,0.05424,0.58,False
scam_0239_0688151857_681_ca0_scam01239_cheiron______________01p01.wav,0.065,True,True,0.06915,0.07198,2.83,False
scam_0239_0688151857_681_ca0_scam01239_cheiron______________01p01.wav,0.07,True,True,0.06915,0.07198,2.83,False
scam_0239_0688151857_681_ca0_scam01239_cheiron______________01p01.wav,0.073,True,True,0.06915,0.07198,2.83,False
scam_0239_0688151857_681_ca0_scam01239_cheiron______________01p01.wav,0.076,True,True,0.06906,0.07198,2.92,False
scam_0239_0688151857_681_ca0_scam01239_cheiron______________01p01.wav,0.08,True,True,0.07228,0.07228,0.0,True
scam_0239_0688151857_681_ca0_scam01239_cheiron______________01p01.wav,0.085,False,True,,,,
scam_0242_0688417845_578_ca0_scam04242_pal__________________01p01.wav,0.06,True,True,0.0546,0.05892,4.32,False
scam_0242_0688417845_578_ca0_scam04242_pal__________________01p01.wav,0.065,True,False,0.05866,0.05892,0.25999999999999995,False
scam_0242_0688417845_578_ca0_scam04242_pal__________________01p01.wav,0.07,False,True,,,,
scam_0242_0688417845_578_ca0_scam04242_pal__________________01p01.wav,0.073,True,True,0.07372,0.07372,0.0,True
scam_0242_0688417845_578_ca0_scam04242_pal__________________01p01.wav,0.076,True,True,0.07372,0.07372,0.0,True
scam_0242_0688417845_578_ca0_scam04242_pal__________________01p01.wav,0.08,True,False,0.07354,0.07372,0.18000000000000002,False
scam_0242_0688417845_578_ca0_scam04242_pal__________________01p01.wav,0.085,True,True,0.08398,0.08398,0.0,True
scam_0242_0688418039_588_ca0_scam04242_pal__________________02p01.wav,0.06,True,False,0.05231,0.0527,0.39,False
scam_0242_0688418039_588_ca0_scam04242_pal__________________02p01.wav,0.065,True,True,0.06138,0.06138,0.0,True
scam_0242_0688418039_588_ca0_scam04242_pal__________________02p01.wav,0.07,False,True,,,,
scam_0242_0688418039_588_ca0_scam04242_pal__________________02p01.wav,0.073,True,False,0.08017,0.08045,0.27999999999999997,False
scam_0242_0688418039_588_ca0_scam04242_pal__________________02p01.wav,0.076,True,False,0.08017,0.08045,0.27999999999999997,False
scam_0242_0688418039_588_ca0_scam04242_pal__________________02p01.wav,0.08,True,False,0.08017,0.08045,0.27999999999999997,False
scam_0242_0688418039_588_ca0_scam04242_pal__________________02p01.wav,0.085,True,False,0.08006,0.08045,0.39,False
scam_0242_0688420559_670_ca0_scam05242_nans_________________01p01.wav,0.06,True,True,0.05823,0.0607,2.4699999999999998,False
scam_0242_0688420559_670_ca0_scam05242_nans_________________01p01.wav,0.065,True,True,0.05758,0.0607,3.12,False
scam_0242_0688420559_670_ca0_scam05242_nans_________________01p01.wav,0.07,False,True,,,,
scam_0242_0688420559_670_ca0_scam05242_nans_________________01p01.wav,0.073,False,True,,,,
scam_0242_0688420559_670_ca0_scam05242_nans_________________01p01.wav,0.076,False,True,,,,
scam_0242_0688420559_670_ca0_scam05242_nans_________________01p01.wav,0.08,True,True,0.07329,0.07329,0.0,True
scam_0242_0688420559_670_ca0_scam05242_nans_________________01p01.wav,0.085,True,True,0.09092,0.09223,1.31,False
scam_0242_0688420722_703_ca0_scam05242_nans_________________02p01.wav,0.06,True,False,0.05647,0.05655,0.08,False
scam_0242_0688420722_703_ca0_scam05242_nans_________________02p01.wav,0.065,False,True,,,,
scam_0242_0688420722_703_ca0_scam05242_nans_________________02p01.wav,0.07,False,True,,,,
scam_0242_0688420722_703_ca0_scam05242_nans_________________02p01.wav,0.073,True,True,0.07143,0.07143,0.0,True
scam_0242_0688420722_703_ca0_scam05242_nans_________________02p01.wav,0.076,False,True,,,,
scam_0242_0688420722_703_ca0_scam05242_nans_________________02p01.wav,0.08,False,True,,,,
scam_0242_0688420722_703_ca0_scam05242_nans_________________02p01.wav,0.085,True,True,0.08382,0.08382,0.0,True
scam_0246_0688773232_591_ca0_scam01246_amignon______________01p01.wav,0.06,True,False,0.05482,0.05487,0.05,False
scam_0246_0688773232_591_ca0_scam01246_amignon______________01p01.wav,0.065,False,True,,,,
scam_0246_0688773232_591_ca0_scam01246_amignon______________01p01.wav,0.07,False,True,,,,
scam_0246_0688773232_591_ca0_scam01246_amignon______________01p01.wav,0.073,False,True,,,,
scam_0246_0688773232_591_ca0_scam01246_amignon______________01p01.wav,0.076,True,False,0.07783,0.0782,0.37,False
scam_0246_0688773232_591_ca0_scam01246_amignon______________01p01.wav,0.08,True,False,0.07783,0.0782,0.37,False
scam_0246_0688773232_591_ca0_scam01246_amignon______________01p01.wav,0.085,True,False,0.07784,0.0782,0.36000000000000004,False
scam_0250_0689128907_101_ca0_scam01250_hotel________________02p01.wav,0.06,True,False,0.05983,0.05995,0.12000000000000001,False
scam_0250_0689128907_101_ca0_scam01250_hotel________________02p01.wav,0.065,True,False,0.05984,0.05995,0.11,False
scam_0250_0689128907_101_ca0_scam01250_hotel________________02p01.wav,0.07,False,True,,,,
scam_0250_0689128907_101_ca0_scam01250_hotel________________02p01.wav,0.073,True,True,0.07596,0.0787,2.7399999999999998,False
scam_0250_0689128907_101_ca0_scam01250_hotel________________02p01.wav,0.076,True,True,0.07596,0.0787,2.7399999999999998,False
scam_0250_0689128907_101_ca0_scam01250_hotel________________02p01.wav,0.08,True,True,0.07596,0.0787,2.7399999999999998,False
scam_0250_0689128907_101_ca0_scam01250_hotel________________02p01.wav,0.085,True,False,0.0786,0.0787,0.1,False
scam_0250_0689145560_077_ca0_scam04250_villeneuve___________01p01.wav,0.06,True,False,0.05397,0.0544,0.43,False
scam_0250_0689145560_077_ca0_scam04250_villeneuve___________01p01.wav,0.065,False,True,,,,
scam_0250_0689145560_077_ca0_scam04250_villeneuve___________01p01.wav,0.07,False,True,,,,
scam_0250_0689145560_077_ca0_scam04250_villeneuve___________01p01.wav,0.073,False,True,,,,
scam_0250_0689145560_077_ca0_scam04250_villeneuve___________01p01.wav,0.076,False,True,,,,
scam_0250_0689145560_077_ca0_scam04250_villeneuve___________01p01.wav,0.08,False,True,,,,
scam_0250_0689145560_077_ca0_scam04250_villeneuve___________01p01.wav,0.085,True,True,0.08173,0.08173,0.0,True
scam_0250_0689145702_059_ca0_scam04250_villeneuve___________02p01.wav,0.06,True,False,0.05358,0.05452,0.94,False
scam_0250_0689145702_059_ca0_scam04250_villeneuve___________02p01.wav,0.065,True,False,0.06642,0.06706,0.64,False
scam_0250_0689145702_059_ca0_scam04250_villeneuve___________02p01.wav,0.07,True,False,0.06644,0.06706,0.62,False
scam_0250_0689145702_059_ca0_scam04250_villeneuve___________02p01.wav,0.073,True,False,0.0663,0.06706,0.76,False
scam_0250_0689145702_059_ca0_scam04250_villeneuve___________02p01.wav,0.076,False,True,,,,
scam_0250_0689145702_059_ca0_scam04250_villeneuve___________02p01.wav,0.08,False,True,,,,
scam_0250_0689145702_059_ca0_scam04250_villeneuve___________02p01.wav,0.085,False,True,,,,
scam_0274_0691261308_479_ca0_scam01274_melle________________01p01.wav,0.06,True,True,0.05339,0.05714,3.75,False
scam_0274_0691261308_479_ca0_scam01274_melle________________01p01.wav,0.065,True,False,0.05708,0.05714,0.060000000000000005,False
scam_0274_0691261308_479_ca0_scam01274_melle________________01p01.wav,0.07,False,True,,,,
scam_0274_0691261308_479_ca0_scam01274_melle________________01p01.wav,0.073,True,True,0.06697,0.06697,0.0,True
scam_0274_0691261308_479_ca0_scam01274_melle________________01p01.wav,0.076,True,False,0.07977,0.08008,0.31,False
scam_0274_0691261308_479_ca0_scam01274_melle________________01p01.wav,0.08,True,False,0.07977,0.08008,0.31,False
scam_0274_0691261308_479_ca0_scam01274_melle________________01p01.wav,0.085,True,False,0.07964,0.08008,0.44,False
scam_0274_0691261499_530_ca0_scam01274_melle________________02p01.wav,0.06,True,True,0.05481,0.06081,6.0,False
scam_0274_0691261499_530_ca0_scam01274_melle________________02p01.wav,0.065,False,True,,,,
scam_0274_0691261499_530_ca0_scam01274_melle________________02p01.wav,0.07,True,False,0.07661,0.07709,0.48000000000000004,False
scam_0274_0691261499_530_ca0_scam01274_melle________________02p01.wav,0.073,False,True,,,,
scam_0274_0691261499_530_ca0_scam01274_melle________________02p01.wav,0.076,True,False,0.07661,0.07709,0.48000000000000004,False
scam_0274_0691261499_530_ca0_scam01274_melle________________02p01.wav,0.08,True,False,0.07657,0.07709,0.5199999999999999,False
scam_0274_0691261499_530_ca0_scam01274_melle________________02p01.wav,0.085,False,True,,,,
scam_0274_0691263225_224_ca0_scam03274_chasteuil____________01p01.wav,0.06,False,True,,,,
scam_0274_0691263225_224_ca0_scam03274_chasteuil____________01p01.wav,0.065,False,True,,,,
scam_0274_0691263225_224_ca0_scam03274_chasteuil____________01p01.wav,0.07,False,True,,,,
scam_0274_0691263225_224_ca0_scam03274_chasteuil____________01p01.wav,0.073,False,True,,,,
scam_0274_0691263225_224_ca0_scam03274_chasteuil____________01p01.wav,0.076,False,True,,,,
scam_0274_0691263225_224_ca0_scam03274_chasteuil____________01p01.wav,0.08,True,True,0.07541,0.07541,0.0,True
scam_0274_0691263225_224_ca0_scam03274_chasteuil____________01p01.wav,0.085,True,False,0.08552,0.08567,0.15,False
scam_0286_0692324948_436_ca0_scam01286_bezaudun_____________01p01.wav,0.06,True,True,0.06081,0.06081,0.0,True
scam_0286_0692324948_436_ca0_scam01286_bezaudun_____________01p01.wav,0.065,False,True,,,,
scam_0286_0692324948_436_ca0_scam01286_bezaudun_____________01p01.wav,0.07,True,True,0.07625,0.07793,1.6800000000000002,False
scam_0286_0692324948_436_ca0_scam01286_bezaudun_____________01p01.wav,0.073,True,True,0.07625,0.07793,1.6800000000000002,False
scam_0286_0692324948_436_ca0_scam01286_bezaudun_____________01p01.wav,0.076,True,True,0.07625,0.07793,1.6800000000000002,False
scam_0286_0692324948_436_ca0_scam01286_bezaudun_____________01p01.wav,0.08,True,True,0.07624,0.07793,1.6900000000000002,False
scam_0286_0692324948_436_ca0_scam01286_bezaudun_____________01p01.wav,0.085,True,False,0.07753,0.07793,0.4,False
scam_0309_0694365855_967_ca0_scam04309_riez_________________01p01.wav,0.06,True,False,0.05363,0.05369,0.060000000000000005,False
scam_0309_0694365855_967_ca0_scam04309_riez_________________01p01.wav,0.065,True,True,0.06221,0.06221,0.0,True
scam_0309_0694365855_967_ca0_scam04309_riez_________________01p01.wav,0.07,True,False,0.06205,0.06221,0.16,False
scam_0309_0694365855_967_ca0_scam04309_riez_________________01p01.wav,0.073,False,True,,,,
scam_0309_0694365855_967_ca0_scam04309_riez_________________01p01.wav,0.076,True,False,0.07516,0.07546,0.3,False
scam_0309_0694365855_967_ca0_scam04309_riez_________________01p01.wav,0.08,True,True,0.07286,0.07546,2.6,False
scam_0309_0694365855_967_ca0_scam04309_riez_________________01p01.wav,0.085,False,True,,,,
scam_0312_0694632787_748_ca0_scam01312_riolan_312___________02p01.wav,0.06,True,False,0.05454,0.05463,0.09000000000000001,False
scam_0312_0694632787_748_ca0_scam01312_riolan_312___________02p01.wav,0.065,False,True,,,,
scam_0312_0694632787_748_ca0_scam01312_riolan_312___________02p01.wav,0.07,False,True,,,,
scam_0312_0694632787_748_ca0_scam01312_riolan_312___________02p01.wav,0.073,True,True,0.06776,0.06776,0.0,True
scam_0312_0694632787_748_ca0_scam01312_riolan_312___________02p01.wav,0.076,True,False,0.07929,0.07958,0.29,False
scam_0312_0694632787_748_ca0_scam01312_riolan_312___________02p01.wav,0.08,True,False,0.07929,0.07958,0.29,False
scam_0312_0694632787_748_ca0_scam01312_riolan_312___________02p01.wav,0.085,True,True,0.07704,0.07958,2.54,False
scam_0313_0694724321_603_ca0_scam01313_bessons______________01p01.wav,0.06,True,True,0.05544,0.06028,4.84,False
scam_0313_0694724321_603_ca0_scam01313_bessons______________01p01.wav,0.065,True,True,0.06028,0.06028,0.0,True
scam_0313_0694724321_603_ca0_scam01313_bessons______________01p01.wav,0.07,False,True,,,,
scam_0313_0694724321_603_ca0_scam01313_bessons______________01p01.wav,0.073,True,True,0.07205,0.07205,0.0,True
scam_0313_0694724321_603_ca0_scam01313_bessons______________01p01.wav,0.076,True,True,0.07205,0.07205,0.0,True
scam_0313_0694724321_603_ca0_scam01313_bessons______________01p01.wav,0.08,True,True,0.07205,0.07205,0.0,True
scam_0313_0694724321_603_ca0_scam01313_bessons______________01p01.wav,0.085,True,True,0.08054,0.08054,0.0,True
scam_0328_0696058027_273_ca0_scam05328_brusquet_____________02p01.wav,0.06,True,True,0.05511,0.06081,5.7,False
scam_0328_0696058027_273_ca0_scam05328_brusquet_____________02p01.wav,0.065,False,True,,,,
scam_0328_0696058027_273_ca0_scam05328_brusquet_____________02p01.wav,0.07,False,True,,,,
scam_0328_0696058027_273_ca0_scam05328_brusquet_____________02p01.wav,0.073,False,True,,,,
scam_0328_0696058027_273_ca0_scam05328_brusquet_____________02p01.wav,0.076,False,True,,,,
scam_0328_0696058027_273_ca0_scam05328_brusquet_____________02p01.wav,0.08,True,False,0.07725,0.07733,0.08,False
scam_0328_0696058027_273_ca0_scam05328_brusquet_____________02p01.wav,0.085,True,False,0.07709,0.07733,0.24000000000000002,False
scam_0335_0696680688_405_ca0_scam01335_chabran______________01p01.wav,0.06,True,False,0.05433,0.05438,0.05,False
scam_0335_0696680688_405_ca0_scam01335_chabran______________01p01.wav,0.065,False,True,,,,
scam_0335_0696680688_405_ca0_scam01335_chabran______________01p01.wav,0.07,False,True,,,,
scam_0335_0696680688_405_ca0_scam01335_chabran______________01p01.wav,0.073,False,True,,,,
scam_0335_0696680688_405_ca0_scam01335_chabran______________01p01.wav,0.076,False,True,,,,
scam_0335_0696680688_405_ca0_scam01335_chabran______________01p01.wav,0.08,True,True,0.08489,0.08489,0.0,True
scam_0335_0696680688_405_ca0_scam01335_chabran______________01p01.wav,0.085,True,True,0.08489,0.08489,0.0,True
scam_0335_0696680738_320_ca0_scam01335_chabran______________02p01.wav,0.06,True,False,0.05435,0.0544,0.05,False
scam_0335_0696680738_320_ca0_scam01335_chabran______________02p01.wav,0.065,False,True,,,,
scam_0335_0696680738_320_ca0_scam01335_chabran______________02p01.wav,0.07,False,True,,,,
scam_0335_0696680738_320_ca0_scam01335_chabran______________02p01.wav,0.073,True,True,0.06545,0.06545,0.0,True
scam_0335_0696680738_320_ca0_scam01335_chabran______________02p01.wav,0.076,False,True,,,,
scam_0335_0696680738_320_ca0_scam01335_chabran______________02p01.wav,0.08,True,False,0.0852,0.08564,0.44,False
scam_0335_0696680738_320_ca0_scam01335_chabran______________02p01.wav,0.085,True,False,0.0852,0.08564,0.44,False
scam_0343_0697389227_661_ca0_scam02343_chanolles____________01p01.wav,0.06,True,False,0.05536,0.05559,0.23,False
scam_0343_0697389227_661_ca0_scam02343_chanolles____________01p01.wav,0.065,True,False,0.0583,0.0584,0.1,False
scam_0343_0697389227_661_ca0_scam02343_chanolles____________01p01.wav,0.07,False,True,,,,
scam_0343_0697389227_661_ca0_scam02343_chanolles____________01p01.wav,0.073,False,True,,,,
scam_0343_0697389227_661_ca0_scam02343_chanolles____________01p01.wav,0.076,True,False,0.08283,0.08288,0.05,False
scam_0343_0697389227_661_ca0_scam02343_chanolles____________01p01.wav,0.08,True,False,0.08283,0.08288,0.05,False
scam_0343_0697389227_661_ca0_scam02343_chanolles____________01p01.wav,0.085,True,False,0.08283,0.08288,0.05,False
scam_0343_0697389276_654_ca0_scam02343_chanolles____________02p01.wav,0.06,True,False,0.05573,0.05597,0.24000000000000002,False
scam_0343_0697389276_654_ca0_scam02343_chanolles____________02p01.wav,0.065,False,True,,,,
scam_0343_0697389276_654_ca0_scam02343_chanolles____________02p01.wav,0.07,False,True,,,,
scam_0343_0697389276_654_ca0_scam02343_chanolles____________02p01.wav,0.073,False,True,,,,
scam_0343_0697389276_654_ca0_scam02343_chanolles____________02p01.wav,0.076,True,True,0.07888,0.08261,3.73,False
scam_0343_0697389276_654_ca0_scam02343_chanolles____________02p01.wav,0.08,True,True,0.07888,0.08261,3.73,False
scam_0343_0697389276_654_ca0_scam02343_chanolles____________02p01.wav,0.085,True,True,0.07888,0.08261,3.73,False
scam_0361_0698983318_603_ca0_scam01361_naanazwod____________01p01.wav,0.06,True,True,0.05332,0.05932,6.0,False
scam_0361_0698983318_603_ca0_scam01361_naanazwod____________01p01.wav,0.065,True,True,0.05932,0.05932,0.0,True
scam_0361_0698983318_603_ca0_scam01361_naanazwod____________01p01.wav,0.07,True,True,0.0743,0.07591,1.61,False
scam_0361_0698983318_603_ca0_scam01361_naanazwod____________01p01.wav,0.073,True,True,0.0743,0.07591,1.61,False
scam_0361_0698983318_603_ca0_scam01361_naanazwod____________01p01.wav,0.076,True,True,0.0743,0.07591,1.61,False
scam_0361_0698983318_603_ca0_scam01361_naanazwod____________01p01.wav,0.08,True,True,0.07428,0.07591,1.63,False
scam_0361_0698983318_603_ca0_scam01361_naanazwod____________01p01.wav,0.085,False,True,,,,
scam_0361_0698983364_602_ca0_scam01361_naanazwod____________02p01.wav,0.06,True,True,0.05323,0.059,5.77,False
scam_0361_0698983364_602_ca0_scam01361_naanazwod____________02p01.wav,0.065,True,True,0.059,0.059,0.0,True
scam_0361_0698983364_602_ca0_scam01361_naanazwod____________02p01.wav,0.07,True,True,0.07447,0.07592,1.45,False
scam_0361_0698983364_602_ca0_scam01361_naanazwod____________02p01.wav,0.073,True,True,0.07447,0.07592,1.45,False
scam_0361_0698983364_602_ca0_scam01361_naanazwod____________02p01.wav,0.076,True,True,0.07447,0.07592,1.45,False
scam_0361_0698983364_602_ca0_scam01361_naanazwod____________02p01.wav,0.08,True,True,0.07403,0.07592,1.89,False
scam_0361_0698983364_602_ca0_scam01361_naanazwod____________02p01.wav,0.085,False,True,,,,
